/*******************************************************************************
 * Size: 40 px
 * Bpp: 1
 * Opts: --bpp 1 --size 40 --no-compress --stride 1 --align 1 --font NotoSans-Regular.ttf --symbols ¡¢£€¥Š§š©ª«¬­®¯°±²³´µ¶·¸¹º»ŒœŸ ÀÁÂÃÄÅÆÇÈÉÊËÌÍÎÏÐÑÒÓÔÕÖ×ØÙÚÛÜÝÞßàáâãäåæçèéêëìíîïðñòóôõö÷øùúûüýþÿ¤¦¨¼½¾‚ƒ„…†‡ˆ‰‹Ž‘’“”•–—˜™›ž¿ --range 32-126 --format lvgl -o NotoSans_Regular_40_CP_1252_ISO_8859_1_15.c
 ******************************************************************************/

#ifdef __has_include
    #if __has_include("lvgl.h")
        #ifndef LV_LVGL_H_INCLUDE_SIMPLE
            #define LV_LVGL_H_INCLUDE_SIMPLE
        #endif
    #endif
#endif

#ifdef LV_LVGL_H_INCLUDE_SIMPLE
    #include "lvgl.h"
#else
    #include "lvgl/lvgl.h"
#endif



#ifndef NOTOSANS_REGULAR_40_CP_1252_ISO_8859_1_15
#define NOTOSANS_REGULAR_40_CP_1252_ISO_8859_1_15 1
#endif

#if NOTOSANS_REGULAR_40_CP_1252_ISO_8859_1_15

/*-----------------
 *    BITMAPS
 *----------------*/

/*Store the image of the glyphs*/
static LV_ATTRIBUTE_LARGE_CONST const uint8_t glyph_bitmap[] = {
    /* U+0020 " " */
    0x0,

    /* U+0021 "!" */
    0xf7, 0xbd, 0xef, 0x7b, 0xde, 0xf7, 0xbd, 0xef,
    0x7b, 0xde, 0xf7, 0xbd, 0xe0, 0x0, 0x0, 0x77,
    0xff, 0xf7, 0x0,

    /* U+0022 "\"" */
    0xe1, 0xfc, 0x3f, 0x87, 0xf0, 0xee, 0x1d, 0xc3,
    0xb8, 0x77, 0x6, 0xe0, 0xdc, 0x18,

    /* U+0023 "#" */
    0x0, 0x70, 0x70, 0x0, 0x70, 0x70, 0x0, 0x60,
    0x70, 0x0, 0xe0, 0x60, 0x0, 0xe0, 0x60, 0x0,
    0xe0, 0xe0, 0x0, 0xe0, 0xe0, 0x0, 0xe0, 0xe0,
    0x0, 0xc0, 0xe0, 0x3f, 0xff, 0xff, 0x3f, 0xff,
    0xff, 0x3f, 0xff, 0xff, 0x1, 0xc1, 0xc0, 0x1,
    0xc1, 0xc0, 0x1, 0x81, 0x80, 0x3, 0x81, 0x80,
    0x3, 0x83, 0x80, 0x3, 0x83, 0x80, 0xff, 0xff,
    0xfc, 0xff, 0xff, 0xfc, 0xff, 0xff, 0xfc, 0x7,
    0x7, 0x0, 0x7, 0x7, 0x0, 0x7, 0x7, 0x0,
    0x6, 0x7, 0x0, 0x6, 0x6, 0x0, 0xe, 0xe,
    0x0, 0xe, 0xe, 0x0, 0xe, 0xe, 0x0,

    /* U+0024 "$" */
    0x1, 0xc0, 0x0, 0x70, 0x0, 0x1c, 0x0, 0x7,
    0x0, 0xf, 0xfc, 0xf, 0xff, 0xe7, 0xff, 0xf1,
    0xe7, 0x1c, 0xf1, 0xc0, 0x3c, 0x70, 0xf, 0x1c,
    0x3, 0xc7, 0x0, 0xf9, 0xc0, 0x1f, 0x70, 0x7,
    0xfc, 0x0, 0xff, 0x80, 0xf, 0xfc, 0x0, 0xff,
    0xc0, 0x1f, 0xf8, 0x7, 0x3e, 0x1, 0xc7, 0xc0,
    0x70, 0xf0, 0x1c, 0x3c, 0x7, 0xf, 0x1, 0xc7,
    0xf8, 0x77, 0xef, 0xff, 0xf3, 0xff, 0xf8, 0x3f,
    0xf0, 0x0, 0x70, 0x0, 0x1c, 0x0, 0x7, 0x0,
    0x1, 0xc0, 0x0,

    /* U+0025 "%" */
    0x1f, 0x0, 0xe, 0x1, 0xfe, 0x0, 0x70, 0x1f,
    0xf8, 0x7, 0x0, 0xe3, 0xc0, 0x38, 0xf, 0xe,
    0x3, 0x80, 0x70, 0x38, 0x1c, 0x3, 0x81, 0xc1,
    0xc0, 0x1c, 0xe, 0xe, 0x0, 0xe0, 0x70, 0xe0,
    0x7, 0x3, 0x87, 0x0, 0x38, 0x1c, 0x70, 0x1,
    0xc0, 0xe3, 0x9f, 0xe, 0x7, 0x39, 0xfe, 0x38,
    0x73, 0xdf, 0xf9, 0xc7, 0x9c, 0xe3, 0xcf, 0xfd,
    0xef, 0xe, 0x3f, 0xce, 0x70, 0x38, 0x78, 0xe3,
    0x81, 0xc0, 0x7, 0x1c, 0xe, 0x0, 0x70, 0xe0,
    0x70, 0x3, 0x87, 0x3, 0x80, 0x38, 0x38, 0x1c,
    0x1, 0xc1, 0xc0, 0xe0, 0x1c, 0xe, 0x7, 0x0,
    0xe0, 0x38, 0x70, 0xe, 0x1, 0xc7, 0x80, 0x70,
    0xf, 0xfc, 0x7, 0x0, 0x3f, 0xc0, 0x38, 0x0,
    0x78, 0x0,

    /* U+0026 "&" */
    0x3, 0xf8, 0x0, 0x1, 0xff, 0xc0, 0x0, 0x7f,
    0xfc, 0x0, 0xf, 0x87, 0x80, 0x3, 0xc0, 0x78,
    0x0, 0x78, 0xf, 0x0, 0xf, 0x1, 0xe0, 0x1,
    0xe0, 0x3c, 0x0, 0x3c, 0xf, 0x80, 0x3, 0xc1,
    0xe0, 0x0, 0x7c, 0x78, 0x0, 0x7, 0xfe, 0x0,
    0x0, 0x7f, 0x80, 0x0, 0x7, 0xe0, 0x0, 0x3,
    0xfc, 0x0, 0x0, 0xfb, 0xc0, 0x1c, 0x3e, 0x3c,
    0x7, 0x8f, 0x3, 0xc0, 0xf1, 0xe0, 0x3c, 0x1c,
    0x78, 0x3, 0xc7, 0x8f, 0x0, 0x3d, 0xe1, 0xe0,
    0x3, 0xfc, 0x3c, 0x0, 0x3f, 0x7, 0xc0, 0x7,
    0xe0, 0x78, 0x1, 0xfe, 0xf, 0xc0, 0xff, 0xe0,
    0xff, 0xfe, 0x3e, 0xf, 0xff, 0x83, 0xe0, 0x7f,
    0x80, 0x3e,

    /* U+0027 "'" */
    0xff, 0xff, 0xff, 0xfc,

    /* U+0028 "(" */
    0x3, 0x81, 0xe0, 0xf0, 0x38, 0x1e, 0x7, 0x3,
    0xc0, 0xf0, 0x78, 0x1e, 0x7, 0x81, 0xe0, 0xf0,
    0x3c, 0xf, 0x3, 0xc0, 0xf0, 0x3c, 0xf, 0x3,
    0xc0, 0xf0, 0x3c, 0xf, 0x1, 0xe0, 0x78, 0x1e,
    0x7, 0x80, 0xf0, 0x3c, 0x7, 0x1, 0xe0, 0x38,
    0xf, 0x1, 0xe0, 0x38,

    /* U+0029 ")" */
    0x70, 0x1e, 0x3, 0xc0, 0x70, 0x1e, 0x3, 0x80,
    0xf0, 0x3c, 0x7, 0x81, 0xe0, 0x78, 0x1e, 0x3,
    0xc0, 0xf0, 0x3c, 0xf, 0x3, 0xc0, 0xf0, 0x3c,
    0xf, 0x3, 0xc0, 0xf0, 0x3c, 0x1e, 0x7, 0x81,
    0xe0, 0x78, 0x3c, 0xf, 0x3, 0x81, 0xe0, 0x70,
    0x3c, 0x1e, 0x7, 0x0,

    /* U+002A "*" */
    0x1, 0xe0, 0x0, 0x78, 0x0, 0x1e, 0x0, 0x7,
    0x80, 0x1, 0xc0, 0x0, 0x30, 0xf, 0xc, 0x3f,
    0xfb, 0x7f, 0xff, 0xff, 0xcf, 0xff, 0x80, 0x3e,
    0x0, 0xf, 0xc0, 0x7, 0x38, 0x3, 0xcf, 0x0,
    0xe1, 0xc0, 0x78, 0x78, 0x1e, 0x1e, 0x1, 0x2,
    0x0,

    /* U+002B "+" */
    0x0, 0xe0, 0x0, 0x1c, 0x0, 0x3, 0x80, 0x0,
    0x70, 0x0, 0xe, 0x0, 0x1, 0xc0, 0x0, 0x38,
    0x0, 0x7, 0x0, 0xff, 0xff, 0xff, 0xff, 0xff,
    0xff, 0xff, 0x80, 0x70, 0x0, 0xe, 0x0, 0x1,
    0xc0, 0x0, 0x38, 0x0, 0x7, 0x0, 0x0, 0xe0,
    0x0, 0x1c, 0x0, 0x3, 0x80, 0x0,

    /* U+002C "," */
    0x3d, 0xe7, 0x9e, 0x71, 0xcf, 0x38, 0xe3, 0x0,

    /* U+002D "-" */
    0xff, 0xff, 0xff, 0xfc,

    /* U+002E "." */
    0x77, 0xff, 0xf7, 0x0,

    /* U+002F "/" */
    0x0, 0x1c, 0x0, 0xf0, 0x3, 0xc0, 0xe, 0x0,
    0x78, 0x1, 0xc0, 0x7, 0x0, 0x3c, 0x0, 0xe0,
    0x3, 0x80, 0x1e, 0x0, 0x70, 0x3, 0xc0, 0xf,
    0x0, 0x38, 0x1, 0xe0, 0x7, 0x0, 0x1c, 0x0,
    0xf0, 0x3, 0x80, 0xe, 0x0, 0x78, 0x1, 0xc0,
    0xf, 0x0, 0x3c, 0x0, 0xe0, 0x7, 0x80, 0x1c,
    0x0, 0x70, 0x0,

    /* U+0030 "0" */
    0x3, 0xf8, 0x1, 0xff, 0x80, 0x7f, 0xfc, 0x1f,
    0x7, 0x83, 0xc0, 0x78, 0xf0, 0x7, 0x9e, 0x0,
    0xf3, 0xc0, 0x1e, 0xf0, 0x1, 0xde, 0x0, 0x3f,
    0xc0, 0x7, 0xf8, 0x0, 0xff, 0x0, 0x1f, 0xe0,
    0x3, 0xfc, 0x0, 0x7f, 0x80, 0xf, 0xf0, 0x1,
    0xfe, 0x0, 0x3f, 0xc0, 0x7, 0xf8, 0x0, 0xf7,
    0x0, 0x3c, 0xf0, 0x7, 0x9e, 0x0, 0xf3, 0xc0,
    0x1e, 0x3c, 0x7, 0x83, 0xc1, 0xf0, 0x7f, 0xfc,
    0x7, 0xff, 0x0, 0x3f, 0x80,

    /* U+0031 "1" */
    0x1, 0xe0, 0x7c, 0x3f, 0x8f, 0xf3, 0xdf, 0xf3,
    0xfc, 0x7b, 0xf, 0x1, 0xe0, 0x3c, 0x7, 0x80,
    0xf0, 0x1e, 0x3, 0xc0, 0x78, 0xf, 0x1, 0xe0,
    0x3c, 0x7, 0x80, 0xf0, 0x1e, 0x3, 0xc0, 0x78,
    0xf, 0x1, 0xe0, 0x3c, 0x7, 0x80, 0xf0, 0x1e,

    /* U+0032 "2" */
    0x3, 0xf8, 0x3, 0xff, 0xc1, 0xff, 0xfc, 0x7e,
    0xf, 0xc7, 0x0, 0x78, 0x40, 0x7, 0x80, 0x0,
    0xf0, 0x0, 0x1e, 0x0, 0x3, 0xc0, 0x0, 0x78,
    0x0, 0xf, 0x0, 0x3, 0xc0, 0x0, 0x78, 0x0,
    0x1e, 0x0, 0x7, 0xc0, 0x1, 0xf0, 0x0, 0x7c,
    0x0, 0xf, 0x0, 0x3, 0xc0, 0x0, 0xf0, 0x0,
    0x3c, 0x0, 0xf, 0x0, 0x3, 0xc0, 0x0, 0xf0,
    0x0, 0x3c, 0x0, 0xf, 0x0, 0x3, 0xff, 0xff,
    0xff, 0xff, 0xff, 0xff, 0xfe,

    /* U+0033 "3" */
    0x3, 0xfc, 0x1, 0xff, 0xf0, 0x7f, 0xff, 0x87,
    0xc0, 0x7c, 0x30, 0x3, 0xe0, 0x0, 0x1e, 0x0,
    0x1, 0xe0, 0x0, 0x1e, 0x0, 0x1, 0xe0, 0x0,
    0x3c, 0x0, 0x7, 0xc0, 0x1, 0xf8, 0x7, 0xfe,
    0x0, 0x7f, 0xc0, 0x7, 0xff, 0x80, 0x0, 0xfc,
    0x0, 0x3, 0xe0, 0x0, 0x1e, 0x0, 0x0, 0xf0,
    0x0, 0xf, 0x0, 0x0, 0xf0, 0x0, 0xf, 0x0,
    0x0, 0xf0, 0x0, 0x1e, 0x80, 0x3, 0xef, 0x80,
    0xfc, 0xff, 0xff, 0x87, 0xff, 0xf0, 0x1f, 0xf8,
    0x0,

    /* U+0034 "4" */
    0x0, 0xf, 0x80, 0x0, 0x7c, 0x0, 0x7, 0xe0,
    0x0, 0x7f, 0x0, 0x3, 0xf8, 0x0, 0x3b, 0xc0,
    0x3, 0x9e, 0x0, 0x1c, 0xf0, 0x1, 0xc7, 0x80,
    0x1e, 0x3c, 0x0, 0xe1, 0xe0, 0xe, 0xf, 0x0,
    0xf0, 0x78, 0x7, 0x3, 0xc0, 0x70, 0x1e, 0x7,
    0x80, 0xf0, 0x38, 0x7, 0x83, 0x80, 0x3c, 0x3c,
    0x1, 0xe1, 0xff, 0xff, 0xff, 0xff, 0xff, 0xff,
    0xff, 0xfc, 0x0, 0x1e, 0x0, 0x0, 0xf0, 0x0,
    0x7, 0x80, 0x0, 0x3c, 0x0, 0x1, 0xe0, 0x0,
    0xf, 0x0, 0x0, 0x78, 0x0,

    /* U+0035 "5" */
    0x3f, 0xff, 0x87, 0xff, 0xf0, 0xff, 0xfe, 0x1c,
    0x0, 0x3, 0x80, 0x0, 0x70, 0x0, 0xe, 0x0,
    0x1, 0xc0, 0x0, 0x38, 0x0, 0xf, 0x0, 0x1,
    0xe0, 0x0, 0x3f, 0xfc, 0x7, 0xff, 0xe0, 0xff,
    0xff, 0x4, 0x7, 0xf0, 0x0, 0x3e, 0x0, 0x3,
    0xe0, 0x0, 0x3c, 0x0, 0x7, 0x80, 0x0, 0xf0,
    0x0, 0x1e, 0x0, 0x3, 0xc0, 0x0, 0xf8, 0x0,
    0x1e, 0x80, 0x7, 0xde, 0x3, 0xf3, 0xff, 0xfc,
    0x3f, 0xff, 0x1, 0xff, 0x0,

    /* U+0036 "6" */
    0x0, 0x7f, 0x0, 0x7f, 0xe0, 0x1f, 0xfc, 0x7,
    0xe0, 0x1, 0xf0, 0x0, 0x78, 0x0, 0xf, 0x0,
    0x3, 0xc0, 0x0, 0x78, 0x0, 0xe, 0x0, 0x1,
    0xc3, 0xf0, 0x79, 0xff, 0x8f, 0x7f, 0xf9, 0xfc,
    0x1f, 0xbf, 0x0, 0xf7, 0xc0, 0x1e, 0xf0, 0x1,
    0xfe, 0x0, 0x3f, 0xc0, 0x7, 0xf8, 0x0, 0xff,
    0x0, 0x1e, 0xe0, 0x3, 0xde, 0x0, 0x7b, 0xc0,
    0x1e, 0x3c, 0x7, 0xc7, 0xe1, 0xf0, 0x7f, 0xfc,
    0x3, 0xff, 0x0, 0x1f, 0x80,

    /* U+0037 "7" */
    0xff, 0xff, 0xff, 0xff, 0xff, 0xff, 0xff, 0x80,
    0x0, 0xf0, 0x0, 0x1c, 0x0, 0x7, 0x80, 0x0,
    0xe0, 0x0, 0x3c, 0x0, 0x7, 0x0, 0x1, 0xe0,
    0x0, 0x3c, 0x0, 0xf, 0x0, 0x1, 0xe0, 0x0,
    0x38, 0x0, 0xf, 0x0, 0x1, 0xc0, 0x0, 0x78,
    0x0, 0xf, 0x0, 0x3, 0xc0, 0x0, 0x78, 0x0,
    0x1e, 0x0, 0x3, 0xc0, 0x0, 0x70, 0x0, 0x1e,
    0x0, 0x3, 0x80, 0x0, 0xf0, 0x0, 0x1e, 0x0,
    0x7, 0x80, 0x0, 0xf0, 0x0,

    /* U+0038 "8" */
    0x3, 0xf8, 0x1, 0xff, 0xc0, 0x7f, 0xfc, 0x1f,
    0x7, 0xc7, 0xc0, 0x7c, 0xf0, 0x7, 0x9e, 0x0,
    0xf3, 0xc0, 0x1e, 0x78, 0x3, 0xc7, 0x80, 0xf0,
    0xf8, 0x3e, 0xf, 0x8f, 0x80, 0xff, 0xc0, 0x7,
    0xf0, 0x1, 0xff, 0x0, 0xf9, 0xf8, 0x3e, 0xf,
    0x8f, 0x80, 0xf9, 0xe0, 0xf, 0x78, 0x0, 0xff,
    0x0, 0x1f, 0xe0, 0x3, 0xfc, 0x0, 0x7f, 0x80,
    0x1f, 0x78, 0x3, 0xcf, 0xc1, 0xf8, 0xff, 0xfe,
    0xf, 0xff, 0x80, 0x7f, 0x80,

    /* U+0039 "9" */
    0x3, 0xf0, 0x1, 0xff, 0x80, 0x7f, 0xfc, 0x1f,
    0xf, 0x87, 0xc0, 0x78, 0xf0, 0x7, 0xbc, 0x0,
    0xf7, 0x80, 0xe, 0xf0, 0x1, 0xfe, 0x0, 0x3f,
    0xc0, 0x7, 0xf8, 0x0, 0xff, 0x80, 0x3e, 0xf0,
    0xf, 0xdf, 0x83, 0xf9, 0xff, 0xef, 0x1f, 0xf9,
    0xe0, 0xfc, 0x3c, 0x0, 0x7, 0x0, 0x1, 0xe0,
    0x0, 0x3c, 0x0, 0x7, 0x80, 0x1, 0xe0, 0x0,
    0x7c, 0x0, 0x1f, 0x0, 0xf, 0xc0, 0xff, 0xf0,
    0x1f, 0xfc, 0x3, 0xfc, 0x0,

    /* U+003A ":" */
    0x77, 0xff, 0xf7, 0x0, 0x0, 0x0, 0x0, 0x0,
    0x0, 0x0, 0x3, 0xbf, 0xff, 0xb8,

    /* U+003B ";" */
    0x1c, 0x7c, 0xf9, 0xf1, 0xc0, 0x0, 0x0, 0x0,
    0x0, 0x0, 0x0, 0x0, 0x0, 0x0, 0x0, 0x7c,
    0xf1, 0xe3, 0xc7, 0x1e, 0x3c, 0x70, 0xe1, 0x80,

    /* U+003C "<" */
    0x0, 0x0, 0x0, 0x0, 0xc, 0x0, 0x7, 0x80,
    0x3, 0xf0, 0x1, 0xf8, 0x0, 0xfc, 0x0, 0x7e,
    0x0, 0x3f, 0x0, 0x1f, 0x80, 0xf, 0xc0, 0x3,
    0xc0, 0x0, 0x7c, 0x0, 0x7, 0xf0, 0x0, 0x3f,
    0x80, 0x0, 0xfe, 0x0, 0x7, 0xf0, 0x0, 0x3f,
    0x80, 0x0, 0xfc, 0x0, 0x7, 0x80, 0x0, 0x30,

    /* U+003D "=" */
    0xff, 0xff, 0xff, 0xff, 0xff, 0xff, 0xfc, 0x0,
    0x0, 0x0, 0x0, 0x0, 0x0, 0x0, 0x0, 0x0,
    0x0, 0x0, 0xff, 0xff, 0xff, 0xff, 0xff, 0xff,
    0xfc,

    /* U+003E ">" */
    0x0, 0x0, 0x18, 0x0, 0x3, 0xc0, 0x0, 0x7e,
    0x0, 0x3, 0xf0, 0x0, 0x1f, 0x80, 0x0, 0xfc,
    0x0, 0x7, 0xe0, 0x0, 0x3f, 0x0, 0x1, 0xf8,
    0x0, 0xf, 0x80, 0x1, 0xf0, 0x1, 0xfc, 0x0,
    0xfe, 0x0, 0xfe, 0x0, 0x7f, 0x0, 0x3f, 0x80,
    0x1f, 0x80, 0x3, 0xc0, 0x0, 0x60, 0x0, 0x0,

    /* U+003F "?" */
    0xf, 0xe0, 0x7f, 0xf8, 0xff, 0xfc, 0x70, 0x3e,
    0x0, 0x1f, 0x0, 0xf, 0x0, 0xf, 0x0, 0xf,
    0x0, 0xf, 0x0, 0x1f, 0x0, 0x1e, 0x0, 0x3e,
    0x0, 0x7c, 0x0, 0xf0, 0x1, 0xe0, 0x3, 0xc0,
    0x7, 0x80, 0x7, 0x80, 0x7, 0x0, 0x7, 0x0,
    0x7, 0x0, 0x0, 0x0, 0x0, 0x0, 0x0, 0x0,
    0x7, 0x0, 0xf, 0x80, 0xf, 0x80, 0xf, 0x80,
    0x7, 0x0,

    /* U+0040 "@" */
    0x0, 0xf, 0xf8, 0x0, 0x0, 0xff, 0xfe, 0x0,
    0x3, 0xff, 0xfe, 0x0, 0x1f, 0xc0, 0x7f, 0x0,
    0x7c, 0x0, 0x1e, 0x1, 0xe0, 0x0, 0x1e, 0x7,
    0x80, 0x0, 0x1e, 0xe, 0x0, 0x0, 0x1c, 0x38,
    0x7, 0xf0, 0x1c, 0x70, 0x3f, 0xf8, 0x39, 0xc0,
    0xff, 0xf0, 0x7b, 0x81, 0xe0, 0xe0, 0x77, 0x7,
    0x81, 0xc0, 0xfc, 0xe, 0x3, 0x81, 0xf8, 0x38,
    0x7, 0x3, 0xf0, 0x70, 0xe, 0x7, 0xe0, 0xe0,
    0x1c, 0xf, 0xc1, 0xc0, 0x38, 0x1f, 0x83, 0x80,
    0x70, 0x7f, 0x7, 0x1, 0xe0, 0xee, 0xf, 0x3,
    0xc1, 0xdc, 0xf, 0xd, 0xc7, 0x3c, 0x1f, 0xfb,
    0xfe, 0x38, 0x1f, 0xe3, 0xf8, 0x70, 0xf, 0x83,
    0xc0, 0xf0, 0x0, 0x0, 0x0, 0xf0, 0x0, 0x0,
    0x0, 0xf0, 0x0, 0x0, 0x1, 0xf0, 0x0, 0x0,
    0x1, 0xfc, 0x3, 0xc0, 0x0, 0xff, 0xff, 0x80,
    0x0, 0xff, 0xfe, 0x0, 0x0, 0x3f, 0xe0, 0x0,

    /* U+0041 "A" */
    0x0, 0x1e, 0x0, 0x0, 0x7, 0x80, 0x0, 0x3,
    0xe0, 0x0, 0x0, 0xfc, 0x0, 0x0, 0x7f, 0x0,
    0x0, 0x1d, 0xe0, 0x0, 0x7, 0x38, 0x0, 0x3,
    0xce, 0x0, 0x0, 0xe3, 0xc0, 0x0, 0x78, 0x70,
    0x0, 0x1e, 0x1c, 0x0, 0x7, 0x7, 0x80, 0x3,
    0xc0, 0xe0, 0x0, 0xf0, 0x3c, 0x0, 0x38, 0xf,
    0x0, 0x1e, 0x1, 0xc0, 0x7, 0x0, 0x78, 0x3,
    0xff, 0xfe, 0x0, 0xff, 0xff, 0x80, 0x3f, 0xff,
    0xf0, 0x1e, 0x0, 0x1c, 0x7, 0x0, 0x7, 0x83,
    0xc0, 0x1, 0xe0, 0xf0, 0x0, 0x38, 0x38, 0x0,
    0xf, 0x1e, 0x0, 0x3, 0xc7, 0x80, 0x0, 0x79,
    0xc0, 0x0, 0x1e, 0xf0, 0x0, 0x3, 0x80,

    /* U+0042 "B" */
    0xff, 0xf8, 0xf, 0xff, 0xf0, 0xff, 0xff, 0x8f,
    0x0, 0xfc, 0xf0, 0x3, 0xef, 0x0, 0x1e, 0xf0,
    0x1, 0xef, 0x0, 0x1e, 0xf0, 0x1, 0xef, 0x0,
    0x1e, 0xf0, 0x3, 0xcf, 0x0, 0x78, 0xff, 0xff,
    0xf, 0xff, 0xc0, 0xff, 0xff, 0x8f, 0x0, 0x7c,
    0xf0, 0x1, 0xef, 0x0, 0x1e, 0xf0, 0x0, 0xff,
    0x0, 0xf, 0xf0, 0x0, 0xff, 0x0, 0xf, 0xf0,
    0x0, 0xff, 0x0, 0x1f, 0xf0, 0x3, 0xef, 0x0,
    0x7e, 0xff, 0xff, 0xcf, 0xff, 0xf0, 0xff, 0xfc,
    0x0,

    /* U+0043 "C" */
    0x0, 0x3f, 0xc0, 0x7, 0xff, 0xe0, 0x7f, 0xff,
    0x83, 0xf8, 0x1e, 0x1f, 0x0, 0x0, 0xf8, 0x0,
    0x3, 0xc0, 0x0, 0x1f, 0x0, 0x0, 0x78, 0x0,
    0x1, 0xe0, 0x0, 0xf, 0x0, 0x0, 0x3c, 0x0,
    0x0, 0xf0, 0x0, 0x3, 0xc0, 0x0, 0xf, 0x0,
    0x0, 0x3c, 0x0, 0x0, 0xf0, 0x0, 0x3, 0xc0,
    0x0, 0xf, 0x0, 0x0, 0x1e, 0x0, 0x0, 0x78,
    0x0, 0x1, 0xe0, 0x0, 0x3, 0xc0, 0x0, 0xf,
    0x80, 0x0, 0x1f, 0x0, 0x0, 0x3f, 0x0, 0xe0,
    0x7f, 0xff, 0x80, 0xff, 0xfe, 0x0, 0x7f, 0xe0,

    /* U+0044 "D" */
    0xff, 0xf8, 0x1, 0xff, 0xfe, 0x3, 0xff, 0xff,
    0x7, 0x80, 0x7f, 0xf, 0x0, 0x1f, 0x1e, 0x0,
    0x1f, 0x3c, 0x0, 0x1e, 0x78, 0x0, 0x1e, 0xf0,
    0x0, 0x3d, 0xe0, 0x0, 0x7b, 0xc0, 0x0, 0x7f,
    0x80, 0x0, 0xff, 0x0, 0x1, 0xfe, 0x0, 0x3,
    0xfc, 0x0, 0x7, 0xf8, 0x0, 0xf, 0xf0, 0x0,
    0x1f, 0xe0, 0x0, 0x3f, 0xc0, 0x0, 0x7f, 0x80,
    0x1, 0xef, 0x0, 0x3, 0xde, 0x0, 0xf, 0xbc,
    0x0, 0x1e, 0x78, 0x0, 0x7c, 0xf0, 0x3, 0xf1,
    0xe0, 0x1f, 0xc3, 0xff, 0xfe, 0x7, 0xff, 0xf8,
    0xf, 0xff, 0x80, 0x0,

    /* U+0045 "E" */
    0xff, 0xff, 0xff, 0xff, 0xff, 0xff, 0xf0, 0x0,
    0xf0, 0x0, 0xf0, 0x0, 0xf0, 0x0, 0xf0, 0x0,
    0xf0, 0x0, 0xf0, 0x0, 0xf0, 0x0, 0xf0, 0x0,
    0xff, 0xff, 0xff, 0xff, 0xff, 0xff, 0xf0, 0x0,
    0xf0, 0x0, 0xf0, 0x0, 0xf0, 0x0, 0xf0, 0x0,
    0xf0, 0x0, 0xf0, 0x0, 0xf0, 0x0, 0xf0, 0x0,
    0xf0, 0x0, 0xf0, 0x0, 0xff, 0xff, 0xff, 0xff,
    0xff, 0xff,

    /* U+0046 "F" */
    0xff, 0xff, 0xff, 0xff, 0xff, 0xff, 0xf0, 0x0,
    0xf0, 0x0, 0xf0, 0x0, 0xf0, 0x0, 0xf0, 0x0,
    0xf0, 0x0, 0xf0, 0x0, 0xf0, 0x0, 0xf0, 0x0,
    0xf0, 0x0, 0xf0, 0x0, 0xff, 0xfe, 0xff, 0xfe,
    0xff, 0xfe, 0xf0, 0x0, 0xf0, 0x0, 0xf0, 0x0,
    0xf0, 0x0, 0xf0, 0x0, 0xf0, 0x0, 0xf0, 0x0,
    0xf0, 0x0, 0xf0, 0x0, 0xf0, 0x0, 0xf0, 0x0,
    0xf0, 0x0,

    /* U+0047 "G" */
    0x0, 0x3f, 0xf0, 0x1, 0xff, 0xfe, 0x3, 0xff,
    0xfe, 0xf, 0xe0, 0x1e, 0x1f, 0x80, 0x0, 0x1e,
    0x0, 0x0, 0x3c, 0x0, 0x0, 0x7c, 0x0, 0x0,
    0x78, 0x0, 0x0, 0x78, 0x0, 0x0, 0xf0, 0x0,
    0x0, 0xf0, 0x0, 0x0, 0xf0, 0x0, 0x0, 0xf0,
    0x0, 0x0, 0xf0, 0x3, 0xff, 0xf0, 0x3, 0xff,
    0xf0, 0x3, 0xff, 0xf0, 0x0, 0xf, 0xf0, 0x0,
    0xf, 0x78, 0x0, 0xf, 0x78, 0x0, 0xf, 0x7c,
    0x0, 0xf, 0x3c, 0x0, 0xf, 0x3e, 0x0, 0xf,
    0x1f, 0x0, 0xf, 0xf, 0xe0, 0x1f, 0x7, 0xff,
    0xff, 0x1, 0xff, 0xff, 0x0, 0x7f, 0xf0,

    /* U+0048 "H" */
    0xf0, 0x0, 0x3f, 0xc0, 0x0, 0xff, 0x0, 0x3,
    0xfc, 0x0, 0xf, 0xf0, 0x0, 0x3f, 0xc0, 0x0,
    0xff, 0x0, 0x3, 0xfc, 0x0, 0xf, 0xf0, 0x0,
    0x3f, 0xc0, 0x0, 0xff, 0x0, 0x3, 0xfc, 0x0,
    0xf, 0xff, 0xff, 0xff, 0xff, 0xff, 0xff, 0xff,
    0xff, 0xfc, 0x0, 0xf, 0xf0, 0x0, 0x3f, 0xc0,
    0x0, 0xff, 0x0, 0x3, 0xfc, 0x0, 0xf, 0xf0,
    0x0, 0x3f, 0xc0, 0x0, 0xff, 0x0, 0x3, 0xfc,
    0x0, 0xf, 0xf0, 0x0, 0x3f, 0xc0, 0x0, 0xff,
    0x0, 0x3, 0xfc, 0x0, 0xf, 0xf0, 0x0, 0x3c,

    /* U+0049 "I" */
    0xff, 0xff, 0xf7, 0xf8, 0x78, 0x1e, 0x7, 0x81,
    0xe0, 0x78, 0x1e, 0x7, 0x81, 0xe0, 0x78, 0x1e,
    0x7, 0x81, 0xe0, 0x78, 0x1e, 0x7, 0x81, 0xe0,
    0x78, 0x1e, 0x7, 0x81, 0xe0, 0x78, 0x1e, 0x7,
    0x87, 0xfb, 0xff, 0xff, 0xc0,

    /* U+004A "J" */
    0x1, 0xe0, 0x3c, 0x7, 0x80, 0xf0, 0x1e, 0x3,
    0xc0, 0x78, 0xf, 0x1, 0xe0, 0x3c, 0x7, 0x80,
    0xf0, 0x1e, 0x3, 0xc0, 0x78, 0xf, 0x1, 0xe0,
    0x3c, 0x7, 0x80, 0xf0, 0x1e, 0x3, 0xc0, 0x78,
    0xf, 0x1, 0xe0, 0x3c, 0x7, 0x80, 0xf0, 0x1e,
    0x3, 0xc0, 0x78, 0x1e, 0x7, 0xdf, 0xf3, 0xfc,
    0x7e, 0x0,

    /* U+004B "K" */
    0xf0, 0x0, 0xf7, 0x80, 0xf, 0x3c, 0x0, 0xf9,
    0xe0, 0x7, 0x8f, 0x0, 0x78, 0x78, 0x7, 0x83,
    0xc0, 0x78, 0x1e, 0x7, 0x80, 0xf0, 0x78, 0x7,
    0x87, 0x80, 0x3c, 0x78, 0x1, 0xe7, 0xc0, 0xf,
    0x3c, 0x0, 0x7b, 0xe0, 0x3, 0xff, 0x80, 0x1f,
    0xfe, 0x0, 0xf8, 0xf0, 0x7, 0x83, 0xc0, 0x3c,
    0x1f, 0x1, 0xe0, 0x78, 0xf, 0x1, 0xe0, 0x78,
    0x7, 0x83, 0xc0, 0x3e, 0x1e, 0x0, 0xf0, 0xf0,
    0x3, 0xc7, 0x80, 0x1f, 0x3c, 0x0, 0x79, 0xe0,
    0x1, 0xef, 0x0, 0x7, 0x80,

    /* U+004C "L" */
    0xf0, 0x0, 0xf0, 0x0, 0xf0, 0x0, 0xf0, 0x0,
    0xf0, 0x0, 0xf0, 0x0, 0xf0, 0x0, 0xf0, 0x0,
    0xf0, 0x0, 0xf0, 0x0, 0xf0, 0x0, 0xf0, 0x0,
    0xf0, 0x0, 0xf0, 0x0, 0xf0, 0x0, 0xf0, 0x0,
    0xf0, 0x0, 0xf0, 0x0, 0xf0, 0x0, 0xf0, 0x0,
    0xf0, 0x0, 0xf0, 0x0, 0xf0, 0x0, 0xf0, 0x0,
    0xf0, 0x0, 0xf0, 0x0, 0xff, 0xff, 0xff, 0xff,
    0xff, 0xff,

    /* U+004D "M" */
    0xf8, 0x0, 0x1, 0xff, 0xe0, 0x0, 0xf, 0xff,
    0x0, 0x0, 0xff, 0xf8, 0x0, 0x7, 0xff, 0xe0,
    0x0, 0x7f, 0xf7, 0x0, 0x3, 0xbf, 0xbc, 0x0,
    0x1d, 0xfd, 0xe0, 0x1, 0xcf, 0xe7, 0x0, 0xe,
    0x7f, 0x3c, 0x0, 0x73, 0xf8, 0xe0, 0x7, 0x1f,
    0xc7, 0x0, 0x38, 0xfe, 0x3c, 0x3, 0xc7, 0xf0,
    0xe0, 0x1c, 0x3f, 0x87, 0x80, 0xe1, 0xfc, 0x3c,
    0xe, 0xf, 0xe0, 0xe0, 0x70, 0x7f, 0x7, 0x87,
    0x83, 0xf8, 0x1c, 0x38, 0x1f, 0xc0, 0xe1, 0xc0,
    0xfe, 0x7, 0x9e, 0x7, 0xf0, 0x1c, 0xe0, 0x3f,
    0x80, 0xf7, 0x1, 0xfc, 0x7, 0xf0, 0xf, 0xe0,
    0x1f, 0x80, 0x7f, 0x0, 0xfc, 0x3, 0xf8, 0x3,
    0xc0, 0x1f, 0xc0, 0x1e, 0x0, 0xfe, 0x0, 0xf0,
    0x7, 0x80,

    /* U+004E "N" */
    0xf0, 0x0, 0xf, 0xf0, 0x0, 0x1f, 0xf0, 0x0,
    0x3f, 0xe0, 0x0, 0x7f, 0xe0, 0x0, 0xff, 0xe0,
    0x1, 0xfb, 0xc0, 0x3, 0xf3, 0xc0, 0x7, 0xe7,
    0xc0, 0xf, 0xc7, 0x80, 0x1f, 0x87, 0x80, 0x3f,
    0xf, 0x80, 0x7e, 0xf, 0x0, 0xfc, 0xf, 0x1,
    0xf8, 0x1f, 0x3, 0xf0, 0x1e, 0x7, 0xe0, 0x1e,
    0xf, 0xc0, 0x3e, 0x1f, 0x80, 0x3c, 0x3f, 0x0,
    0x3c, 0x7e, 0x0, 0x7c, 0xfc, 0x0, 0x79, 0xf8,
    0x0, 0x7b, 0xf0, 0x0, 0xff, 0xe0, 0x0, 0xff,
    0xc0, 0x0, 0xff, 0x80, 0x1, 0xff, 0x0, 0x1,
    0xfe, 0x0, 0x1, 0xe0,

    /* U+004F "O" */
    0x0, 0x7f, 0x80, 0x0, 0xff, 0xfc, 0x0, 0x7f,
    0xff, 0x80, 0x3f, 0x3, 0xf0, 0x1f, 0x0, 0x3e,
    0xf, 0x80, 0x7, 0xc3, 0xc0, 0x0, 0xf1, 0xe0,
    0x0, 0x1e, 0x78, 0x0, 0x7, 0x9e, 0x0, 0x1,
    0xef, 0x0, 0x0, 0x3f, 0xc0, 0x0, 0xf, 0xf0,
    0x0, 0x3, 0xfc, 0x0, 0x0, 0xff, 0x0, 0x0,
    0x3f, 0xc0, 0x0, 0xf, 0xf0, 0x0, 0x3, 0xfc,
    0x0, 0x0, 0xff, 0x0, 0x0, 0x3d, 0xe0, 0x0,
    0x1e, 0x78, 0x0, 0x7, 0x9e, 0x0, 0x1, 0xe3,
    0xc0, 0x0, 0xf0, 0xf8, 0x0, 0x7c, 0x1f, 0x0,
    0x3e, 0x3, 0xf0, 0x3f, 0x0, 0x7f, 0xff, 0x80,
    0xf, 0xff, 0xc0, 0x0, 0x7f, 0x80, 0x0,

    /* U+0050 "P" */
    0xff, 0xf0, 0x3f, 0xff, 0xf, 0xff, 0xf3, 0xc0,
    0x7e, 0xf0, 0xf, 0xbc, 0x1, 0xff, 0x0, 0x3f,
    0xc0, 0xf, 0xf0, 0x3, 0xfc, 0x0, 0xff, 0x0,
    0x3f, 0xc0, 0xf, 0xf0, 0x7, 0xbc, 0x3, 0xef,
    0x3, 0xf3, 0xff, 0xf8, 0xff, 0xfc, 0x3f, 0xfc,
    0xf, 0x0, 0x3, 0xc0, 0x0, 0xf0, 0x0, 0x3c,
    0x0, 0xf, 0x0, 0x3, 0xc0, 0x0, 0xf0, 0x0,
    0x3c, 0x0, 0xf, 0x0, 0x3, 0xc0, 0x0, 0xf0,
    0x0, 0x0,

    /* U+0051 "Q" */
    0x0, 0x7f, 0x80, 0x0, 0xff, 0xfc, 0x0, 0x7f,
    0xff, 0x80, 0x3f, 0x3, 0xf0, 0x1f, 0x0, 0x3e,
    0xf, 0x80, 0x7, 0xc3, 0xc0, 0x0, 0xf1, 0xe0,
    0x0, 0x1e, 0x78, 0x0, 0x7, 0x9e, 0x0, 0x1,
    0xef, 0x0, 0x0, 0x3f, 0xc0, 0x0, 0xf, 0xf0,
    0x0, 0x3, 0xfc, 0x0, 0x0, 0xff, 0x0, 0x0,
    0x3f, 0xc0, 0x0, 0xf, 0xf0, 0x0, 0x3, 0xfc,
    0x0, 0x0, 0xff, 0x0, 0x0, 0x3d, 0xe0, 0x0,
    0x1e, 0x78, 0x0, 0x7, 0x9e, 0x0, 0x1, 0xe3,
    0xc0, 0x0, 0xf0, 0xf8, 0x0, 0x7c, 0x1f, 0x0,
    0x3e, 0x3, 0xf0, 0x3f, 0x0, 0x7f, 0xff, 0x80,
    0xf, 0xff, 0xc0, 0x0, 0x7f, 0xc0, 0x0, 0x0,
    0xf8, 0x0, 0x0, 0x1f, 0x0, 0x0, 0x3, 0xe0,
    0x0, 0x0, 0x7c, 0x0, 0x0, 0xf, 0x80, 0x0,
    0x3, 0xf0, 0x0, 0x0, 0x7c,

    /* U+0052 "R" */
    0xff, 0xf0, 0xf, 0xff, 0xe0, 0xff, 0xff, 0xf,
    0x1, 0xf8, 0xf0, 0x7, 0x8f, 0x0, 0x7c, 0xf0,
    0x3, 0xcf, 0x0, 0x3c, 0xf0, 0x3, 0xcf, 0x0,
    0x3c, 0xf0, 0x3, 0xcf, 0x0, 0x78, 0xf0, 0x7,
    0x8f, 0x1, 0xf0, 0xff, 0xfe, 0xf, 0xff, 0x80,
    0xff, 0xf0, 0xf, 0x7, 0x80, 0xf0, 0x3c, 0xf,
    0x1, 0xc0, 0xf0, 0x1e, 0xf, 0x0, 0xf0, 0xf0,
    0xf, 0xf, 0x0, 0x78, 0xf0, 0x7, 0x8f, 0x0,
    0x3c, 0xf0, 0x3, 0xef, 0x0, 0x1e, 0xf0, 0x1,
    0xf0,

    /* U+0053 "S" */
    0x1, 0xfe, 0x1, 0xff, 0xf8, 0x7f, 0xff, 0x1f,
    0x1, 0xc7, 0xc0, 0x0, 0xf0, 0x0, 0x1e, 0x0,
    0x3, 0xc0, 0x0, 0x78, 0x0, 0xf, 0x80, 0x0,
    0xf0, 0x0, 0x1f, 0x80, 0x1, 0xfc, 0x0, 0x1f,
    0xf0, 0x0, 0xff, 0x80, 0x7, 0xf8, 0x0, 0x1f,
    0x80, 0x0, 0xf8, 0x0, 0xf, 0x80, 0x0, 0xf0,
    0x0, 0x1e, 0x0, 0x3, 0xc0, 0x0, 0x78, 0x0,
    0x1f, 0x80, 0x3, 0xde, 0x1, 0xfb, 0xff, 0xfe,
    0x7f, 0xff, 0x1, 0xff, 0x80,

    /* U+0054 "T" */
    0xff, 0xff, 0xff, 0xff, 0xff, 0xff, 0xff, 0xfe,
    0x0, 0xf0, 0x0, 0x7, 0x80, 0x0, 0x3c, 0x0,
    0x1, 0xe0, 0x0, 0xf, 0x0, 0x0, 0x78, 0x0,
    0x3, 0xc0, 0x0, 0x1e, 0x0, 0x0, 0xf0, 0x0,
    0x7, 0x80, 0x0, 0x3c, 0x0, 0x1, 0xe0, 0x0,
    0xf, 0x0, 0x0, 0x78, 0x0, 0x3, 0xc0, 0x0,
    0x1e, 0x0, 0x0, 0xf0, 0x0, 0x7, 0x80, 0x0,
    0x3c, 0x0, 0x1, 0xe0, 0x0, 0xf, 0x0, 0x0,
    0x78, 0x0, 0x3, 0xc0, 0x0, 0x1e, 0x0, 0x0,
    0xf0, 0x0, 0x7, 0x80, 0x0,

    /* U+0055 "U" */
    0xf0, 0x0, 0x3f, 0xc0, 0x0, 0xff, 0x0, 0x3,
    0xfc, 0x0, 0xf, 0xf0, 0x0, 0x3f, 0xc0, 0x0,
    0xff, 0x0, 0x3, 0xfc, 0x0, 0xf, 0xf0, 0x0,
    0x3f, 0xc0, 0x0, 0xff, 0x0, 0x3, 0xfc, 0x0,
    0xf, 0xf0, 0x0, 0x3f, 0xc0, 0x0, 0xff, 0x0,
    0x3, 0xfc, 0x0, 0xf, 0xf0, 0x0, 0x3f, 0xc0,
    0x0, 0xff, 0x0, 0x3, 0xfc, 0x0, 0xf, 0xf0,
    0x0, 0x3f, 0xc0, 0x0, 0xf7, 0x80, 0x7, 0x9e,
    0x0, 0x1e, 0x3c, 0x0, 0xf0, 0xfc, 0xf, 0xc1,
    0xff, 0xfe, 0x1, 0xff, 0xe0, 0x1, 0xfe, 0x0,

    /* U+0056 "V" */
    0xf0, 0x0, 0xf, 0x70, 0x0, 0xe, 0x78, 0x0,
    0x1e, 0x78, 0x0, 0x1e, 0x38, 0x0, 0x1c, 0x3c,
    0x0, 0x3c, 0x3c, 0x0, 0x3c, 0x1c, 0x0, 0x38,
    0x1e, 0x0, 0x78, 0x1e, 0x0, 0x78, 0xe, 0x0,
    0x70, 0xf, 0x0, 0xf0, 0xf, 0x0, 0xf0, 0x7,
    0x0, 0xe0, 0x7, 0x81, 0xe0, 0x7, 0x81, 0xe0,
    0x3, 0x83, 0xc0, 0x3, 0xc3, 0xc0, 0x1, 0xc3,
    0xc0, 0x1, 0xe7, 0x80, 0x1, 0xe7, 0x80, 0x0,
    0xe7, 0x0, 0x0, 0xe7, 0x0, 0x0, 0xff, 0x0,
    0x0, 0x7e, 0x0, 0x0, 0x7e, 0x0, 0x0, 0x7e,
    0x0, 0x0, 0x3c, 0x0, 0x0, 0x3c, 0x0,

    /* U+0057 "W" */
    0x70, 0x0, 0xf0, 0x0, 0x7b, 0xc0, 0x7, 0xc0,
    0x3, 0x9e, 0x0, 0x3e, 0x0, 0x3c, 0xf0, 0x1,
    0xf0, 0x1, 0xe3, 0x80, 0x1f, 0xc0, 0xf, 0x1e,
    0x0, 0xee, 0x0, 0x70, 0xf0, 0x7, 0x70, 0x7,
    0x87, 0x80, 0x7b, 0xc0, 0x3c, 0x1c, 0x3, 0xde,
    0x1, 0xc0, 0xf0, 0x1c, 0x70, 0xe, 0x7, 0x80,
    0xe3, 0x80, 0xf0, 0x3c, 0xf, 0x1e, 0x7, 0x80,
    0xe0, 0x70, 0x70, 0x38, 0x7, 0x83, 0x83, 0x81,
    0xc0, 0x3c, 0x3c, 0x1e, 0x1e, 0x0, 0xe1, 0xe0,
    0xf0, 0xf0, 0x7, 0xe, 0x3, 0x87, 0x0, 0x3c,
    0x70, 0x1e, 0x38, 0x1, 0xe7, 0x80, 0xf3, 0xc0,
    0x7, 0x38, 0x3, 0x9e, 0x0, 0x39, 0xc0, 0x1c,
    0xe0, 0x1, 0xee, 0x0, 0xf7, 0x0, 0xf, 0xf0,
    0x3, 0xf8, 0x0, 0x3f, 0x0, 0x1f, 0xc0, 0x1,
    0xf8, 0x0, 0xfc, 0x0, 0xf, 0xc0, 0x7, 0xe0,
    0x0, 0x7c, 0x0, 0x1f, 0x0, 0x1, 0xe0, 0x0,
    0xf0, 0x0, 0xf, 0x0, 0x7, 0x80, 0x0,

    /* U+0058 "X" */
    0x78, 0x0, 0x3c, 0x78, 0x0, 0x78, 0xf0, 0x1,
    0xe0, 0xf0, 0x3, 0x80, 0xf0, 0xf, 0x1, 0xe0,
    0x3c, 0x1, 0xe0, 0x70, 0x1, 0xc1, 0xe0, 0x3,
    0xc3, 0x80, 0x3, 0xcf, 0x0, 0x7, 0xbc, 0x0,
    0x7, 0xf0, 0x0, 0x7, 0xe0, 0x0, 0xf, 0x80,
    0x0, 0x1f, 0x0, 0x0, 0x3f, 0x0, 0x0, 0xfe,
    0x0, 0x3, 0xde, 0x0, 0x7, 0x1e, 0x0, 0x1e,
    0x1c, 0x0, 0x78, 0x3c, 0x0, 0xf0, 0x3c, 0x3,
    0xc0, 0x78, 0x7, 0x0, 0x78, 0x1e, 0x0, 0xf0,
    0x78, 0x0, 0xf0, 0xe0, 0x0, 0xf3, 0xc0, 0x1,
    0xef, 0x0, 0x1, 0xe0,

    /* U+0059 "Y" */
    0x78, 0x0, 0x1e, 0x78, 0x0, 0x1e, 0x3c, 0x0,
    0x3c, 0x3c, 0x0, 0x3c, 0x1e, 0x0, 0x78, 0x1e,
    0x0, 0x78, 0xf, 0x0, 0xf0, 0xf, 0x0, 0xf0,
    0x7, 0x81, 0xe0, 0x3, 0xc3, 0xc0, 0x3, 0xc3,
    0xc0, 0x1, 0xe7, 0x80, 0x1, 0xe7, 0x80, 0x0,
    0xff, 0x0, 0x0, 0xff, 0x0, 0x0, 0x7e, 0x0,
    0x0, 0x7e, 0x0, 0x0, 0x3c, 0x0, 0x0, 0x3c,
    0x0, 0x0, 0x3c, 0x0, 0x0, 0x3c, 0x0, 0x0,
    0x3c, 0x0, 0x0, 0x3c, 0x0, 0x0, 0x3c, 0x0,
    0x0, 0x3c, 0x0, 0x0, 0x3c, 0x0, 0x0, 0x3c,
    0x0, 0x0, 0x3c, 0x0, 0x0, 0x3c, 0x0,

    /* U+005A "Z" */
    0xff, 0xff, 0xef, 0xff, 0xfe, 0xff, 0xff, 0xe0,
    0x0, 0x3c, 0x0, 0x3, 0xc0, 0x0, 0x78, 0x0,
    0xf, 0x0, 0x0, 0xf0, 0x0, 0x1e, 0x0, 0x1,
    0xe0, 0x0, 0x3c, 0x0, 0x7, 0x80, 0x0, 0x78,
    0x0, 0xf, 0x0, 0x1, 0xe0, 0x0, 0x1e, 0x0,
    0x3, 0xc0, 0x0, 0x38, 0x0, 0x7, 0x80, 0x0,
    0xf0, 0x0, 0xe, 0x0, 0x1, 0xe0, 0x0, 0x3c,
    0x0, 0x3, 0xc0, 0x0, 0x78, 0x0, 0x7, 0x0,
    0x0, 0xff, 0xff, 0xff, 0xff, 0xff, 0xff, 0xff,
    0xf0,

    /* U+005B "[" */
    0xff, 0xff, 0xff, 0xfe, 0xf, 0x7, 0x83, 0xc1,
    0xe0, 0xf0, 0x78, 0x3c, 0x1e, 0xf, 0x7, 0x83,
    0xc1, 0xe0, 0xf0, 0x78, 0x3c, 0x1e, 0xf, 0x7,
    0x83, 0xc1, 0xe0, 0xf0, 0x78, 0x3c, 0x1e, 0xf,
    0x7, 0x83, 0xc1, 0xe0, 0xff, 0xff, 0xff, 0xe0,

    /* U+005C "\\" */
    0x70, 0x0, 0xe0, 0x1, 0xe0, 0x1, 0xc0, 0x3,
    0xc0, 0x7, 0x80, 0x7, 0x0, 0xf, 0x0, 0xe,
    0x0, 0x1c, 0x0, 0x3c, 0x0, 0x38, 0x0, 0x70,
    0x0, 0xf0, 0x0, 0xe0, 0x1, 0xe0, 0x3, 0xc0,
    0x3, 0x80, 0x7, 0x80, 0x7, 0x0, 0xe, 0x0,
    0x1e, 0x0, 0x1c, 0x0, 0x38, 0x0, 0x78, 0x0,
    0x70, 0x0, 0xf0, 0x1, 0xe0, 0x1, 0xc0,

    /* U+005D "]" */
    0xff, 0xff, 0xff, 0xfc, 0xf, 0x3, 0xc0, 0xf0,
    0x3c, 0xf, 0x3, 0xc0, 0xf0, 0x3c, 0xf, 0x3,
    0xc0, 0xf0, 0x3c, 0xf, 0x3, 0xc0, 0xf0, 0x3c,
    0xf, 0x3, 0xc0, 0xf0, 0x3c, 0xf, 0x3, 0xc0,
    0xf0, 0x3c, 0xf, 0x3, 0xc0, 0xf0, 0x3c, 0xf,
    0xff, 0xff, 0xff, 0xfc,

    /* U+005E "^" */
    0x0, 0xc0, 0x0, 0x3c, 0x0, 0x7, 0x80, 0x1,
    0xf8, 0x0, 0x3f, 0x0, 0xe, 0x70, 0x1, 0xce,
    0x0, 0x70, 0xe0, 0xe, 0x1c, 0x1, 0x81, 0xc0,
    0x70, 0x38, 0xe, 0x3, 0x83, 0x80, 0x78, 0x70,
    0x7, 0x1c, 0x0, 0xf3, 0x80, 0xe, 0xe0, 0x1,
    0xfc, 0x0, 0x1c,

    /* U+005F "_" */
    0xff, 0xff, 0xff, 0xff, 0xff, 0xff, 0xfc,

    /* U+0060 "`" */
    0xf0, 0xf0, 0x78, 0x3c, 0x1c, 0xe, 0x7,

    /* U+0061 "a" */
    0x3, 0xfc, 0x7, 0xff, 0xc1, 0xff, 0xf8, 0x70,
    0x3e, 0x0, 0x7, 0xc0, 0x0, 0xf0, 0x0, 0x3c,
    0x0, 0xf, 0x3, 0xff, 0xc7, 0xff, 0xf3, 0xff,
    0xfd, 0xf8, 0xf, 0xf8, 0x3, 0xfc, 0x0, 0xff,
    0x0, 0x3f, 0xc0, 0xf, 0xf0, 0x7, 0xfe, 0x3,
    0xf7, 0xc1, 0xfd, 0xff, 0xef, 0x3f, 0xf1, 0xc3,
    0xf0, 0x70,

    /* U+0062 "b" */
    0xf0, 0x0, 0x1e, 0x0, 0x3, 0xc0, 0x0, 0x78,
    0x0, 0xf, 0x0, 0x1, 0xe0, 0x0, 0x3c, 0x0,
    0x7, 0x80, 0x0, 0xf1, 0xf8, 0x1e, 0x7f, 0xc3,
    0xdf, 0xfc, 0x7f, 0x7, 0xcf, 0xc0, 0x7d, 0xf0,
    0x7, 0xbe, 0x0, 0xf7, 0x80, 0xf, 0xf0, 0x1,
    0xfe, 0x0, 0x3f, 0xc0, 0x7, 0xf8, 0x0, 0xff,
    0x0, 0x1f, 0xe0, 0x3, 0xfc, 0x0, 0x7f, 0xc0,
    0x1e, 0xf8, 0x3, 0xdf, 0x80, 0xfb, 0xf8, 0x3e,
    0x7b, 0xff, 0x8e, 0x3f, 0xe1, 0xc3, 0xf8, 0x0,

    /* U+0063 "c" */
    0x1, 0xfc, 0xf, 0xff, 0x1f, 0xfe, 0x3e, 0x6,
    0x7c, 0x0, 0x78, 0x0, 0x78, 0x0, 0xf0, 0x0,
    0xf0, 0x0, 0xf0, 0x0, 0xf0, 0x0, 0xf0, 0x0,
    0xf0, 0x0, 0xf0, 0x0, 0xf0, 0x0, 0x78, 0x0,
    0x78, 0x0, 0x7c, 0x0, 0x3e, 0x3, 0x1f, 0xff,
    0xf, 0xff, 0x3, 0xfc,

    /* U+0064 "d" */
    0x0, 0x1, 0xe0, 0x0, 0x3c, 0x0, 0x7, 0x80,
    0x0, 0xf0, 0x0, 0x1e, 0x0, 0x3, 0xc0, 0x0,
    0x78, 0x0, 0xf, 0x3, 0xf1, 0xe1, 0xff, 0x3c,
    0x7f, 0xf7, 0x9f, 0x7, 0xf7, 0xc0, 0x7e, 0xf0,
    0x7, 0xfe, 0x0, 0xff, 0x80, 0xf, 0xf0, 0x1,
    0xfe, 0x0, 0x3f, 0xc0, 0x7, 0xf8, 0x0, 0xff,
    0x0, 0x1f, 0xe0, 0x3, 0xfc, 0x0, 0x7f, 0xc0,
    0x1f, 0x78, 0x3, 0xef, 0x80, 0xfc, 0xf8, 0x3f,
    0x8f, 0xfe, 0xf0, 0xff, 0x9e, 0x7, 0xe1, 0xc0,

    /* U+0065 "e" */
    0x3, 0xf0, 0x3, 0xff, 0x1, 0xff, 0xf0, 0xf8,
    0x7c, 0x7c, 0x7, 0x9e, 0x1, 0xe7, 0x80, 0x3f,
    0xc0, 0xf, 0xf0, 0x3, 0xff, 0xff, 0xff, 0xff,
    0xff, 0xff, 0xff, 0xf0, 0x0, 0x3c, 0x0, 0xf,
    0x0, 0x1, 0xe0, 0x0, 0x78, 0x0, 0x1f, 0x0,
    0x3, 0xf0, 0x38, 0x7f, 0xfe, 0xf, 0xff, 0x80,
    0x7f, 0x0,

    /* U+0066 "f" */
    0x0, 0xfc, 0x7, 0xfc, 0x1f, 0xf8, 0x3c, 0x0,
    0xf8, 0x1, 0xe0, 0x3, 0xc0, 0x7, 0x80, 0xf,
    0x0, 0x7f, 0xf3, 0xff, 0xe7, 0xff, 0xc0, 0xf0,
    0x1, 0xe0, 0x3, 0xc0, 0x7, 0x80, 0xf, 0x0,
    0x1e, 0x0, 0x3c, 0x0, 0x78, 0x0, 0xf0, 0x1,
    0xe0, 0x3, 0xc0, 0x7, 0x80, 0xf, 0x0, 0x1e,
    0x0, 0x3c, 0x0, 0x78, 0x0, 0xf0, 0x1, 0xe0,
    0x3, 0xc0, 0x0,

    /* U+0067 "g" */
    0x3, 0xe0, 0xe1, 0xff, 0x3c, 0x7f, 0xf7, 0x9f,
    0x7, 0xf7, 0xc0, 0x7e, 0xf0, 0x7, 0xde, 0x0,
    0xff, 0x80, 0xf, 0xf0, 0x1, 0xfe, 0x0, 0x3f,
    0xc0, 0x7, 0xf8, 0x0, 0xff, 0x0, 0x1f, 0xe0,
    0x3, 0xfc, 0x0, 0x7b, 0xc0, 0xf, 0x78, 0x3,
    0xef, 0x80, 0xfc, 0xf8, 0x3f, 0x8f, 0xfe, 0xf0,
    0xff, 0x9e, 0xf, 0xc3, 0xc0, 0x0, 0x78, 0x0,
    0xf, 0x0, 0x1, 0xe0, 0x0, 0x7c, 0x0, 0xf,
    0x10, 0x3, 0xe3, 0x80, 0xfc, 0x7f, 0xff, 0xf,
    0xff, 0xc0, 0x7f, 0xc0,

    /* U+0068 "h" */
    0xf0, 0x0, 0x3c, 0x0, 0xf, 0x0, 0x3, 0xc0,
    0x0, 0xf0, 0x0, 0x3c, 0x0, 0xf, 0x0, 0x3,
    0xc0, 0x0, 0xf0, 0xfc, 0x3c, 0xff, 0xcf, 0x7f,
    0xfb, 0xf8, 0x3e, 0xfc, 0x7, 0xfe, 0x0, 0xff,
    0x80, 0x3f, 0xc0, 0xf, 0xf0, 0x3, 0xfc, 0x0,
    0xff, 0x0, 0x3f, 0xc0, 0xf, 0xf0, 0x3, 0xfc,
    0x0, 0xff, 0x0, 0x3f, 0xc0, 0xf, 0xf0, 0x3,
    0xfc, 0x0, 0xff, 0x0, 0x3f, 0xc0, 0xf, 0xf0,
    0x3, 0xfc, 0x0, 0xf0,

    /* U+0069 "i" */
    0x6f, 0xf6, 0x0, 0x0, 0xff, 0xff, 0xff, 0xff,
    0xff, 0xff, 0xff, 0xff, 0xff, 0xff, 0xff,

    /* U+006A "j" */
    0x1, 0x80, 0xf0, 0x3c, 0x6, 0x0, 0x0, 0x0,
    0x0, 0x0, 0x3, 0xc0, 0xf0, 0x3c, 0xf, 0x3,
    0xc0, 0xf0, 0x3c, 0xf, 0x3, 0xc0, 0xf0, 0x3c,
    0xf, 0x3, 0xc0, 0xf0, 0x3c, 0xf, 0x3, 0xc0,
    0xf0, 0x3c, 0xf, 0x3, 0xc0, 0xf0, 0x3c, 0xf,
    0x3, 0xc0, 0xf0, 0x3c, 0xf, 0x7, 0xff, 0xef,
    0xf3, 0xf8,

    /* U+006B "k" */
    0xf0, 0x0, 0x3c, 0x0, 0xf, 0x0, 0x3, 0xc0,
    0x0, 0xf0, 0x0, 0x3c, 0x0, 0xf, 0x0, 0x3,
    0xc0, 0x0, 0xf0, 0x7, 0xbc, 0x3, 0xcf, 0x1,
    0xe3, 0xc0, 0xf0, 0xf0, 0x78, 0x3c, 0x3e, 0xf,
    0xf, 0x3, 0xc7, 0x80, 0xf3, 0xc0, 0x3d, 0xe0,
    0xf, 0xfc, 0x3, 0xff, 0x0, 0xfd, 0xe0, 0x3e,
    0x3c, 0xf, 0x7, 0x83, 0xc1, 0xe0, 0xf0, 0x3c,
    0x3c, 0x7, 0x8f, 0x1, 0xf3, 0xc0, 0x3c, 0xf0,
    0x7, 0xbc, 0x0, 0xf0,

    /* U+006C "l" */
    0xff, 0xff, 0xff, 0xff, 0xff, 0xff, 0xff, 0xff,
    0xff, 0xff, 0xff, 0xff, 0xff, 0xff, 0xff,

    /* U+006D "m" */
    0xe1, 0xf8, 0xf, 0xc3, 0xcf, 0xf8, 0xff, 0xcf,
    0x7f, 0xf7, 0xff, 0xbf, 0x87, 0xfc, 0x3e, 0xfc,
    0xf, 0xc0, 0x7f, 0xe0, 0x1f, 0x0, 0xff, 0x0,
    0x78, 0x3, 0xfc, 0x1, 0xe0, 0xf, 0xf0, 0x7,
    0x80, 0x3f, 0xc0, 0x1e, 0x0, 0xff, 0x0, 0x78,
    0x3, 0xfc, 0x1, 0xe0, 0xf, 0xf0, 0x7, 0x80,
    0x3f, 0xc0, 0x1e, 0x0, 0xff, 0x0, 0x78, 0x3,
    0xfc, 0x1, 0xe0, 0xf, 0xf0, 0x7, 0x80, 0x3f,
    0xc0, 0x1e, 0x0, 0xff, 0x0, 0x78, 0x3, 0xfc,
    0x1, 0xe0, 0xf, 0xf0, 0x7, 0x80, 0x3f, 0xc0,
    0x1e, 0x0, 0xf0,

    /* U+006E "n" */
    0xe0, 0xfc, 0x3c, 0xff, 0xcf, 0x7f, 0xfb, 0xf8,
    0x3e, 0xfc, 0x7, 0xfe, 0x0, 0xff, 0x80, 0x3f,
    0xc0, 0xf, 0xf0, 0x3, 0xfc, 0x0, 0xff, 0x0,
    0x3f, 0xc0, 0xf, 0xf0, 0x3, 0xfc, 0x0, 0xff,
    0x0, 0x3f, 0xc0, 0xf, 0xf0, 0x3, 0xfc, 0x0,
    0xff, 0x0, 0x3f, 0xc0, 0xf, 0xf0, 0x3, 0xfc,
    0x0, 0xf0,

    /* U+006F "o" */
    0x1, 0xf8, 0x0, 0xff, 0xf0, 0x1f, 0xff, 0x83,
    0xe0, 0x7c, 0x7c, 0x3, 0xc7, 0x80, 0x1e, 0x78,
    0x1, 0xef, 0x0, 0xf, 0xf0, 0x0, 0xff, 0x0,
    0xf, 0xf0, 0x0, 0xff, 0x0, 0xf, 0xf0, 0x0,
    0xff, 0x0, 0xf, 0xf0, 0x0, 0xf7, 0x80, 0x1e,
    0x78, 0x1, 0xe3, 0xc0, 0x3c, 0x3e, 0x7, 0xc1,
    0xff, 0xf8, 0xf, 0xff, 0x0, 0x1f, 0x80,

    /* U+0070 "p" */
    0xe1, 0xf8, 0x1e, 0x7f, 0xc3, 0xdf, 0xfc, 0x7f,
    0x7, 0xcf, 0xc0, 0x7d, 0xf0, 0x7, 0xbc, 0x0,
    0xf7, 0x80, 0xf, 0xf0, 0x1, 0xfe, 0x0, 0x3f,
    0xc0, 0x7, 0xf8, 0x0, 0xff, 0x0, 0x1f, 0xe0,
    0x3, 0xfc, 0x0, 0x7f, 0xc0, 0x1e, 0xf8, 0x3,
    0xdf, 0x80, 0xfb, 0xf8, 0x3e, 0x7b, 0xff, 0x8f,
    0x3f, 0xe1, 0xe3, 0xf0, 0x3c, 0x0, 0x7, 0x80,
    0x0, 0xf0, 0x0, 0x1e, 0x0, 0x3, 0xc0, 0x0,
    0x78, 0x0, 0xf, 0x0, 0x1, 0xe0, 0x0, 0x3c,
    0x0, 0x7, 0x80, 0x0,

    /* U+0071 "q" */
    0x3, 0xf0, 0xe1, 0xff, 0x3c, 0x7f, 0xf7, 0x9f,
    0x7, 0xf7, 0xc0, 0x7e, 0xf0, 0x7, 0xde, 0x0,
    0xff, 0x80, 0xf, 0xf0, 0x1, 0xfe, 0x0, 0x3f,
    0xc0, 0x7, 0xf8, 0x0, 0xff, 0x0, 0x1f, 0xe0,
    0x3, 0xfc, 0x0, 0x7f, 0xc0, 0xf, 0x78, 0x3,
    0xef, 0x80, 0xfc, 0xf8, 0x3f, 0x8f, 0xfe, 0xf0,
    0xff, 0x9e, 0xf, 0xe3, 0xc0, 0x0, 0x78, 0x0,
    0xf, 0x0, 0x1, 0xe0, 0x0, 0x3c, 0x0, 0x7,
    0x80, 0x0, 0xf0, 0x0, 0x1e, 0x0, 0x3, 0xc0,
    0x0, 0x78, 0x0, 0xf,

    /* U+0072 "r" */
    0xe0, 0xff, 0x1f, 0xfd, 0xff, 0xfe, 0xf, 0xc0,
    0x7c, 0x3, 0xe0, 0x1e, 0x0, 0xf0, 0x7, 0x80,
    0x3c, 0x1, 0xe0, 0xf, 0x0, 0x78, 0x3, 0xc0,
    0x1e, 0x0, 0xf0, 0x7, 0x80, 0x3c, 0x1, 0xe0,
    0xf, 0x0, 0x78, 0x0,

    /* U+0073 "s" */
    0x7, 0xf8, 0x3f, 0xfe, 0x7f, 0xfe, 0xf8, 0xc,
    0xf0, 0x0, 0xf0, 0x0, 0xf0, 0x0, 0xf8, 0x0,
    0x7e, 0x0, 0x3f, 0x80, 0xf, 0xf0, 0x3, 0xfc,
    0x0, 0xfe, 0x0, 0x3f, 0x0, 0xf, 0x0, 0xf,
    0x0, 0xf, 0x0, 0x1f, 0xe0, 0x3e, 0xff, 0xfe,
    0xff, 0xf8, 0x3f, 0xe0,

    /* U+0074 "t" */
    0xe, 0x0, 0x70, 0x3, 0x80, 0x1c, 0x1, 0xe0,
    0x3f, 0xff, 0xff, 0xff, 0xff, 0x1e, 0x0, 0xf0,
    0x7, 0x80, 0x3c, 0x1, 0xe0, 0xf, 0x0, 0x78,
    0x3, 0xc0, 0x1e, 0x0, 0xf0, 0x7, 0x80, 0x3c,
    0x1, 0xe0, 0xf, 0x0, 0x78, 0x3, 0xe0, 0xf,
    0xf8, 0x3f, 0xc0, 0xfc,

    /* U+0075 "u" */
    0xf0, 0x3, 0xfc, 0x0, 0xff, 0x0, 0x3f, 0xc0,
    0xf, 0xf0, 0x3, 0xfc, 0x0, 0xff, 0x0, 0x3f,
    0xc0, 0xf, 0xf0, 0x3, 0xfc, 0x0, 0xff, 0x0,
    0x3f, 0xc0, 0xf, 0xf0, 0x3, 0xfc, 0x0, 0xff,
    0x0, 0x3f, 0xc0, 0x1f, 0xf0, 0x7, 0xfe, 0x3,
    0xf7, 0xc1, 0xfd, 0xff, 0xef, 0x3f, 0xf3, 0xc3,
    0xf8, 0x70,

    /* U+0076 "v" */
    0xf0, 0x0, 0xf7, 0x0, 0xf, 0x78, 0x0, 0xe7,
    0x80, 0x1e, 0x38, 0x1, 0xe3, 0xc0, 0x1c, 0x3c,
    0x3, 0xc1, 0xc0, 0x3c, 0x1e, 0x3, 0x80, 0xe0,
    0x78, 0xe, 0x7, 0x0, 0xf0, 0x70, 0x7, 0xf,
    0x0, 0x78, 0xe0, 0x7, 0x9e, 0x0, 0x39, 0xe0,
    0x3, 0x9c, 0x0, 0x3d, 0xc0, 0x1, 0xf8, 0x0,
    0x1f, 0x80, 0x0, 0xf8, 0x0, 0xf, 0x0,

    /* U+0077 "w" */
    0x70, 0x3, 0xc0, 0x1e, 0xe0, 0xf, 0x80, 0x3d,
    0xe0, 0x1f, 0x0, 0x73, 0xc0, 0x3f, 0x1, 0xe3,
    0x80, 0xee, 0x3, 0xc7, 0x1, 0xdc, 0x7, 0x8f,
    0x3, 0xbc, 0xe, 0x1e, 0x7, 0x38, 0x3c, 0x1c,
    0x1e, 0x70, 0x78, 0x38, 0x38, 0xe0, 0xe0, 0x78,
    0x71, 0xe1, 0xc0, 0x71, 0xe1, 0xc7, 0x80, 0xe3,
    0x83, 0x8f, 0x1, 0xc7, 0x7, 0x9c, 0x3, 0xde,
    0x7, 0x38, 0x3, 0xb8, 0xe, 0xf0, 0x7, 0x70,
    0x1d, 0xe0, 0xe, 0xe0, 0x1f, 0x80, 0x1f, 0x80,
    0x3f, 0x0, 0x1f, 0x0, 0x7e, 0x0, 0x3e, 0x0,
    0xf8, 0x0, 0x78, 0x0, 0xf0, 0x0,

    /* U+0078 "x" */
    0xf0, 0x1, 0xef, 0x0, 0x78, 0xf0, 0x1e, 0x1e,
    0x3, 0xc1, 0xe0, 0xf0, 0x1e, 0x3c, 0x1, 0xc7,
    0x80, 0x3d, 0xe0, 0x3, 0xf8, 0x0, 0x3f, 0x0,
    0x7, 0xc0, 0x0, 0xf8, 0x0, 0x3f, 0x80, 0x7,
    0x78, 0x1, 0xef, 0x0, 0x78, 0xf0, 0xe, 0xf,
    0x3, 0xc1, 0xe0, 0xf0, 0x1e, 0x3c, 0x1, 0xe7,
    0x80, 0x3d, 0xe0, 0x3, 0xc0,

    /* U+0079 "y" */
    0xf0, 0x0, 0xff, 0x0, 0xe, 0x70, 0x1, 0xe7,
    0x80, 0x1e, 0x78, 0x1, 0xc3, 0x80, 0x3c, 0x3c,
    0x3, 0xc1, 0xc0, 0x38, 0x1e, 0x7, 0x81, 0xe0,
    0x70, 0xe, 0xf, 0x0, 0xf0, 0xf0, 0xf, 0xe,
    0x0, 0x71, 0xe0, 0x7, 0x9e, 0x0, 0x39, 0xc0,
    0x3, 0x9c, 0x0, 0x3f, 0xc0, 0x1, 0xf8, 0x0,
    0x1f, 0x80, 0x0, 0xf0, 0x0, 0xf, 0x0, 0x0,
    0xf0, 0x0, 0xe, 0x0, 0x1, 0xe0, 0x0, 0x1e,
    0x0, 0x3, 0xc0, 0x0, 0x3c, 0x0, 0x7, 0x80,
    0xf, 0xf0, 0x0, 0xfe, 0x0, 0xf, 0xc0, 0x0,

    /* U+007A "z" */
    0x7f, 0xff, 0x7f, 0xff, 0x7f, 0xff, 0x0, 0xf,
    0x0, 0x1e, 0x0, 0x3c, 0x0, 0x78, 0x0, 0x78,
    0x0, 0xf0, 0x1, 0xe0, 0x1, 0xe0, 0x3, 0xc0,
    0x7, 0x80, 0xf, 0x0, 0xf, 0x0, 0x1e, 0x0,
    0x3c, 0x0, 0x7c, 0x0, 0x78, 0x0, 0xff, 0xff,
    0xff, 0xff, 0xff, 0xff,

    /* U+007B "{" */
    0x0, 0x78, 0xf, 0xc0, 0xfe, 0x7, 0xc0, 0x7c,
    0x3, 0xc0, 0x1e, 0x0, 0xf0, 0x7, 0x80, 0x3c,
    0x1, 0xe0, 0xf, 0x0, 0x78, 0x3, 0xc0, 0x3e,
    0x3, 0xe0, 0xfe, 0x7, 0x80, 0x3f, 0x80, 0x3e,
    0x0, 0xf8, 0x3, 0xc0, 0x1e, 0x0, 0xf0, 0x7,
    0x80, 0x3c, 0x1, 0xe0, 0xf, 0x0, 0x78, 0x3,
    0xc0, 0x1f, 0x0, 0x7c, 0x3, 0xf8, 0xf, 0xc0,
    0x1e,

    /* U+007C "|" */
    0xff, 0xff, 0xff, 0xff, 0xff, 0xff, 0xff, 0xff,
    0xff, 0xff, 0xff, 0xff, 0xff, 0xff, 0xff,

    /* U+007D "}" */
    0xf0, 0x3, 0xf8, 0xf, 0xf0, 0x7, 0xc0, 0xf,
    0x80, 0x1e, 0x0, 0x78, 0x1, 0xe0, 0x7, 0x80,
    0x1e, 0x0, 0x78, 0x1, 0xe0, 0x7, 0x80, 0x1e,
    0x0, 0x7c, 0x0, 0xf8, 0x1, 0xfc, 0x0, 0xf0,
    0x1f, 0xc0, 0xf8, 0x7, 0xc0, 0x1e, 0x0, 0x78,
    0x1, 0xe0, 0x7, 0x80, 0x1e, 0x0, 0x78, 0x1,
    0xe0, 0x7, 0x80, 0x1e, 0x0, 0xf8, 0x7, 0xc0,
    0xff, 0x3, 0xf8, 0xf, 0x0, 0x0,

    /* U+007E "~" */
    0x3f, 0x0, 0x3f, 0xfc, 0xf, 0xff, 0xff, 0xe0,
    0x7f, 0xf8, 0x1, 0xf8,

    /* U+00A1 "¡" */
    0x77, 0xff, 0xf7, 0x0, 0x0, 0x7, 0xbd, 0xef,
    0x7b, 0xde, 0xf7, 0xbd, 0xef, 0x7b, 0xde, 0xf7,
    0xbd, 0xef, 0x0,

    /* U+00A2 "¢" */
    0x0, 0xe0, 0x0, 0xe0, 0x0, 0xe0, 0x3, 0xfc,
    0xf, 0xff, 0x1f, 0xfe, 0x3f, 0x6, 0x7c, 0x0,
    0x78, 0x0, 0x78, 0x0, 0xf0, 0x0, 0xf0, 0x0,
    0xf0, 0x0, 0xf0, 0x0, 0xf0, 0x0, 0xf0, 0x0,
    0xf0, 0x0, 0xf0, 0x0, 0xf8, 0x0, 0x78, 0x0,
    0x7c, 0x0, 0x3e, 0x3, 0x1f, 0xff, 0xf, 0xff,
    0x3, 0xfc, 0x0, 0xe0, 0x0, 0xe0, 0x0, 0xe0,
    0x0, 0xe0,

    /* U+00A3 "£" */
    0x0, 0x7f, 0x0, 0x1f, 0xfe, 0x3, 0xff, 0xe0,
    0x7c, 0xc, 0xf, 0x80, 0x0, 0xf0, 0x0, 0xf,
    0x0, 0x0, 0xf0, 0x0, 0xf, 0x0, 0x0, 0xf0,
    0x0, 0xf, 0x0, 0x0, 0xf0, 0x0, 0xf, 0x0,
    0xf, 0xff, 0xf0, 0xff, 0xff, 0xf, 0xff, 0xf0,
    0xf, 0x0, 0x0, 0xf0, 0x0, 0xf, 0x0, 0x0,
    0xf0, 0x0, 0xf, 0x0, 0x0, 0xf0, 0x0, 0xf,
    0x0, 0x1, 0xe0, 0x0, 0x1e, 0x0, 0x3, 0xc0,
    0x0, 0xff, 0xff, 0xff, 0xff, 0xff, 0xff, 0xff,
    0xf0,

    /* U+00A4 "¤" */
    0x60, 0x1, 0xbc, 0xf8, 0xff, 0xff, 0xfd, 0xff,
    0xfe, 0x3e, 0x1f, 0xe, 0x1, 0xc3, 0x80, 0x71,
    0xc0, 0xe, 0x70, 0x3, 0x9c, 0x0, 0xe7, 0x0,
    0x39, 0xe0, 0x1e, 0x38, 0x7, 0xf, 0x87, 0xc7,
    0xff, 0xfb, 0xff, 0xfe, 0xf3, 0xe3, 0xd8, 0x0,
    0x60,

    /* U+00A5 "¥" */
    0xf0, 0x0, 0x3d, 0xc0, 0x0, 0xe7, 0x80, 0x7,
    0x8e, 0x0, 0x1c, 0x3c, 0x0, 0xf0, 0x78, 0x7,
    0x81, 0xe0, 0x1e, 0x3, 0xc0, 0xf0, 0xf, 0x3,
    0xc0, 0x1e, 0x1e, 0x0, 0x78, 0x70, 0x0, 0xf3,
    0xc0, 0x1, 0xce, 0x0, 0x7, 0xf8, 0x0, 0xf,
    0xc0, 0x7, 0xff, 0xf8, 0x1f, 0xff, 0xe0, 0x7f,
    0xff, 0x80, 0x7, 0x80, 0x0, 0x1e, 0x0, 0x0,
    0x78, 0x0, 0x7f, 0xff, 0x81, 0xff, 0xfe, 0x7,
    0xff, 0xf8, 0x0, 0x78, 0x0, 0x1, 0xe0, 0x0,
    0x7, 0x80, 0x0, 0x1e, 0x0, 0x0, 0x78, 0x0,

    /* U+00A6 "¦" */
    0xff, 0xff, 0xff, 0xff, 0xff, 0xf8, 0x0, 0x0,
    0x0, 0x1f, 0xff, 0xff, 0xff, 0xff, 0xff,

    /* U+00A7 "§" */
    0x7, 0xf8, 0x1f, 0xff, 0x3f, 0xfe, 0x7c, 0xe,
    0x78, 0x0, 0x78, 0x0, 0x78, 0x0, 0x3e, 0x0,
    0x3f, 0x80, 0xf, 0xe0, 0x1f, 0xf8, 0x3c, 0xfc,
    0x38, 0x3e, 0x70, 0xf, 0x70, 0x7, 0x70, 0x7,
    0x78, 0x7, 0x3c, 0x7, 0x3f, 0xe, 0x1f, 0xfc,
    0x7, 0xf8, 0x0, 0xfc, 0x0, 0x3e, 0x0, 0x1f,
    0x0, 0xf, 0x0, 0xf, 0x80, 0xf, 0xf0, 0x3e,
    0xff, 0xfe, 0xff, 0xfc, 0x1f, 0xe0,

    /* U+00A8 "¨" */
    0x60, 0xde, 0x3f, 0xc7, 0xb0, 0x60,

    /* U+00A9 "©" */
    0x0, 0x1f, 0xc0, 0x0, 0x7, 0xff, 0xc0, 0x0,
    0xf8, 0xf, 0x80, 0xe, 0x0, 0x1e, 0x0, 0xe0,
    0x0, 0x38, 0xe, 0x0, 0x0, 0xe0, 0xe0, 0x3f,
    0x3, 0x86, 0x7, 0xfe, 0xc, 0x70, 0x7f, 0xf0,
    0x73, 0x7, 0xc1, 0x1, 0x98, 0x38, 0x0, 0xd,
    0x83, 0xc0, 0x0, 0x3c, 0x1c, 0x0, 0x1, 0xe0,
    0xe0, 0x0, 0xf, 0x7, 0x0, 0x0, 0x78, 0x38,
    0x0, 0x3, 0xc1, 0xc0, 0x0, 0x1e, 0xe, 0x0,
    0x0, 0xf0, 0x78, 0x0, 0x6, 0xc1, 0xc0, 0x0,
    0x66, 0xf, 0x82, 0x3, 0x38, 0x3f, 0xf0, 0x38,
    0xc0, 0xff, 0x81, 0x87, 0x1, 0xf8, 0x1c, 0x1c,
    0x0, 0x1, 0xc0, 0x70, 0x0, 0x1c, 0x1, 0xe0,
    0x1, 0xc0, 0x7, 0xc0, 0x7c, 0x0, 0xf, 0xff,
    0x80, 0x0, 0x1f, 0xe0, 0x0,

    /* U+00AA "ª" */
    0x3f, 0x8f, 0xf9, 0x83, 0x80, 0x30, 0x6, 0x0,
    0xc7, 0xfb, 0xff, 0xe0, 0x78, 0xf, 0x1, 0xf0,
    0xf7, 0xfe, 0x7c, 0xc0,

    /* U+00AB "«" */
    0x3, 0x3, 0x1, 0xc1, 0xc1, 0xc1, 0xc1, 0xe1,
    0xe1, 0xe1, 0xe1, 0xe1, 0xe1, 0xe1, 0xe0, 0xe0,
    0xe0, 0xf0, 0xf0, 0x3c, 0x3c, 0xe, 0xe, 0x7,
    0x87, 0x81, 0xe1, 0xe0, 0x78, 0x78, 0x1e, 0x1e,
    0x7, 0x7, 0x0, 0x0, 0x0,

    /* U+00AC "¬" */
    0xff, 0xff, 0xff, 0xff, 0xff, 0xff, 0xff, 0x80,
    0x0, 0x70, 0x0, 0xe, 0x0, 0x1, 0xc0, 0x0,
    0x38, 0x0, 0x7, 0x0, 0x0, 0xe0, 0x0, 0x1c,
    0x0, 0x3, 0x80,

    /* U+00AD "­" */
    0xff, 0xff, 0xff, 0xfc,

    /* U+00AE "®" */
    0x0, 0x1f, 0xc0, 0x0, 0x7, 0xff, 0xc0, 0x0,
    0xf8, 0xf, 0x80, 0xe, 0x0, 0x1e, 0x0, 0xe0,
    0x0, 0x38, 0xe, 0x0, 0x0, 0xe0, 0xe1, 0xff,
    0x3, 0x86, 0xf, 0xfe, 0xc, 0x70, 0x7f, 0xf0,
    0x73, 0x3, 0x83, 0xc1, 0x98, 0x1c, 0xe, 0xd,
    0x80, 0xe0, 0x70, 0x3c, 0x7, 0x3, 0x81, 0xe0,
    0x38, 0x3c, 0xf, 0x1, 0xff, 0xc0, 0x78, 0xf,
    0xfc, 0x3, 0xc0, 0x7f, 0xc0, 0x1e, 0x3, 0x8f,
    0x0, 0xf0, 0x1c, 0x38, 0x6, 0xc0, 0xe1, 0xe0,
    0x66, 0x7, 0x7, 0x3, 0x38, 0x38, 0x1c, 0x38,
    0xc1, 0xc0, 0xf1, 0x87, 0xe, 0x3, 0x9c, 0x1c,
    0x0, 0x1, 0xc0, 0x70, 0x0, 0x1c, 0x1, 0xe0,
    0x1, 0xc0, 0x7, 0xc0, 0x7c, 0x0, 0xf, 0xff,
    0x80, 0x0, 0x1f, 0xe0, 0x0,

    /* U+00AF "¯" */
    0xff, 0xff, 0xff, 0xff, 0xff, 0xff, 0xff, 0xf0,

    /* U+00B0 "°" */
    0xf, 0x81, 0xff, 0x1f, 0xfc, 0xe0, 0xef, 0x7,
    0xf0, 0x1f, 0x80, 0xfc, 0x7, 0xe0, 0x3b, 0x83,
    0x9f, 0xfc, 0x7f, 0xc0, 0xf8, 0x0,

    /* U+00B1 "±" */
    0x0, 0xe0, 0x0, 0x1c, 0x0, 0x3, 0x80, 0x0,
    0x70, 0x0, 0xe, 0x0, 0x1, 0xc0, 0x0, 0x38,
    0x0, 0x7, 0x0, 0xff, 0xff, 0xff, 0xff, 0xff,
    0xff, 0xff, 0x80, 0x70, 0x0, 0xe, 0x0, 0x1,
    0xc0, 0x0, 0x38, 0x0, 0x7, 0x0, 0x0, 0xe0,
    0x0, 0x1c, 0x0, 0x3, 0x80, 0x0, 0x0, 0x0,
    0x0, 0x1, 0xff, 0xff, 0xff, 0xff, 0xff, 0xff,
    0xff,

    /* U+00B2 "²" */
    0x1f, 0xf, 0xf9, 0x87, 0x20, 0x70, 0xe, 0x1,
    0xc0, 0x38, 0xf, 0x1, 0xc0, 0x70, 0x1e, 0x7,
    0x81, 0xe0, 0x78, 0xe, 0x3, 0x80, 0xff, 0xff,
    0xfc,

    /* U+00B3 "³" */
    0x1f, 0x87, 0xfe, 0x70, 0xe0, 0x7, 0x0, 0x70,
    0x7, 0x0, 0x70, 0xe, 0x1f, 0xc1, 0xfc, 0x0,
    0xe0, 0x7, 0x0, 0x70, 0x7, 0x0, 0x7e, 0xe,
    0xff, 0xc3, 0xf8,

    /* U+00B4 "´" */
    0x1f, 0x1e, 0x3c, 0x3c, 0x78, 0xf0, 0xe0,

    /* U+00B5 "µ" */
    0xf0, 0x3, 0xfc, 0x0, 0xff, 0x0, 0x3f, 0xc0,
    0xf, 0xf0, 0x3, 0xfc, 0x0, 0xff, 0x0, 0x3f,
    0xc0, 0xf, 0xf0, 0x3, 0xfc, 0x0, 0xff, 0x0,
    0x3f, 0xc0, 0xf, 0xf0, 0x3, 0xfc, 0x0, 0xff,
    0x0, 0x3f, 0xc0, 0x1f, 0xf0, 0x7, 0xfe, 0x3,
    0xff, 0xc1, 0xff, 0xff, 0xef, 0xff, 0xf3, 0xfc,
    0xf8, 0x7f, 0x0, 0x3, 0xc0, 0x0, 0xf0, 0x0,
    0x3c, 0x0, 0xf, 0x0, 0x3, 0xc0, 0x0, 0xf0,
    0x0, 0x3c, 0x0, 0xf, 0x0, 0x3, 0xc0, 0x0,

    /* U+00B6 "¶" */
    0x7, 0xff, 0xf1, 0xff, 0xff, 0x3f, 0xff, 0xf7,
    0xff, 0x83, 0x7f, 0xf8, 0x37, 0xff, 0x83, 0xff,
    0xf8, 0x3f, 0xff, 0x83, 0xff, 0xf8, 0x3f, 0xff,
    0x83, 0xff, 0xf8, 0x3f, 0xff, 0x83, 0xff, 0xf8,
    0x3f, 0xff, 0x83, 0xff, 0xf8, 0x37, 0xff, 0x83,
    0x7f, 0xf8, 0x37, 0xff, 0x83, 0x3f, 0xf8, 0x31,
    0xff, 0x83, 0x3, 0xd8, 0x30, 0x1, 0x83, 0x0,
    0x18, 0x30, 0x1, 0x83, 0x0, 0x18, 0x30, 0x1,
    0x83, 0x0, 0x18, 0x30, 0x1, 0x83, 0x0, 0x18,
    0x30, 0x1, 0x83, 0x0, 0x18, 0x30, 0x1, 0x83,
    0x0, 0x18, 0x30, 0x1, 0x83, 0x0, 0x18, 0x30,
    0x1, 0x83, 0x0, 0x18, 0x30,

    /* U+00B7 "·" */
    0x77, 0xff, 0xf7, 0x0,

    /* U+00B8 "¸" */
    0x18, 0x18, 0x30, 0x3e, 0x1f, 0x7, 0x7, 0xf,
    0xfe, 0xf8,

    /* U+00B9 "¹" */
    0xf, 0x1f, 0x7f, 0xf7, 0xe7, 0x7, 0x7, 0x7,
    0x7, 0x7, 0x7, 0x7, 0x7, 0x7, 0x7, 0x7,
    0x7,

    /* U+00BA "º" */
    0x1f, 0x83, 0xfc, 0x70, 0xe6, 0x6, 0xc0, 0x3c,
    0x3, 0xc0, 0x3c, 0x3, 0xc0, 0x3c, 0x3, 0x60,
    0x67, 0xe, 0x3f, 0xc1, 0xf0,

    /* U+00BB "»" */
    0x60, 0x60, 0x70, 0x70, 0x1c, 0x1c, 0xf, 0xf,
    0x3, 0xc3, 0xc0, 0xf0, 0xf0, 0x3c, 0x3c, 0xe,
    0xe, 0x7, 0x87, 0x87, 0x87, 0x83, 0x83, 0x83,
    0xc3, 0xc3, 0xc3, 0xc3, 0xc3, 0xc3, 0xc3, 0xc1,
    0xc1, 0xc0, 0x0, 0x0, 0x0,

    /* U+00BC "¼" */
    0xf, 0x0, 0xe, 0x1, 0xf0, 0x0, 0xe0, 0x3f,
    0x0, 0x1c, 0xf, 0x70, 0x1, 0x80, 0xe7, 0x0,
    0x38, 0x4, 0x70, 0x7, 0x0, 0x7, 0x0, 0x70,
    0x0, 0x70, 0xe, 0x0, 0x7, 0x0, 0xe0, 0x0,
    0x70, 0x1c, 0x0, 0x7, 0x3, 0x80, 0x0, 0x70,
    0x38, 0x0, 0x7, 0x7, 0x3, 0x80, 0x70, 0x70,
    0x78, 0x7, 0xe, 0xf, 0x80, 0x71, 0xc0, 0xf8,
    0x7, 0x1c, 0x1b, 0x80, 0x3, 0x83, 0x38, 0x0,
    0x38, 0x33, 0x80, 0x7, 0x6, 0x38, 0x0, 0xe0,
    0xc3, 0x80, 0xe, 0xc, 0x38, 0x1, 0xc1, 0xff,
    0xf0, 0x1c, 0x1f, 0xff, 0x3, 0x81, 0xff, 0xf0,
    0x78, 0x0, 0x38, 0x7, 0x0, 0x3, 0x80, 0xe0,
    0x0, 0x38, 0xe, 0x0, 0x3, 0x80,

    /* U+00BD "½" */
    0xf, 0x0, 0xe, 0x1, 0xf0, 0x1, 0xc0, 0x7f,
    0x0, 0x1c, 0xf, 0x70, 0x3, 0x80, 0xe7, 0x0,
    0x30, 0x0, 0x70, 0x7, 0x0, 0x7, 0x0, 0xe0,
    0x0, 0x70, 0xe, 0x0, 0x7, 0x1, 0xc0, 0x0,
    0x70, 0x38, 0x0, 0x7, 0x3, 0x80, 0x0, 0x70,
    0x70, 0xf8, 0x7, 0x7, 0x1f, 0xe0, 0x70, 0xe7,
    0xff, 0x7, 0x1c, 0x30, 0xf0, 0x71, 0xc0, 0x7,
    0x7, 0x38, 0x0, 0x70, 0x3, 0x80, 0x7, 0x0,
    0x70, 0x0, 0xe0, 0xe, 0x0, 0xe, 0x0, 0xe0,
    0x1, 0xc0, 0x1c, 0x0, 0x38, 0x1, 0xc0, 0x7,
    0x0, 0x38, 0x0, 0xe0, 0x7, 0x0, 0x1c, 0x0,
    0x70, 0x3, 0x80, 0xe, 0x0, 0x7f, 0xf0, 0xe0,
    0x7, 0xff, 0x1c, 0x0, 0x7f, 0xf0,

    /* U+00BE "¾" */
    0x1f, 0x80, 0x0, 0xe1, 0xff, 0x80, 0x7, 0xf,
    0xfe, 0x0, 0x1c, 0x1c, 0x3c, 0x0, 0xe0, 0x0,
    0x70, 0x7, 0x0, 0x1, 0xc0, 0x1c, 0x0, 0x7,
    0x0, 0xe0, 0x0, 0x38, 0x7, 0x0, 0x1f, 0xc0,
    0x1c, 0x0, 0x7f, 0x0, 0xe0, 0x0, 0xe, 0x3,
    0x80, 0x0, 0x1c, 0x1c, 0x0, 0x0, 0x70, 0xe0,
    0x70, 0x1, 0xc3, 0x83, 0xcc, 0xf, 0x1c, 0x1f,
    0x3f, 0xf8, 0x60, 0xdc, 0xff, 0xc3, 0x83, 0x70,
    0xfe, 0x1c, 0x19, 0xc0, 0x0, 0x70, 0xc7, 0x0,
    0x3, 0x87, 0x1c, 0x0, 0xc, 0x38, 0x70, 0x0,
    0x70, 0xc1, 0xc0, 0x3, 0x87, 0xff, 0xc0, 0xc,
    0x1f, 0xff, 0x0, 0x70, 0x7f, 0xfc, 0x1, 0x80,
    0x1, 0xc0, 0xe, 0x0, 0x7, 0x0, 0x70, 0x0,
    0x1c, 0x1, 0x80, 0x0, 0x70,

    /* U+00BF "¿" */
    0x0, 0xe0, 0x1, 0xf0, 0x1, 0xf0, 0x1, 0xf0,
    0x0, 0xe0, 0x0, 0x0, 0x0, 0x0, 0x0, 0x0,
    0x0, 0xe0, 0x0, 0xe0, 0x0, 0xe0, 0x1, 0xe0,
    0x1, 0xe0, 0x3, 0xc0, 0x7, 0x80, 0xf, 0x0,
    0x3e, 0x0, 0x7c, 0x0, 0x78, 0x0, 0xf8, 0x0,
    0xf0, 0x0, 0xf0, 0x0, 0xf0, 0x0, 0xf0, 0x0,
    0xf8, 0x0, 0x7c, 0xe, 0x7f, 0xff, 0x1f, 0xfe,
    0xf, 0xf0,

    /* U+00C0 "À" */
    0x0, 0xf0, 0x0, 0x0, 0x3e, 0x0, 0x0, 0x7,
    0x80, 0x0, 0x0, 0xf0, 0x0, 0x0, 0x1c, 0x0,
    0x0, 0x3, 0x80, 0x0, 0x0, 0x70, 0x0, 0x0,
    0x0, 0x0, 0x0, 0x0, 0x0, 0x0, 0x7, 0x80,
    0x0, 0x1, 0xe0, 0x0, 0x0, 0xf8, 0x0, 0x0,
    0x3f, 0x0, 0x0, 0x1f, 0xc0, 0x0, 0x7, 0x78,
    0x0, 0x1, 0xce, 0x0, 0x0, 0xf3, 0x80, 0x0,
    0x38, 0xf0, 0x0, 0x1e, 0x1c, 0x0, 0x7, 0x87,
    0x0, 0x1, 0xc1, 0xe0, 0x0, 0xf0, 0x38, 0x0,
    0x3c, 0xf, 0x0, 0xe, 0x3, 0xc0, 0x7, 0x80,
    0x70, 0x1, 0xc0, 0x1e, 0x0, 0xff, 0xff, 0x80,
    0x3f, 0xff, 0xe0, 0xf, 0xff, 0xfc, 0x7, 0x80,
    0x7, 0x1, 0xc0, 0x1, 0xe0, 0xf0, 0x0, 0x78,
    0x3c, 0x0, 0xe, 0xe, 0x0, 0x3, 0xc7, 0x80,
    0x0, 0xf1, 0xe0, 0x0, 0x1e, 0x70, 0x0, 0x7,
    0xbc, 0x0, 0x0, 0xe0,

    /* U+00C1 "Á" */
    0x0, 0x3, 0xe0, 0x0, 0x0, 0xf0, 0x0, 0x0,
    0x78, 0x0, 0x0, 0x3c, 0x0, 0x0, 0xe, 0x0,
    0x0, 0x7, 0x0, 0x0, 0x1, 0x80, 0x0, 0x0,
    0x0, 0x0, 0x0, 0x0, 0x0, 0x0, 0x7, 0x80,
    0x0, 0x1, 0xe0, 0x0, 0x0, 0xf8, 0x0, 0x0,
    0x3f, 0x0, 0x0, 0x1f, 0xc0, 0x0, 0x7, 0x78,
    0x0, 0x1, 0xce, 0x0, 0x0, 0xf3, 0x80, 0x0,
    0x38, 0xf0, 0x0, 0x1e, 0x1c, 0x0, 0x7, 0x87,
    0x0, 0x1, 0xc1, 0xe0, 0x0, 0xf0, 0x38, 0x0,
    0x3c, 0xf, 0x0, 0xe, 0x3, 0xc0, 0x7, 0x80,
    0x70, 0x1, 0xc0, 0x1e, 0x0, 0xff, 0xff, 0x80,
    0x3f, 0xff, 0xe0, 0xf, 0xff, 0xfc, 0x7, 0x80,
    0x7, 0x1, 0xc0, 0x1, 0xe0, 0xf0, 0x0, 0x78,
    0x3c, 0x0, 0xe, 0xe, 0x0, 0x3, 0xc7, 0x80,
    0x0, 0xf1, 0xe0, 0x0, 0x1e, 0x70, 0x0, 0x7,
    0xbc, 0x0, 0x0, 0xe0,

    /* U+00C2 "Â" */
    0x0, 0x1e, 0x0, 0x0, 0xf, 0x80, 0x0, 0x7,
    0xf0, 0x0, 0x3, 0xde, 0x0, 0x1, 0xe3, 0xc0,
    0x0, 0xf0, 0x38, 0x0, 0x30, 0x6, 0x0, 0x0,
    0x0, 0x0, 0x0, 0x0, 0x0, 0x0, 0x7, 0x80,
    0x0, 0x1, 0xe0, 0x0, 0x0, 0xf8, 0x0, 0x0,
    0x3f, 0x0, 0x0, 0x1f, 0xc0, 0x0, 0x7, 0x78,
    0x0, 0x1, 0xce, 0x0, 0x0, 0xf3, 0x80, 0x0,
    0x38, 0xf0, 0x0, 0x1e, 0x1c, 0x0, 0x7, 0x87,
    0x0, 0x1, 0xc1, 0xe0, 0x0, 0xf0, 0x38, 0x0,
    0x3c, 0xf, 0x0, 0xe, 0x3, 0xc0, 0x7, 0x80,
    0x70, 0x1, 0xc0, 0x1e, 0x0, 0xff, 0xff, 0x80,
    0x3f, 0xff, 0xe0, 0xf, 0xff, 0xfc, 0x7, 0x80,
    0x7, 0x1, 0xc0, 0x1, 0xe0, 0xf0, 0x0, 0x78,
    0x3c, 0x0, 0xe, 0xe, 0x0, 0x3, 0xc7, 0x80,
    0x0, 0xf1, 0xe0, 0x0, 0x1e, 0x70, 0x0, 0x7,
    0xbc, 0x0, 0x0, 0xe0,

    /* U+00C3 "Ã" */
    0x0, 0xf0, 0x30, 0x0, 0x7f, 0x1c, 0x0, 0x3f,
    0xfe, 0x0, 0xc, 0x7f, 0x80, 0x7, 0x3, 0xc0,
    0x0, 0x0, 0x0, 0x0, 0x0, 0x0, 0x0, 0x0,
    0x0, 0x0, 0x0, 0x1e, 0x0, 0x0, 0x7, 0x80,
    0x0, 0x3, 0xe0, 0x0, 0x0, 0xfc, 0x0, 0x0,
    0x7f, 0x0, 0x0, 0x1d, 0xe0, 0x0, 0x7, 0x38,
    0x0, 0x3, 0xce, 0x0, 0x0, 0xe3, 0xc0, 0x0,
    0x78, 0x70, 0x0, 0x1e, 0x1c, 0x0, 0x7, 0x7,
    0x80, 0x3, 0xc0, 0xe0, 0x0, 0xf0, 0x3c, 0x0,
    0x38, 0xf, 0x0, 0x1e, 0x1, 0xc0, 0x7, 0x0,
    0x78, 0x3, 0xff, 0xfe, 0x0, 0xff, 0xff, 0x80,
    0x3f, 0xff, 0xf0, 0x1e, 0x0, 0x1c, 0x7, 0x0,
    0x7, 0x83, 0xc0, 0x1, 0xe0, 0xf0, 0x0, 0x38,
    0x38, 0x0, 0xf, 0x1e, 0x0, 0x3, 0xc7, 0x80,
    0x0, 0x79, 0xc0, 0x0, 0x1e, 0xf0, 0x0, 0x3,
    0x80,

    /* U+00C4 "Ä" */
    0x0, 0xc1, 0x80, 0x0, 0xf1, 0xe0, 0x0, 0x78,
    0xf0, 0x0, 0x18, 0x30, 0x0, 0x0, 0x0, 0x0,
    0x0, 0x0, 0x0, 0x0, 0x0, 0x0, 0x0, 0x0,
    0x0, 0x0, 0x1c, 0x0, 0x0, 0xe, 0x0, 0x0,
    0xf, 0x80, 0x0, 0x7, 0xc0, 0x0, 0x7, 0x70,
    0x0, 0x3, 0xb8, 0x0, 0x1, 0xdc, 0x0, 0x1,
    0xc7, 0x0, 0x0, 0xe3, 0x80, 0x0, 0xf1, 0xe0,
    0x0, 0x70, 0x70, 0x0, 0x38, 0x38, 0x0, 0x3c,
    0x1e, 0x0, 0x1c, 0x7, 0x0, 0xe, 0x3, 0x80,
    0xf, 0x1, 0xe0, 0x7, 0x0, 0x70, 0x7, 0xff,
    0xfc, 0x3, 0xff, 0xfe, 0x1, 0xff, 0xff, 0x1,
    0xe0, 0x3, 0xc0, 0xe0, 0x0, 0xe0, 0xf0, 0x0,
    0x78, 0x78, 0x0, 0x3c, 0x38, 0x0, 0xe, 0x3c,
    0x0, 0x7, 0x9c, 0x0, 0x3, 0xde, 0x0, 0x0,
    0xff, 0x0, 0x0, 0x78,

    /* U+00C5 "Å" */
    0x0, 0x3e, 0x0, 0x0, 0x3f, 0x80, 0x0, 0x38,
    0xe0, 0x0, 0x18, 0x30, 0x0, 0xc, 0x18, 0x0,
    0x7, 0x1c, 0x0, 0x1, 0xfc, 0x0, 0x0, 0x7c,
    0x0, 0x0, 0x3e, 0x0, 0x0, 0x3f, 0x80, 0x0,
    0x1d, 0xc0, 0x0, 0xe, 0xf0, 0x0, 0xf, 0x78,
    0x0, 0x7, 0x9c, 0x0, 0x3, 0x8f, 0x0, 0x3,
    0xc7, 0x80, 0x1, 0xc1, 0xc0, 0x1, 0xe0, 0xf0,
    0x0, 0xf0, 0x38, 0x0, 0x70, 0x1e, 0x0, 0x78,
    0xf, 0x0, 0x3c, 0x3, 0x80, 0x3c, 0x1, 0xe0,
    0x1f, 0xff, 0xf0, 0xf, 0xff, 0xf8, 0xf, 0xff,
    0xfe, 0x7, 0x80, 0xf, 0x3, 0x80, 0x3, 0xc3,
    0xc0, 0x1, 0xe1, 0xc0, 0x0, 0x71, 0xe0, 0x0,
    0x3c, 0xf0, 0x0, 0x1e, 0x70, 0x0, 0x7, 0x78,
    0x0, 0x3, 0xfc, 0x0, 0x1, 0xe0,

    /* U+00C6 "Æ" */
    0x0, 0x7, 0xff, 0xff, 0x80, 0x3, 0xff, 0xff,
    0xc0, 0x3, 0xff, 0xff, 0xe0, 0x1, 0xc7, 0x80,
    0x0, 0x1, 0xe3, 0xc0, 0x0, 0x0, 0xf1, 0xe0,
    0x0, 0x0, 0x70, 0xf0, 0x0, 0x0, 0x78, 0x78,
    0x0, 0x0, 0x38, 0x3c, 0x0, 0x0, 0x3c, 0x1e,
    0x0, 0x0, 0x1c, 0xf, 0x0, 0x0, 0x1e, 0x7,
    0x80, 0x0, 0xe, 0x3, 0xff, 0xf0, 0xf, 0x1,
    0xff, 0xf8, 0x7, 0x80, 0xff, 0xfc, 0x7, 0x80,
    0x78, 0x0, 0x3, 0xc0, 0x3c, 0x0, 0x3, 0xff,
    0xfe, 0x0, 0x1, 0xff, 0xff, 0x0, 0x1, 0xff,
    0xff, 0x80, 0x0, 0xf0, 0x3, 0xc0, 0x0, 0xf0,
    0x1, 0xe0, 0x0, 0x78, 0x0, 0xf0, 0x0, 0x38,
    0x0, 0x78, 0x0, 0x3c, 0x0, 0x3c, 0x0, 0x1c,
    0x0, 0x1e, 0x0, 0x1e, 0x0, 0xf, 0xff, 0xee,
    0x0, 0x7, 0xff, 0xff, 0x0, 0x3, 0xff, 0xf8,

    /* U+00C7 "Ç" */
    0x0, 0x3f, 0xc0, 0x7, 0xff, 0xe0, 0x7f, 0xff,
    0x83, 0xf8, 0x1e, 0x1f, 0x0, 0x0, 0xf8, 0x0,
    0x3, 0xc0, 0x0, 0x1f, 0x0, 0x0, 0x78, 0x0,
    0x1, 0xe0, 0x0, 0xf, 0x0, 0x0, 0x3c, 0x0,
    0x0, 0xf0, 0x0, 0x3, 0xc0, 0x0, 0xf, 0x0,
    0x0, 0x3c, 0x0, 0x0, 0xf0, 0x0, 0x3, 0xc0,
    0x0, 0xf, 0x0, 0x0, 0x1e, 0x0, 0x0, 0x78,
    0x0, 0x1, 0xe0, 0x0, 0x3, 0xc0, 0x0, 0xf,
    0x80, 0x0, 0x1f, 0x0, 0x0, 0x3f, 0x0, 0xe0,
    0x7f, 0xff, 0x80, 0xff, 0xfe, 0x0, 0x7f, 0xe0,
    0x0, 0x30, 0x0, 0x1, 0xc0, 0x0, 0x7, 0x80,
    0x0, 0x3f, 0x0, 0x0, 0x1e, 0x0, 0x0, 0x38,
    0x0, 0x0, 0xe0, 0x0, 0x7, 0x80, 0x1, 0xfc,
    0x0, 0x7, 0xc0, 0x0,

    /* U+00C8 "È" */
    0xf, 0x0, 0xf, 0x0, 0x7, 0x80, 0x3, 0xc0,
    0x1, 0xc0, 0x0, 0xe0, 0x0, 0x60, 0x0, 0x0,
    0x0, 0x0, 0xff, 0xff, 0xff, 0xff, 0xff, 0xff,
    0xf0, 0x0, 0xf0, 0x0, 0xf0, 0x0, 0xf0, 0x0,
    0xf0, 0x0, 0xf0, 0x0, 0xf0, 0x0, 0xf0, 0x0,
    0xf0, 0x0, 0xff, 0xff, 0xff, 0xff, 0xff, 0xff,
    0xf0, 0x0, 0xf0, 0x0, 0xf0, 0x0, 0xf0, 0x0,
    0xf0, 0x0, 0xf0, 0x0, 0xf0, 0x0, 0xf0, 0x0,
    0xf0, 0x0, 0xf0, 0x0, 0xf0, 0x0, 0xff, 0xff,
    0xff, 0xff, 0xff, 0xff,

    /* U+00C9 "É" */
    0x0, 0x3c, 0x0, 0x7c, 0x0, 0x78, 0x0, 0xf0,
    0x0, 0xe0, 0x1, 0xc0, 0x1, 0x80, 0x0, 0x0,
    0x0, 0x0, 0xff, 0xff, 0xff, 0xff, 0xff, 0xff,
    0xf0, 0x0, 0xf0, 0x0, 0xf0, 0x0, 0xf0, 0x0,
    0xf0, 0x0, 0xf0, 0x0, 0xf0, 0x0, 0xf0, 0x0,
    0xf0, 0x0, 0xff, 0xff, 0xff, 0xff, 0xff, 0xff,
    0xf0, 0x0, 0xf0, 0x0, 0xf0, 0x0, 0xf0, 0x0,
    0xf0, 0x0, 0xf0, 0x0, 0xf0, 0x0, 0xf0, 0x0,
    0xf0, 0x0, 0xf0, 0x0, 0xf0, 0x0, 0xff, 0xff,
    0xff, 0xff, 0xff, 0xff,

    /* U+00CA "Ê" */
    0x1, 0xe0, 0x3, 0xe0, 0x7, 0xf0, 0xf, 0x78,
    0x1e, 0x3c, 0x3c, 0x1e, 0x30, 0x6, 0x0, 0x0,
    0x0, 0x0, 0xff, 0xff, 0xff, 0xff, 0xff, 0xff,
    0xf0, 0x0, 0xf0, 0x0, 0xf0, 0x0, 0xf0, 0x0,
    0xf0, 0x0, 0xf0, 0x0, 0xf0, 0x0, 0xf0, 0x0,
    0xf0, 0x0, 0xff, 0xff, 0xff, 0xff, 0xff, 0xff,
    0xf0, 0x0, 0xf0, 0x0, 0xf0, 0x0, 0xf0, 0x0,
    0xf0, 0x0, 0xf0, 0x0, 0xf0, 0x0, 0xf0, 0x0,
    0xf0, 0x0, 0xf0, 0x0, 0xf0, 0x0, 0xff, 0xff,
    0xff, 0xff, 0xff, 0xff,

    /* U+00CB "Ë" */
    0xc, 0x18, 0x1e, 0x3c, 0x1e, 0x3c, 0xc, 0x18,
    0x0, 0x0, 0x0, 0x0, 0x0, 0x0, 0x0, 0x0,
    0xff, 0xff, 0xff, 0xff, 0xff, 0xff, 0xf0, 0x0,
    0xf0, 0x0, 0xf0, 0x0, 0xf0, 0x0, 0xf0, 0x0,
    0xf0, 0x0, 0xf0, 0x0, 0xf0, 0x0, 0xf0, 0x0,
    0xff, 0xff, 0xff, 0xff, 0xff, 0xff, 0xf0, 0x0,
    0xf0, 0x0, 0xf0, 0x0, 0xf0, 0x0, 0xf0, 0x0,
    0xf0, 0x0, 0xf0, 0x0, 0xf0, 0x0, 0xf0, 0x0,
    0xf0, 0x0, 0xf0, 0x0, 0xff, 0xff, 0xff, 0xff,
    0xff, 0xff,

    /* U+00CC "Ì" */
    0xf0, 0x1e, 0x3, 0x80, 0xf0, 0x1e, 0x3, 0xc0,
    0x30, 0x0, 0x0, 0x3f, 0xff, 0xfd, 0xfe, 0x1e,
    0x7, 0x81, 0xe0, 0x78, 0x1e, 0x7, 0x81, 0xe0,
    0x78, 0x1e, 0x7, 0x81, 0xe0, 0x78, 0x1e, 0x7,
    0x81, 0xe0, 0x78, 0x1e, 0x7, 0x81, 0xe0, 0x78,
    0x1e, 0x7, 0x81, 0xe1, 0xfe, 0xff, 0xff, 0xf0,

    /* U+00CD "Í" */
    0x1, 0xe0, 0x78, 0x1e, 0x3, 0x80, 0xe0, 0x38,
    0x6, 0x0, 0x0, 0x0, 0x1f, 0xfb, 0xff, 0x3f,
    0xc1, 0xe0, 0x3c, 0x7, 0x80, 0xf0, 0x1e, 0x3,
    0xc0, 0x78, 0xf, 0x1, 0xe0, 0x3c, 0x7, 0x80,
    0xf0, 0x1e, 0x3, 0xc0, 0x78, 0xf, 0x1, 0xe0,
    0x3c, 0x7, 0x80, 0xf0, 0x1e, 0x3, 0xc0, 0x78,
    0x3f, 0xcf, 0xfd, 0xff, 0x80,

    /* U+00CE "Î" */
    0x7, 0x80, 0x3f, 0x1, 0xfe, 0x7, 0x38, 0x38,
    0x71, 0xc0, 0xee, 0x1, 0xc0, 0x0, 0x0, 0x0,
    0xff, 0xc3, 0xff, 0x7, 0xf8, 0x7, 0x80, 0x1e,
    0x0, 0x78, 0x1, 0xe0, 0x7, 0x80, 0x1e, 0x0,
    0x78, 0x1, 0xe0, 0x7, 0x80, 0x1e, 0x0, 0x78,
    0x1, 0xe0, 0x7, 0x80, 0x1e, 0x0, 0x78, 0x1,
    0xe0, 0x7, 0x80, 0x1e, 0x0, 0x78, 0x1, 0xe0,
    0x7, 0x80, 0x1e, 0x0, 0x78, 0x7, 0xf8, 0x3f,
    0xf0, 0xff, 0xc0,

    /* U+00CF "Ï" */
    0x60, 0xfe, 0x1f, 0xc3, 0xb0, 0x70, 0x0, 0x0,
    0x0, 0x0, 0x0, 0x7f, 0xef, 0xfc, 0xff, 0x7,
    0x80, 0xf0, 0x1e, 0x3, 0xc0, 0x78, 0xf, 0x1,
    0xe0, 0x3c, 0x7, 0x80, 0xf0, 0x1e, 0x3, 0xc0,
    0x78, 0xf, 0x1, 0xe0, 0x3c, 0x7, 0x80, 0xf0,
    0x1e, 0x3, 0xc0, 0x78, 0xf, 0x1, 0xe0, 0xff,
    0x3f, 0xf7, 0xfe,

    /* U+00D0 "Ð" */
    0x1f, 0xff, 0x0, 0x7, 0xff, 0xf8, 0x1, 0xff,
    0xff, 0x80, 0x78, 0x7, 0xf0, 0x1e, 0x0, 0x3e,
    0x7, 0x80, 0x7, 0xc1, 0xe0, 0x0, 0xf0, 0x78,
    0x0, 0x3e, 0x1e, 0x0, 0x7, 0x87, 0x80, 0x1,
    0xe1, 0xe0, 0x0, 0x3c, 0x78, 0x0, 0xf, 0x1e,
    0x0, 0x3, 0xff, 0xff, 0x0, 0xff, 0xff, 0xc0,
    0x3f, 0xff, 0xf0, 0xf, 0x1e, 0x0, 0x3, 0xc7,
    0x80, 0x0, 0xf1, 0xe0, 0x0, 0x3c, 0x78, 0x0,
    0x1e, 0x1e, 0x0, 0x7, 0x87, 0x80, 0x3, 0xe1,
    0xe0, 0x0, 0xf0, 0x78, 0x0, 0x78, 0x1e, 0x0,
    0x7e, 0x7, 0x80, 0x7f, 0x1, 0xff, 0xff, 0x0,
    0x7f, 0xff, 0x80, 0x1f, 0xff, 0x0, 0x0,

    /* U+00D1 "Ñ" */
    0x3, 0xe0, 0x60, 0xf, 0xf1, 0xc0, 0x3f, 0xff,
    0x80, 0x71, 0xfe, 0x0, 0xc0, 0xf8, 0x0, 0x0,
    0x0, 0x0, 0x0, 0x0, 0x0, 0x0, 0x0, 0xf0,
    0x0, 0xf, 0xf0, 0x0, 0x1f, 0xf0, 0x0, 0x3f,
    0xe0, 0x0, 0x7f, 0xe0, 0x0, 0xff, 0xe0, 0x1,
    0xfb, 0xc0, 0x3, 0xf3, 0xc0, 0x7, 0xe7, 0xc0,
    0xf, 0xc7, 0x80, 0x1f, 0x87, 0x80, 0x3f, 0xf,
    0x80, 0x7e, 0xf, 0x0, 0xfc, 0xf, 0x1, 0xf8,
    0x1f, 0x3, 0xf0, 0x1e, 0x7, 0xe0, 0x1e, 0xf,
    0xc0, 0x3e, 0x1f, 0x80, 0x3c, 0x3f, 0x0, 0x3c,
    0x7e, 0x0, 0x7c, 0xfc, 0x0, 0x79, 0xf8, 0x0,
    0x7b, 0xf0, 0x0, 0xff, 0xe0, 0x0, 0xff, 0xc0,
    0x0, 0xff, 0x80, 0x1, 0xff, 0x0, 0x1, 0xfe,
    0x0, 0x1, 0xe0,

    /* U+00D2 "Ò" */
    0x0, 0xf0, 0x0, 0x0, 0x3e, 0x0, 0x0, 0x7,
    0x80, 0x0, 0x0, 0xf0, 0x0, 0x0, 0x1c, 0x0,
    0x0, 0x3, 0x80, 0x0, 0x0, 0x70, 0x0, 0x0,
    0x0, 0x0, 0x0, 0x0, 0x0, 0x0, 0x0, 0x0,
    0x0, 0x7, 0xf8, 0x0, 0xf, 0xff, 0xc0, 0x7,
    0xff, 0xf8, 0x3, 0xf0, 0x3f, 0x1, 0xf0, 0x3,
    0xe0, 0xf8, 0x0, 0x7c, 0x3c, 0x0, 0xf, 0x1e,
    0x0, 0x1, 0xe7, 0x80, 0x0, 0x79, 0xe0, 0x0,
    0x1e, 0xf0, 0x0, 0x3, 0xfc, 0x0, 0x0, 0xff,
    0x0, 0x0, 0x3f, 0xc0, 0x0, 0xf, 0xf0, 0x0,
    0x3, 0xfc, 0x0, 0x0, 0xff, 0x0, 0x0, 0x3f,
    0xc0, 0x0, 0xf, 0xf0, 0x0, 0x3, 0xde, 0x0,
    0x1, 0xe7, 0x80, 0x0, 0x79, 0xe0, 0x0, 0x1e,
    0x3c, 0x0, 0xf, 0xf, 0x80, 0x7, 0xc1, 0xf0,
    0x3, 0xe0, 0x3f, 0x3, 0xf0, 0x7, 0xff, 0xf8,
    0x0, 0xff, 0xfc, 0x0, 0x7, 0xf8, 0x0,

    /* U+00D3 "Ó" */
    0x0, 0x1, 0xe0, 0x0, 0x0, 0xf0, 0x0, 0x0,
    0x3c, 0x0, 0x0, 0x1e, 0x0, 0x0, 0xf, 0x0,
    0x0, 0x3, 0x80, 0x0, 0x1, 0xc0, 0x0, 0x0,
    0x0, 0x0, 0x0, 0x0, 0x0, 0x0, 0x0, 0x0,
    0x0, 0x7, 0xf8, 0x0, 0xf, 0xff, 0xc0, 0x7,
    0xff, 0xf8, 0x3, 0xf0, 0x3f, 0x1, 0xf0, 0x3,
    0xe0, 0xf8, 0x0, 0x7c, 0x3c, 0x0, 0xf, 0x1e,
    0x0, 0x1, 0xe7, 0x80, 0x0, 0x79, 0xe0, 0x0,
    0x1e, 0xf0, 0x0, 0x3, 0xfc, 0x0, 0x0, 0xff,
    0x0, 0x0, 0x3f, 0xc0, 0x0, 0xf, 0xf0, 0x0,
    0x3, 0xfc, 0x0, 0x0, 0xff, 0x0, 0x0, 0x3f,
    0xc0, 0x0, 0xf, 0xf0, 0x0, 0x3, 0xde, 0x0,
    0x1, 0xe7, 0x80, 0x0, 0x79, 0xe0, 0x0, 0x1e,
    0x3c, 0x0, 0xf, 0xf, 0x80, 0x7, 0xc1, 0xf0,
    0x3, 0xe0, 0x3f, 0x3, 0xf0, 0x7, 0xff, 0xf8,
    0x0, 0xff, 0xfc, 0x0, 0x7, 0xf8, 0x0,

    /* U+00D4 "Ô" */
    0x0, 0x1e, 0x0, 0x0, 0x7, 0x80, 0x0, 0x3,
    0xf0, 0x0, 0x1, 0xfe, 0x0, 0x0, 0xf3, 0xc0,
    0x0, 0x78, 0x78, 0x0, 0x1c, 0xe, 0x0, 0x0,
    0x0, 0x0, 0x0, 0x0, 0x0, 0x0, 0x0, 0x0,
    0x0, 0x7, 0xf8, 0x0, 0xf, 0xff, 0xc0, 0x7,
    0xff, 0xf8, 0x3, 0xf0, 0x3f, 0x1, 0xf0, 0x3,
    0xe0, 0xf8, 0x0, 0x7c, 0x3c, 0x0, 0xf, 0x1e,
    0x0, 0x1, 0xe7, 0x80, 0x0, 0x79, 0xe0, 0x0,
    0x1e, 0xf0, 0x0, 0x3, 0xfc, 0x0, 0x0, 0xff,
    0x0, 0x0, 0x3f, 0xc0, 0x0, 0xf, 0xf0, 0x0,
    0x3, 0xfc, 0x0, 0x0, 0xff, 0x0, 0x0, 0x3f,
    0xc0, 0x0, 0xf, 0xf0, 0x0, 0x3, 0xde, 0x0,
    0x1, 0xe7, 0x80, 0x0, 0x79, 0xe0, 0x0, 0x1e,
    0x3c, 0x0, 0xf, 0xf, 0x80, 0x7, 0xc1, 0xf0,
    0x3, 0xe0, 0x3f, 0x3, 0xf0, 0x7, 0xff, 0xf8,
    0x0, 0xff, 0xfc, 0x0, 0x7, 0xf8, 0x0,

    /* U+00D5 "Õ" */
    0x0, 0xf0, 0x30, 0x0, 0x7f, 0x1c, 0x0, 0x1f,
    0xfe, 0x0, 0xe, 0x3f, 0x80, 0x3, 0x3, 0xc0,
    0x0, 0x0, 0x0, 0x0, 0x0, 0x0, 0x0, 0x0,
    0x0, 0x0, 0x0, 0x7f, 0x80, 0x0, 0xff, 0xfc,
    0x0, 0x7f, 0xff, 0x80, 0x3f, 0x3, 0xf0, 0x1f,
    0x0, 0x3e, 0xf, 0x80, 0x7, 0xc3, 0xc0, 0x0,
    0xf1, 0xe0, 0x0, 0x1e, 0x78, 0x0, 0x7, 0x9e,
    0x0, 0x1, 0xef, 0x0, 0x0, 0x3f, 0xc0, 0x0,
    0xf, 0xf0, 0x0, 0x3, 0xfc, 0x0, 0x0, 0xff,
    0x0, 0x0, 0x3f, 0xc0, 0x0, 0xf, 0xf0, 0x0,
    0x3, 0xfc, 0x0, 0x0, 0xff, 0x0, 0x0, 0x3d,
    0xe0, 0x0, 0x1e, 0x78, 0x0, 0x7, 0x9e, 0x0,
    0x1, 0xe3, 0xc0, 0x0, 0xf0, 0xf8, 0x0, 0x7c,
    0x1f, 0x0, 0x3e, 0x3, 0xf0, 0x3f, 0x0, 0x7f,
    0xff, 0x80, 0xf, 0xff, 0xc0, 0x0, 0x7f, 0x80,
    0x0,

    /* U+00D6 "Ö" */
    0x0, 0xc0, 0xc0, 0x0, 0x78, 0x78, 0x0, 0x1e,
    0x1e, 0x0, 0x3, 0x3, 0x0, 0x0, 0x0, 0x0,
    0x0, 0x0, 0x0, 0x0, 0x0, 0x0, 0x0, 0x0,
    0x0, 0x0, 0x0, 0x7f, 0x80, 0x0, 0xff, 0xfc,
    0x0, 0x7f, 0xff, 0x80, 0x3f, 0x3, 0xf0, 0x1f,
    0x0, 0x3e, 0xf, 0x80, 0x7, 0xc3, 0xc0, 0x0,
    0xf1, 0xe0, 0x0, 0x1e, 0x78, 0x0, 0x7, 0x9e,
    0x0, 0x1, 0xef, 0x0, 0x0, 0x3f, 0xc0, 0x0,
    0xf, 0xf0, 0x0, 0x3, 0xfc, 0x0, 0x0, 0xff,
    0x0, 0x0, 0x3f, 0xc0, 0x0, 0xf, 0xf0, 0x0,
    0x3, 0xfc, 0x0, 0x0, 0xff, 0x0, 0x0, 0x3d,
    0xe0, 0x0, 0x1e, 0x78, 0x0, 0x7, 0x9e, 0x0,
    0x1, 0xe3, 0xc0, 0x0, 0xf0, 0xf8, 0x0, 0x7c,
    0x1f, 0x0, 0x3e, 0x3, 0xf0, 0x3f, 0x0, 0x7f,
    0xff, 0x80, 0xf, 0xff, 0xc0, 0x0, 0x7f, 0x80,
    0x0,

    /* U+00D7 "×" */
    0x40, 0x1, 0x70, 0x1, 0xfc, 0x1, 0xef, 0x1,
    0xe3, 0xc1, 0xe0, 0xf1, 0xe0, 0x3d, 0xe0, 0xf,
    0xe0, 0x3, 0xe0, 0x1, 0xf0, 0x1, 0xfc, 0x1,
    0xef, 0x1, 0xe3, 0xc1, 0xe0, 0xf1, 0xe0, 0x3d,
    0xe0, 0xf, 0xe0, 0x3, 0x20, 0x0, 0x0,

    /* U+00D8 "Ø" */
    0x0, 0x0, 0x4, 0x0, 0x1f, 0xe1, 0xc0, 0x3f,
    0xff, 0xf0, 0x1f, 0xff, 0xf8, 0xf, 0xc0, 0xfc,
    0x7, 0xc0, 0xf, 0x83, 0xe0, 0x7, 0xf0, 0xf0,
    0x1, 0xfc, 0x78, 0x0, 0xe7, 0x9e, 0x0, 0x79,
    0xe7, 0x80, 0x1c, 0x7b, 0xc0, 0xe, 0xf, 0xf0,
    0x7, 0x83, 0xfc, 0x1, 0xc0, 0xff, 0x0, 0xe0,
    0x3f, 0xc0, 0x78, 0xf, 0xf0, 0x3c, 0x3, 0xfc,
    0xe, 0x0, 0xff, 0x7, 0x80, 0x3f, 0xc3, 0xc0,
    0xf, 0x78, 0xe0, 0x7, 0x9e, 0x70, 0x1, 0xe7,
    0xbc, 0x0, 0x78, 0xfe, 0x0, 0x3c, 0x3f, 0x0,
    0x1f, 0x7, 0xc0, 0xf, 0x80, 0xfc, 0xf, 0xc0,
    0x7f, 0xff, 0xe0, 0x3f, 0xff, 0xf0, 0xe, 0x1f,
    0xe0, 0x0, 0x0, 0x0, 0x0,

    /* U+00D9 "Ù" */
    0x3, 0xc0, 0x0, 0xf, 0x80, 0x0, 0x1e, 0x0,
    0x0, 0x3c, 0x0, 0x0, 0x70, 0x0, 0x0, 0xe0,
    0x0, 0x1, 0xc0, 0x0, 0x0, 0x0, 0x0, 0x0,
    0x0, 0x0, 0x0, 0xf, 0x0, 0x3, 0xfc, 0x0,
    0xf, 0xf0, 0x0, 0x3f, 0xc0, 0x0, 0xff, 0x0,
    0x3, 0xfc, 0x0, 0xf, 0xf0, 0x0, 0x3f, 0xc0,
    0x0, 0xff, 0x0, 0x3, 0xfc, 0x0, 0xf, 0xf0,
    0x0, 0x3f, 0xc0, 0x0, 0xff, 0x0, 0x3, 0xfc,
    0x0, 0xf, 0xf0, 0x0, 0x3f, 0xc0, 0x0, 0xff,
    0x0, 0x3, 0xfc, 0x0, 0xf, 0xf0, 0x0, 0x3f,
    0xc0, 0x0, 0xff, 0x0, 0x3, 0xfc, 0x0, 0xf,
    0x78, 0x0, 0x79, 0xe0, 0x1, 0xe3, 0xc0, 0xf,
    0xf, 0xc0, 0xfc, 0x1f, 0xff, 0xe0, 0x1f, 0xfe,
    0x0, 0x1f, 0xe0, 0x0,

    /* U+00DA "Ú" */
    0x0, 0x7, 0x80, 0x0, 0x3c, 0x0, 0x0, 0xe0,
    0x0, 0x7, 0x80, 0x0, 0x3c, 0x0, 0x0, 0xe0,
    0x0, 0x7, 0x0, 0x0, 0x0, 0x0, 0x0, 0x0,
    0x0, 0x0, 0x0, 0xf, 0x0, 0x3, 0xfc, 0x0,
    0xf, 0xf0, 0x0, 0x3f, 0xc0, 0x0, 0xff, 0x0,
    0x3, 0xfc, 0x0, 0xf, 0xf0, 0x0, 0x3f, 0xc0,
    0x0, 0xff, 0x0, 0x3, 0xfc, 0x0, 0xf, 0xf0,
    0x0, 0x3f, 0xc0, 0x0, 0xff, 0x0, 0x3, 0xfc,
    0x0, 0xf, 0xf0, 0x0, 0x3f, 0xc0, 0x0, 0xff,
    0x0, 0x3, 0xfc, 0x0, 0xf, 0xf0, 0x0, 0x3f,
    0xc0, 0x0, 0xff, 0x0, 0x3, 0xfc, 0x0, 0xf,
    0x78, 0x0, 0x79, 0xe0, 0x1, 0xe3, 0xc0, 0xf,
    0xf, 0xc0, 0xfc, 0x1f, 0xff, 0xe0, 0x1f, 0xfe,
    0x0, 0x1f, 0xe0, 0x0,

    /* U+00DB "Û" */
    0x0, 0x78, 0x0, 0x1, 0xe0, 0x0, 0xf, 0xc0,
    0x0, 0x7f, 0x80, 0x3, 0xcf, 0x0, 0xe, 0x1c,
    0x0, 0x70, 0x38, 0x0, 0x0, 0x0, 0x0, 0x0,
    0x0, 0x0, 0x0, 0xf, 0x0, 0x3, 0xfc, 0x0,
    0xf, 0xf0, 0x0, 0x3f, 0xc0, 0x0, 0xff, 0x0,
    0x3, 0xfc, 0x0, 0xf, 0xf0, 0x0, 0x3f, 0xc0,
    0x0, 0xff, 0x0, 0x3, 0xfc, 0x0, 0xf, 0xf0,
    0x0, 0x3f, 0xc0, 0x0, 0xff, 0x0, 0x3, 0xfc,
    0x0, 0xf, 0xf0, 0x0, 0x3f, 0xc0, 0x0, 0xff,
    0x0, 0x3, 0xfc, 0x0, 0xf, 0xf0, 0x0, 0x3f,
    0xc0, 0x0, 0xff, 0x0, 0x3, 0xfc, 0x0, 0xf,
    0x78, 0x0, 0x79, 0xe0, 0x1, 0xe3, 0xc0, 0xf,
    0xf, 0xc0, 0xfc, 0x1f, 0xff, 0xe0, 0x1f, 0xfe,
    0x0, 0x1f, 0xe0, 0x0,

    /* U+00DC "Ü" */
    0x3, 0x3, 0x0, 0x1e, 0x1e, 0x0, 0x78, 0x78,
    0x0, 0xc0, 0xc0, 0x0, 0x0, 0x0, 0x0, 0x0,
    0x0, 0x0, 0x0, 0x0, 0x0, 0x0, 0xf0, 0x0,
    0x3f, 0xc0, 0x0, 0xff, 0x0, 0x3, 0xfc, 0x0,
    0xf, 0xf0, 0x0, 0x3f, 0xc0, 0x0, 0xff, 0x0,
    0x3, 0xfc, 0x0, 0xf, 0xf0, 0x0, 0x3f, 0xc0,
    0x0, 0xff, 0x0, 0x3, 0xfc, 0x0, 0xf, 0xf0,
    0x0, 0x3f, 0xc0, 0x0, 0xff, 0x0, 0x3, 0xfc,
    0x0, 0xf, 0xf0, 0x0, 0x3f, 0xc0, 0x0, 0xff,
    0x0, 0x3, 0xfc, 0x0, 0xf, 0xf0, 0x0, 0x3f,
    0xc0, 0x0, 0xf7, 0x80, 0x7, 0x9e, 0x0, 0x1e,
    0x3c, 0x0, 0xf0, 0xfc, 0xf, 0xc1, 0xff, 0xfe,
    0x1, 0xff, 0xe0, 0x1, 0xfe, 0x0,

    /* U+00DD "Ý" */
    0x0, 0x3, 0xc0, 0x0, 0x7, 0x80, 0x0, 0xf,
    0x0, 0x0, 0xe, 0x0, 0x0, 0x1c, 0x0, 0x0,
    0x38, 0x0, 0x0, 0x30, 0x0, 0x0, 0x0, 0x0,
    0x0, 0x0, 0x0, 0x78, 0x0, 0x1e, 0x78, 0x0,
    0x1e, 0x3c, 0x0, 0x3c, 0x3c, 0x0, 0x3c, 0x1e,
    0x0, 0x78, 0x1e, 0x0, 0x78, 0xf, 0x0, 0xf0,
    0xf, 0x0, 0xf0, 0x7, 0x81, 0xe0, 0x3, 0xc3,
    0xc0, 0x3, 0xc3, 0xc0, 0x1, 0xe7, 0x80, 0x1,
    0xe7, 0x80, 0x0, 0xff, 0x0, 0x0, 0xff, 0x0,
    0x0, 0x7e, 0x0, 0x0, 0x7e, 0x0, 0x0, 0x3c,
    0x0, 0x0, 0x3c, 0x0, 0x0, 0x3c, 0x0, 0x0,
    0x3c, 0x0, 0x0, 0x3c, 0x0, 0x0, 0x3c, 0x0,
    0x0, 0x3c, 0x0, 0x0, 0x3c, 0x0, 0x0, 0x3c,
    0x0, 0x0, 0x3c, 0x0, 0x0, 0x3c, 0x0, 0x0,
    0x3c, 0x0,

    /* U+00DE "Þ" */
    0xf0, 0x0, 0x3c, 0x0, 0xf, 0x0, 0x3, 0xc0,
    0x0, 0xf0, 0x0, 0x3f, 0xfc, 0xf, 0xff, 0xe3,
    0xff, 0xfc, 0xf0, 0x1f, 0xbc, 0x3, 0xef, 0x0,
    0x7f, 0xc0, 0xf, 0xf0, 0x3, 0xfc, 0x0, 0xff,
    0x0, 0x3f, 0xc0, 0xf, 0xf0, 0x3, 0xfc, 0x1,
    0xef, 0x0, 0xfb, 0xc0, 0xfc, 0xff, 0xfe, 0x3f,
    0xff, 0xf, 0xfe, 0x3, 0xc0, 0x0, 0xf0, 0x0,
    0x3c, 0x0, 0xf, 0x0, 0x3, 0xc0, 0x0, 0xf0,
    0x0, 0x0,

    /* U+00DF "ß" */
    0x7, 0xf8, 0x1, 0xff, 0xf0, 0x3f, 0xff, 0x87,
    0xc0, 0xf8, 0xf8, 0x7, 0xcf, 0x0, 0x3c, 0xf0,
    0x3, 0xcf, 0x0, 0x3c, 0xf0, 0x7, 0x8f, 0x0,
    0xf8, 0xf0, 0x3e, 0xf, 0x7, 0xc0, 0xf0, 0xf8,
    0xf, 0xf, 0x0, 0xf0, 0xf0, 0xf, 0xf, 0x80,
    0xf0, 0x7c, 0xf, 0x7, 0xe0, 0xf0, 0x3f, 0x8f,
    0x0, 0xfc, 0xf0, 0x7, 0xef, 0x0, 0x1e, 0xf0,
    0x1, 0xff, 0x0, 0xf, 0xf0, 0x0, 0xff, 0x0,
    0xf, 0xf0, 0x0, 0xff, 0x18, 0x1e, 0xf1, 0xff,
    0xef, 0x1f, 0xfc, 0xf0, 0x7f, 0x0,

    /* U+00E0 "à" */
    0x7, 0x80, 0x1, 0xe0, 0x0, 0x3c, 0x0, 0x7,
    0x0, 0x1, 0xe0, 0x0, 0x3c, 0x0, 0x7, 0x0,
    0x0, 0x0, 0x0, 0x0, 0x0, 0x0, 0x0, 0x3f,
    0xc0, 0x7f, 0xfc, 0x1f, 0xff, 0x87, 0x3, 0xe0,
    0x0, 0x7c, 0x0, 0xf, 0x0, 0x3, 0xc0, 0x0,
    0xf0, 0x3f, 0xfc, 0x7f, 0xff, 0x3f, 0xff, 0xdf,
    0x80, 0xff, 0x80, 0x3f, 0xc0, 0xf, 0xf0, 0x3,
    0xfc, 0x0, 0xff, 0x0, 0x7f, 0xe0, 0x3f, 0x7c,
    0x1f, 0xdf, 0xfe, 0xf3, 0xff, 0x1c, 0x3f, 0x7,

    /* U+00E1 "á" */
    0x0, 0x1f, 0x0, 0x7, 0x80, 0x3, 0xc0, 0x0,
    0xe0, 0x0, 0x78, 0x0, 0x3c, 0x0, 0xc, 0x0,
    0x0, 0x0, 0x0, 0x0, 0x0, 0x0, 0x0, 0x3f,
    0xc0, 0x7f, 0xfc, 0x1f, 0xff, 0x87, 0x3, 0xe0,
    0x0, 0x7c, 0x0, 0xf, 0x0, 0x3, 0xc0, 0x0,
    0xf0, 0x3f, 0xfc, 0x7f, 0xff, 0x3f, 0xff, 0xdf,
    0x80, 0xff, 0x80, 0x3f, 0xc0, 0xf, 0xf0, 0x3,
    0xfc, 0x0, 0xff, 0x0, 0x7f, 0xe0, 0x3f, 0x7c,
    0x1f, 0xdf, 0xfe, 0xf3, 0xff, 0x1c, 0x3f, 0x7,

    /* U+00E2 "â" */
    0x0, 0xe0, 0x0, 0x7c, 0x0, 0x3f, 0x80, 0xe,
    0xf0, 0x7, 0x1e, 0x3, 0x83, 0xc1, 0xc0, 0x78,
    0x0, 0x0, 0x0, 0x0, 0x0, 0x0, 0x0, 0x3f,
    0xc0, 0x7f, 0xfc, 0x1f, 0xff, 0x87, 0x3, 0xe0,
    0x0, 0x7c, 0x0, 0xf, 0x0, 0x3, 0xc0, 0x0,
    0xf0, 0x3f, 0xfc, 0x7f, 0xff, 0x3f, 0xff, 0xdf,
    0x80, 0xff, 0x80, 0x3f, 0xc0, 0xf, 0xf0, 0x3,
    0xfc, 0x0, 0xff, 0x0, 0x7f, 0xe0, 0x3f, 0x7c,
    0x1f, 0xdf, 0xfe, 0xf3, 0xff, 0x1c, 0x3f, 0x7,

    /* U+00E3 "ã" */
    0xf, 0xc1, 0x87, 0xff, 0xe1, 0xff, 0xf0, 0xe0,
    0xf8, 0x0, 0x0, 0x0, 0x0, 0x0, 0x0, 0x0,
    0xf, 0xf0, 0x1f, 0xff, 0x7, 0xff, 0xe1, 0xc0,
    0xf8, 0x0, 0x1f, 0x0, 0x3, 0xc0, 0x0, 0xf0,
    0x0, 0x3c, 0xf, 0xff, 0x1f, 0xff, 0xcf, 0xff,
    0xf7, 0xe0, 0x3f, 0xe0, 0xf, 0xf0, 0x3, 0xfc,
    0x0, 0xff, 0x0, 0x3f, 0xc0, 0x1f, 0xf8, 0xf,
    0xdf, 0x7, 0xf7, 0xff, 0xbc, 0xff, 0xc7, 0xf,
    0xc1, 0xc0,

    /* U+00E4 "ä" */
    0x6, 0xc, 0x3, 0xc7, 0x80, 0xf1, 0xe0, 0x18,
    0x30, 0x0, 0x0, 0x0, 0x0, 0x0, 0x0, 0x0,
    0xf, 0xf0, 0x1f, 0xff, 0x7, 0xff, 0xe1, 0xc0,
    0xf8, 0x0, 0x1f, 0x0, 0x3, 0xc0, 0x0, 0xf0,
    0x0, 0x3c, 0xf, 0xff, 0x1f, 0xff, 0xcf, 0xff,
    0xf7, 0xe0, 0x3f, 0xe0, 0xf, 0xf0, 0x3, 0xfc,
    0x0, 0xff, 0x0, 0x3f, 0xc0, 0x1f, 0xf8, 0xf,
    0xdf, 0x7, 0xf7, 0xff, 0xbc, 0xff, 0xc7, 0xf,
    0xc1, 0xc0,

    /* U+00E5 "å" */
    0x1, 0xf0, 0x0, 0xfe, 0x0, 0x71, 0xc0, 0x18,
    0x30, 0x6, 0xc, 0x1, 0xc7, 0x0, 0x3f, 0x80,
    0x7, 0xc0, 0x0, 0x0, 0x0, 0x0, 0x0, 0x0,
    0x0, 0xf, 0xf0, 0x1f, 0xff, 0x7, 0xff, 0xe1,
    0xc0, 0xf8, 0x0, 0x1f, 0x0, 0x3, 0xc0, 0x0,
    0xf0, 0x0, 0x3c, 0xf, 0xff, 0x1f, 0xff, 0xcf,
    0xff, 0xf7, 0xe0, 0x3f, 0xe0, 0xf, 0xf0, 0x3,
    0xfc, 0x0, 0xff, 0x0, 0x3f, 0xc0, 0x1f, 0xf8,
    0xf, 0xdf, 0x7, 0xf7, 0xff, 0xbc, 0xff, 0xc7,
    0xf, 0xc1, 0xc0,

    /* U+00E6 "æ" */
    0x3, 0xf0, 0x1f, 0x80, 0x3f, 0xf8, 0xff, 0xc0,
    0xff, 0xfb, 0xff, 0xc0, 0xe0, 0xff, 0x87, 0xc0,
    0x0, 0xfc, 0x3, 0xc0, 0x0, 0xf8, 0x7, 0x80,
    0x1, 0xe0, 0x7, 0x80, 0x3, 0xc0, 0xf, 0x0,
    0x7, 0x80, 0x1e, 0xf, 0xff, 0xff, 0xfc, 0x7f,
    0xff, 0xff, 0xfb, 0xff, 0xff, 0xff, 0xf7, 0xc0,
    0x78, 0x0, 0x1f, 0x0, 0xf0, 0x0, 0x3c, 0x1,
    0xe0, 0x0, 0x78, 0x3, 0xe0, 0x0, 0xf0, 0xf,
    0xc0, 0x1, 0xe0, 0x1f, 0xc0, 0x3, 0xe0, 0xf7,
    0xc0, 0x73, 0xff, 0xc7, 0xff, 0xe3, 0xff, 0x7,
    0xff, 0xc1, 0xf8, 0x1, 0xfc, 0x0,

    /* U+00E7 "ç" */
    0x1, 0xfc, 0xf, 0xff, 0x1f, 0xfe, 0x3e, 0x6,
    0x7c, 0x0, 0x78, 0x0, 0x78, 0x0, 0xf0, 0x0,
    0xf0, 0x0, 0xf0, 0x0, 0xf0, 0x0, 0xf0, 0x0,
    0xf0, 0x0, 0xf0, 0x0, 0xf0, 0x0, 0x78, 0x0,
    0x78, 0x0, 0x7c, 0x0, 0x3e, 0x3, 0x1f, 0xff,
    0xf, 0xff, 0x3, 0xfc, 0x0, 0xc0, 0x1, 0xc0,
    0x1, 0xe0, 0x1, 0xf0, 0x0, 0x78, 0x0, 0x38,
    0x0, 0x38, 0x0, 0x78, 0x7, 0xf0, 0x7, 0xc0,

    /* U+00E8 "è" */
    0xf, 0x0, 0x1, 0xe0, 0x0, 0x78, 0x0, 0xf,
    0x0, 0x1, 0xc0, 0x0, 0x38, 0x0, 0x7, 0x0,
    0x0, 0x0, 0x0, 0x0, 0x0, 0x0, 0x0, 0x3f,
    0x0, 0x3f, 0xf0, 0x1f, 0xff, 0xf, 0x87, 0xc7,
    0xc0, 0x79, 0xe0, 0x1e, 0x78, 0x3, 0xfc, 0x0,
    0xff, 0x0, 0x3f, 0xff, 0xff, 0xff, 0xff, 0xff,
    0xff, 0xff, 0x0, 0x3, 0xc0, 0x0, 0xf0, 0x0,
    0x1e, 0x0, 0x7, 0x80, 0x1, 0xf0, 0x0, 0x3f,
    0x3, 0x87, 0xff, 0xe0, 0xff, 0xf8, 0x7, 0xf0,

    /* U+00E9 "é" */
    0x0, 0x1e, 0x0, 0xf, 0x0, 0x3, 0x80, 0x1,
    0xe0, 0x0, 0xf0, 0x0, 0x38, 0x0, 0x1c, 0x0,
    0x0, 0x0, 0x0, 0x0, 0x0, 0x0, 0x0, 0x3f,
    0x0, 0x3f, 0xf0, 0x1f, 0xff, 0xf, 0x87, 0xc7,
    0xc0, 0x79, 0xe0, 0x1e, 0x78, 0x3, 0xfc, 0x0,
    0xff, 0x0, 0x3f, 0xff, 0xff, 0xff, 0xff, 0xff,
    0xff, 0xff, 0x0, 0x3, 0xc0, 0x0, 0xf0, 0x0,
    0x1e, 0x0, 0x7, 0x80, 0x1, 0xf0, 0x0, 0x3f,
    0x3, 0x87, 0xff, 0xe0, 0xff, 0xf8, 0x7, 0xf0,

    /* U+00EA "ê" */
    0x1, 0xe0, 0x0, 0x78, 0x0, 0x3f, 0x0, 0x1f,
    0xe0, 0xf, 0x3c, 0x3, 0x87, 0x1, 0xc0, 0xe0,
    0x0, 0x0, 0x0, 0x0, 0x0, 0x0, 0x0, 0x3f,
    0x0, 0x3f, 0xf0, 0x1f, 0xff, 0xf, 0x87, 0xc7,
    0xc0, 0x79, 0xe0, 0x1e, 0x78, 0x3, 0xfc, 0x0,
    0xff, 0x0, 0x3f, 0xff, 0xff, 0xff, 0xff, 0xff,
    0xff, 0xff, 0x0, 0x3, 0xc0, 0x0, 0xf0, 0x0,
    0x1e, 0x0, 0x7, 0x80, 0x1, 0xf0, 0x0, 0x3f,
    0x3, 0x87, 0xff, 0xe0, 0xff, 0xf8, 0x7, 0xf0,

    /* U+00EB "ë" */
    0xc, 0xc, 0x7, 0x87, 0x81, 0xe1, 0xe0, 0x30,
    0x30, 0x0, 0x0, 0x0, 0x0, 0x0, 0x0, 0x0,
    0xf, 0xc0, 0xf, 0xfc, 0x7, 0xff, 0xc3, 0xe1,
    0xf1, 0xf0, 0x1e, 0x78, 0x7, 0x9e, 0x0, 0xff,
    0x0, 0x3f, 0xc0, 0xf, 0xff, 0xff, 0xff, 0xff,
    0xff, 0xff, 0xff, 0xc0, 0x0, 0xf0, 0x0, 0x3c,
    0x0, 0x7, 0x80, 0x1, 0xe0, 0x0, 0x7c, 0x0,
    0xf, 0xc0, 0xe1, 0xff, 0xf8, 0x3f, 0xfe, 0x1,
    0xfe, 0x0,

    /* U+00EC "ì" */
    0xf0, 0xf8, 0x78, 0x3c, 0x1e, 0xf, 0x3, 0x0,
    0x0, 0x1e, 0x1e, 0x1e, 0x1e, 0x1e, 0x1e, 0x1e,
    0x1e, 0x1e, 0x1e, 0x1e, 0x1e, 0x1e, 0x1e, 0x1e,
    0x1e, 0x1e, 0x1e, 0x1e, 0x1e, 0x1e, 0x1e,

    /* U+00ED "í" */
    0xf, 0x1e, 0x3c, 0x38, 0x78, 0xe0, 0xc0, 0x0,
    0x0, 0xf0, 0xf0, 0xf0, 0xf0, 0xf0, 0xf0, 0xf0,
    0xf0, 0xf0, 0xf0, 0xf0, 0xf0, 0xf0, 0xf0, 0xf0,
    0xf0, 0xf0, 0xf0, 0xf0, 0xf0, 0xf0, 0xf0,

    /* U+00EE "î" */
    0x7, 0x80, 0x3f, 0x1, 0xfe, 0xf, 0x3c, 0x78,
    0x7b, 0xc0, 0xec, 0x1, 0xc0, 0x0, 0x0, 0x0,
    0x1e, 0x0, 0x78, 0x1, 0xe0, 0x7, 0x80, 0x1e,
    0x0, 0x78, 0x1, 0xe0, 0x7, 0x80, 0x1e, 0x0,
    0x78, 0x1, 0xe0, 0x7, 0x80, 0x1e, 0x0, 0x78,
    0x1, 0xe0, 0x7, 0x80, 0x1e, 0x0, 0x78, 0x1,
    0xe0, 0x7, 0x80, 0x1e, 0x0, 0x78, 0x0,

    /* U+00EF "ï" */
    0x60, 0xfe, 0x1f, 0xc3, 0xb0, 0x70, 0x0, 0x0,
    0x0, 0x0, 0x78, 0xf, 0x1, 0xe0, 0x3c, 0x7,
    0x80, 0xf0, 0x1e, 0x3, 0xc0, 0x78, 0xf, 0x1,
    0xe0, 0x3c, 0x7, 0x80, 0xf0, 0x1e, 0x3, 0xc0,
    0x78, 0xf, 0x1, 0xe0, 0x3c, 0x7, 0x80, 0xf0,

    /* U+00F0 "ð" */
    0x0, 0x0, 0x0, 0x38, 0x38, 0x7, 0xef, 0x80,
    0x1f, 0xf0, 0x0, 0xfc, 0x0, 0xf, 0xc0, 0x3,
    0xfe, 0x0, 0x78, 0xf0, 0x7, 0x7, 0x80, 0x0,
    0x78, 0x0, 0x3, 0xc0, 0x0, 0x3c, 0x3, 0xf9,
    0xe0, 0xff, 0xde, 0x1f, 0xff, 0xe3, 0xe0, 0x7f,
    0x7c, 0x3, 0xf7, 0x80, 0x1f, 0xf8, 0x0, 0xff,
    0x0, 0xf, 0xf0, 0x0, 0xff, 0x0, 0xf, 0xf0,
    0x0, 0xff, 0x0, 0xf, 0xf0, 0x0, 0xff, 0x80,
    0x1e, 0x78, 0x1, 0xe7, 0xc0, 0x3c, 0x3e, 0x7,
    0xc1, 0xff, 0xf8, 0xf, 0xff, 0x0, 0x3f, 0x80,

    /* U+00F1 "ñ" */
    0xf, 0x3, 0x7, 0xf1, 0xc3, 0xff, 0xe0, 0xe3,
    0xf8, 0x30, 0x3c, 0x0, 0x0, 0x0, 0x0, 0x3,
    0x83, 0xf0, 0xf3, 0xff, 0x3d, 0xff, 0xef, 0xe0,
    0xfb, 0xf0, 0x1f, 0xf8, 0x3, 0xfe, 0x0, 0xff,
    0x0, 0x3f, 0xc0, 0xf, 0xf0, 0x3, 0xfc, 0x0,
    0xff, 0x0, 0x3f, 0xc0, 0xf, 0xf0, 0x3, 0xfc,
    0x0, 0xff, 0x0, 0x3f, 0xc0, 0xf, 0xf0, 0x3,
    0xfc, 0x0, 0xff, 0x0, 0x3f, 0xc0, 0xf, 0xf0,
    0x3, 0xc0,

    /* U+00F2 "ò" */
    0x7, 0x80, 0x0, 0x7c, 0x0, 0x3, 0xc0, 0x0,
    0x1e, 0x0, 0x0, 0xe0, 0x0, 0x7, 0x0, 0x0,
    0x38, 0x0, 0x0, 0x0, 0x0, 0x0, 0x0, 0x0,
    0x0, 0x1, 0xf8, 0x0, 0xff, 0xf0, 0x1f, 0xff,
    0x83, 0xe0, 0x7c, 0x7c, 0x3, 0xc7, 0x80, 0x1e,
    0x78, 0x1, 0xef, 0x0, 0xf, 0xf0, 0x0, 0xff,
    0x0, 0xf, 0xf0, 0x0, 0xff, 0x0, 0xf, 0xf0,
    0x0, 0xff, 0x0, 0xf, 0xf0, 0x0, 0xf7, 0x80,
    0x1e, 0x78, 0x1, 0xe3, 0xc0, 0x3c, 0x3e, 0x7,
    0xc1, 0xff, 0xf8, 0xf, 0xff, 0x0, 0x1f, 0x80,

    /* U+00F3 "ó" */
    0x0, 0xf, 0x0, 0x1, 0xe0, 0x0, 0x1c, 0x0,
    0x3, 0xc0, 0x0, 0x78, 0x0, 0x7, 0x0, 0x0,
    0xe0, 0x0, 0x0, 0x0, 0x0, 0x0, 0x0, 0x0,
    0x0, 0x1, 0xf8, 0x0, 0xff, 0xf0, 0x1f, 0xff,
    0x83, 0xe0, 0x7c, 0x7c, 0x3, 0xc7, 0x80, 0x1e,
    0x78, 0x1, 0xef, 0x0, 0xf, 0xf0, 0x0, 0xff,
    0x0, 0xf, 0xf0, 0x0, 0xff, 0x0, 0xf, 0xf0,
    0x0, 0xff, 0x0, 0xf, 0xf0, 0x0, 0xf7, 0x80,
    0x1e, 0x78, 0x1, 0xe3, 0xc0, 0x3c, 0x3e, 0x7,
    0xc1, 0xff, 0xf8, 0xf, 0xff, 0x0, 0x1f, 0x80,

    /* U+00F4 "ô" */
    0x0, 0xf0, 0x0, 0xf, 0x0, 0x1, 0xf8, 0x0,
    0x3f, 0xc0, 0x7, 0x9e, 0x0, 0xf0, 0xf0, 0x1e,
    0x7, 0x80, 0x0, 0x0, 0x0, 0x0, 0x0, 0x0,
    0x0, 0x1, 0xf8, 0x0, 0xff, 0xf0, 0x1f, 0xff,
    0x83, 0xe0, 0x7c, 0x7c, 0x3, 0xc7, 0x80, 0x1e,
    0x78, 0x1, 0xef, 0x0, 0xf, 0xf0, 0x0, 0xff,
    0x0, 0xf, 0xf0, 0x0, 0xff, 0x0, 0xf, 0xf0,
    0x0, 0xff, 0x0, 0xf, 0xf0, 0x0, 0xf7, 0x80,
    0x1e, 0x78, 0x1, 0xe3, 0xc0, 0x3c, 0x3e, 0x7,
    0xc1, 0xff, 0xf8, 0xf, 0xff, 0x0, 0x1f, 0x80,

    /* U+00F5 "õ" */
    0x7, 0xc1, 0x80, 0xff, 0xf8, 0x1f, 0xff, 0x1,
    0x83, 0xe0, 0x0, 0x0, 0x0, 0x0, 0x0, 0x0,
    0x0, 0x0, 0x1f, 0x80, 0xf, 0xff, 0x1, 0xff,
    0xf8, 0x3e, 0x7, 0xc7, 0xc0, 0x3c, 0x78, 0x1,
    0xe7, 0x80, 0x1e, 0xf0, 0x0, 0xff, 0x0, 0xf,
    0xf0, 0x0, 0xff, 0x0, 0xf, 0xf0, 0x0, 0xff,
    0x0, 0xf, 0xf0, 0x0, 0xff, 0x0, 0xf, 0x78,
    0x1, 0xe7, 0x80, 0x1e, 0x3c, 0x3, 0xc3, 0xe0,
    0x7c, 0x1f, 0xff, 0x80, 0xff, 0xf0, 0x1, 0xf8,
    0x0,

    /* U+00F6 "ö" */
    0x6, 0x6, 0x0, 0xf0, 0xf0, 0xf, 0xf, 0x0,
    0x60, 0x60, 0x0, 0x0, 0x0, 0x0, 0x0, 0x0,
    0x0, 0x0, 0x1f, 0x80, 0xf, 0xff, 0x1, 0xff,
    0xf8, 0x3e, 0x7, 0xc7, 0xc0, 0x3c, 0x78, 0x1,
    0xe7, 0x80, 0x1e, 0xf0, 0x0, 0xff, 0x0, 0xf,
    0xf0, 0x0, 0xff, 0x0, 0xf, 0xf0, 0x0, 0xff,
    0x0, 0xf, 0xf0, 0x0, 0xff, 0x0, 0xf, 0x78,
    0x1, 0xe7, 0x80, 0x1e, 0x3c, 0x3, 0xc3, 0xe0,
    0x7c, 0x1f, 0xff, 0x80, 0xff, 0xf0, 0x1, 0xf8,
    0x0,

    /* U+00F7 "÷" */
    0x0, 0xc0, 0x0, 0x3c, 0x0, 0x7, 0x80, 0x0,
    0xf0, 0x0, 0xc, 0x0, 0x0, 0x0, 0x0, 0x0,
    0x0, 0x0, 0x0, 0xff, 0xff, 0xff, 0xff, 0xff,
    0xff, 0xff, 0x80, 0x0, 0x0, 0x0, 0x0, 0x0,
    0x0, 0x0, 0x30, 0x0, 0xf, 0x0, 0x1, 0xe0,
    0x0, 0x3c, 0x0, 0x3, 0x0, 0x0,

    /* U+00F8 "ø" */
    0x0, 0x0, 0x80, 0x3f, 0x8e, 0xf, 0xff, 0xe1,
    0xff, 0xfc, 0x3e, 0xf, 0x87, 0xc0, 0x7c, 0x78,
    0xf, 0xe7, 0x80, 0xfe, 0xf0, 0x1c, 0xff, 0x3,
    0x8f, 0xf0, 0x78, 0xff, 0x7, 0xf, 0xf0, 0xe0,
    0xff, 0x1e, 0xf, 0xf1, 0xc0, 0xff, 0x38, 0xf,
    0x7f, 0x81, 0xe7, 0xf0, 0x1e, 0x3e, 0x3, 0xe1,
    0xe0, 0x7c, 0x3f, 0xff, 0x87, 0xff, 0xf0, 0x71,
    0xf8, 0x1, 0x0, 0x0,

    /* U+00F9 "ù" */
    0xf, 0x0, 0x1, 0xe0, 0x0, 0x78, 0x0, 0xf,
    0x0, 0x1, 0xc0, 0x0, 0x38, 0x0, 0x7, 0x0,
    0x0, 0x0, 0x0, 0x0, 0x0, 0x0, 0xf, 0x0,
    0x3f, 0xc0, 0xf, 0xf0, 0x3, 0xfc, 0x0, 0xff,
    0x0, 0x3f, 0xc0, 0xf, 0xf0, 0x3, 0xfc, 0x0,
    0xff, 0x0, 0x3f, 0xc0, 0xf, 0xf0, 0x3, 0xfc,
    0x0, 0xff, 0x0, 0x3f, 0xc0, 0xf, 0xf0, 0x3,
    0xfc, 0x1, 0xff, 0x0, 0x7f, 0xe0, 0x3f, 0x7c,
    0x1f, 0xdf, 0xfe, 0xf3, 0xff, 0x3c, 0x3f, 0x87,

    /* U+00FA "ú" */
    0x0, 0x1e, 0x0, 0xf, 0x0, 0x3, 0x80, 0x1,
    0xe0, 0x0, 0xf0, 0x0, 0x38, 0x0, 0x1c, 0x0,
    0x0, 0x0, 0x0, 0x0, 0x0, 0x0, 0xf, 0x0,
    0x3f, 0xc0, 0xf, 0xf0, 0x3, 0xfc, 0x0, 0xff,
    0x0, 0x3f, 0xc0, 0xf, 0xf0, 0x3, 0xfc, 0x0,
    0xff, 0x0, 0x3f, 0xc0, 0xf, 0xf0, 0x3, 0xfc,
    0x0, 0xff, 0x0, 0x3f, 0xc0, 0xf, 0xf0, 0x3,
    0xfc, 0x1, 0xff, 0x0, 0x7f, 0xe0, 0x3f, 0x7c,
    0x1f, 0xdf, 0xfe, 0xf3, 0xff, 0x3c, 0x3f, 0x87,

    /* U+00FB "û" */
    0x1, 0xe0, 0x0, 0x78, 0x0, 0x3f, 0x0, 0x1f,
    0xe0, 0x7, 0x3c, 0x3, 0x87, 0x81, 0xc0, 0xe0,
    0x0, 0x0, 0x0, 0x0, 0x0, 0x0, 0xf, 0x0,
    0x3f, 0xc0, 0xf, 0xf0, 0x3, 0xfc, 0x0, 0xff,
    0x0, 0x3f, 0xc0, 0xf, 0xf0, 0x3, 0xfc, 0x0,
    0xff, 0x0, 0x3f, 0xc0, 0xf, 0xf0, 0x3, 0xfc,
    0x0, 0xff, 0x0, 0x3f, 0xc0, 0xf, 0xf0, 0x3,
    0xfc, 0x1, 0xff, 0x0, 0x7f, 0xe0, 0x3f, 0x7c,
    0x1f, 0xdf, 0xfe, 0xf3, 0xff, 0x3c, 0x3f, 0x87,

    /* U+00FC "ü" */
    0xe, 0xc, 0x3, 0x87, 0x80, 0xe1, 0xe0, 0x38,
    0x30, 0x0, 0x0, 0x0, 0x0, 0x0, 0x0, 0x3,
    0xc0, 0xf, 0xf0, 0x3, 0xfc, 0x0, 0xff, 0x0,
    0x3f, 0xc0, 0xf, 0xf0, 0x3, 0xfc, 0x0, 0xff,
    0x0, 0x3f, 0xc0, 0xf, 0xf0, 0x3, 0xfc, 0x0,
    0xff, 0x0, 0x3f, 0xc0, 0xf, 0xf0, 0x3, 0xfc,
    0x0, 0xff, 0x0, 0x7f, 0xc0, 0x1f, 0xf8, 0xf,
    0xdf, 0x7, 0xf7, 0xff, 0xdc, 0xff, 0xe7, 0xf,
    0xe1, 0xc0,

    /* U+00FD "ý" */
    0x0, 0x1f, 0x0, 0x1, 0xe0, 0x0, 0x3c, 0x0,
    0x3, 0xc0, 0x0, 0x78, 0x0, 0xf, 0x0, 0x0,
    0xe0, 0x0, 0x0, 0x0, 0x0, 0x0, 0xf, 0x0,
    0xf, 0xf0, 0x0, 0xe7, 0x0, 0x1e, 0x78, 0x1,
    0xe7, 0x80, 0x1c, 0x38, 0x3, 0xc3, 0xc0, 0x3c,
    0x1c, 0x3, 0x81, 0xe0, 0x78, 0x1e, 0x7, 0x0,
    0xe0, 0xf0, 0xf, 0xf, 0x0, 0xf0, 0xe0, 0x7,
    0x1e, 0x0, 0x79, 0xe0, 0x3, 0x9c, 0x0, 0x39,
    0xc0, 0x3, 0xfc, 0x0, 0x1f, 0x80, 0x1, 0xf8,
    0x0, 0xf, 0x0, 0x0, 0xf0, 0x0, 0xf, 0x0,
    0x0, 0xe0, 0x0, 0x1e, 0x0, 0x1, 0xe0, 0x0,
    0x3c, 0x0, 0x3, 0xc0, 0x0, 0x78, 0x0, 0xff,
    0x0, 0xf, 0xe0, 0x0, 0xfc, 0x0, 0x0,

    /* U+00FE "þ" */
    0xf0, 0x0, 0x1e, 0x0, 0x3, 0xc0, 0x0, 0x78,
    0x0, 0xf, 0x0, 0x1, 0xe0, 0x0, 0x3c, 0x0,
    0x7, 0x80, 0x0, 0xf1, 0xf8, 0x1e, 0x7f, 0xc3,
    0xdf, 0xfc, 0x7f, 0x7, 0xcf, 0xc0, 0x7d, 0xf0,
    0x7, 0xbe, 0x0, 0xf7, 0x80, 0xf, 0xf0, 0x1,
    0xfe, 0x0, 0x3f, 0xc0, 0x7, 0xf8, 0x0, 0xff,
    0x0, 0x1f, 0xe0, 0x3, 0xfc, 0x0, 0x7f, 0xc0,
    0x1e, 0xf8, 0x3, 0xdf, 0x80, 0xfb, 0xf8, 0x3e,
    0x7b, 0xff, 0x8f, 0x3f, 0xe1, 0xe3, 0xf0, 0x3c,
    0x0, 0x7, 0x80, 0x0, 0xf0, 0x0, 0x1e, 0x0,
    0x3, 0xc0, 0x0, 0x78, 0x0, 0xf, 0x0, 0x1,
    0xe0, 0x0, 0x3c, 0x0, 0x7, 0x80, 0x0,

    /* U+00FF "ÿ" */
    0x6, 0xc, 0x0, 0xf1, 0xe0, 0xf, 0x1e, 0x0,
    0x60, 0xc0, 0x0, 0x0, 0x0, 0x0, 0x0, 0x0,
    0x0, 0xe, 0x0, 0xe, 0xf0, 0x1, 0xe7, 0x0,
    0x1e, 0x78, 0x1, 0xc7, 0x80, 0x3c, 0x38, 0x3,
    0xc3, 0xc0, 0x38, 0x1c, 0x7, 0x81, 0xc0, 0x78,
    0x1e, 0xf, 0x0, 0xe0, 0xf0, 0xe, 0xe, 0x0,
    0xf1, 0xe0, 0x7, 0x1e, 0x0, 0x71, 0xc0, 0x3,
    0x9c, 0x0, 0x3b, 0xc0, 0x3, 0xb8, 0x0, 0x1b,
    0x80, 0x1, 0xf8, 0x0, 0xf, 0x0, 0x0, 0xf0,
    0x0, 0xe, 0x0, 0x0, 0xe0, 0x0, 0x1e, 0x0,
    0x1, 0xc0, 0x0, 0x3c, 0x0, 0x3, 0x80, 0x0,
    0x78, 0x0, 0xff, 0x0, 0xf, 0xe0, 0x0, 0xfc,
    0x0, 0x0,

    /* U+0152 "Œ" */
    0x0, 0x7f, 0xff, 0xff, 0x81, 0xff, 0xff, 0xff,
    0xc1, 0xff, 0xff, 0xff, 0xe1, 0xf8, 0xf, 0x0,
    0x1, 0xf0, 0x7, 0x80, 0x1, 0xf0, 0x3, 0xc0,
    0x0, 0xf0, 0x1, 0xe0, 0x0, 0xf0, 0x0, 0xf0,
    0x0, 0x78, 0x0, 0x78, 0x0, 0x7c, 0x0, 0x3c,
    0x0, 0x3c, 0x0, 0x1e, 0x0, 0x1e, 0x0, 0xf,
    0x0, 0xf, 0x0, 0x7, 0xff, 0xf7, 0x80, 0x3,
    0xff, 0xfb, 0xc0, 0x1, 0xff, 0xfd, 0xe0, 0x0,
    0xf0, 0x0, 0xf0, 0x0, 0x78, 0x0, 0x78, 0x0,
    0x3c, 0x0, 0x3c, 0x0, 0x1e, 0x0, 0xf, 0x0,
    0xf, 0x0, 0x7, 0x80, 0x7, 0x80, 0x3, 0xc0,
    0x3, 0xc0, 0x0, 0xf0, 0x1, 0xe0, 0x0, 0x7c,
    0x0, 0xf0, 0x0, 0x1f, 0x0, 0x78, 0x0, 0x7,
    0xe0, 0x3c, 0x0, 0x1, 0xff, 0xff, 0xff, 0xe0,
    0x7f, 0xff, 0xff, 0xf0, 0x7, 0xff, 0xff, 0xf8,

    /* U+0153 "œ" */
    0x1, 0xf8, 0x3, 0xf0, 0x3, 0xff, 0x83, 0xff,
    0x1, 0xff, 0xf1, 0xff, 0xf0, 0xf8, 0x1e, 0x78,
    0x3c, 0x7c, 0x3, 0xfc, 0x7, 0x9e, 0x0, 0x7e,
    0x1, 0xe7, 0x80, 0x1f, 0x80, 0x3f, 0xc0, 0x3,
    0xc0, 0xf, 0xf0, 0x0, 0xf0, 0x3, 0xfc, 0x0,
    0x3f, 0xff, 0xff, 0x0, 0xf, 0xff, 0xff, 0xc0,
    0x3, 0xff, 0xff, 0xf0, 0x0, 0xf0, 0x0, 0x3c,
    0x0, 0x3c, 0x0, 0xf, 0x0, 0xf, 0x0, 0x1,
    0xe0, 0x7, 0xe0, 0x0, 0x78, 0x1, 0xf8, 0x0,
    0xf, 0x0, 0xff, 0x0, 0x3, 0xe0, 0x7d, 0xe0,
    0x38, 0x7f, 0xfe, 0x3f, 0xfe, 0xf, 0xfe, 0x7,
    0xff, 0x80, 0x7e, 0x0, 0x7f, 0x0,

    /* U+0160 "Š" */
    0x1c, 0x3, 0x81, 0xc0, 0xe0, 0x1c, 0x38, 0x1,
    0xcf, 0x0, 0x1f, 0xc0, 0x3, 0xf0, 0x0, 0x3c,
    0x0, 0x0, 0x0, 0x0, 0x0, 0x0, 0x0, 0x0,
    0x7, 0xf8, 0x7, 0xff, 0xe1, 0xff, 0xfc, 0x7c,
    0x7, 0x1f, 0x0, 0x3, 0xc0, 0x0, 0x78, 0x0,
    0xf, 0x0, 0x1, 0xe0, 0x0, 0x3e, 0x0, 0x3,
    0xc0, 0x0, 0x7e, 0x0, 0x7, 0xf0, 0x0, 0x7f,
    0xc0, 0x3, 0xfe, 0x0, 0x1f, 0xe0, 0x0, 0x7e,
    0x0, 0x3, 0xe0, 0x0, 0x3e, 0x0, 0x3, 0xc0,
    0x0, 0x78, 0x0, 0xf, 0x0, 0x1, 0xe0, 0x0,
    0x7e, 0x0, 0xf, 0x78, 0x7, 0xef, 0xff, 0xf9,
    0xff, 0xfc, 0x7, 0xfe, 0x0,

    /* U+0161 "š" */
    0x70, 0xe, 0x78, 0x1c, 0x3c, 0x38, 0x1e, 0x70,
    0xf, 0xe0, 0x7, 0xe0, 0x3, 0xc0, 0x0, 0x0,
    0x0, 0x0, 0x0, 0x0, 0x7, 0xf8, 0x3f, 0xfe,
    0x7f, 0xfe, 0xf8, 0xc, 0xf0, 0x0, 0xf0, 0x0,
    0xf0, 0x0, 0xf8, 0x0, 0x7e, 0x0, 0x3f, 0x80,
    0xf, 0xf0, 0x3, 0xfc, 0x0, 0xfe, 0x0, 0x3f,
    0x0, 0xf, 0x0, 0xf, 0x0, 0xf, 0x0, 0x1f,
    0xe0, 0x3e, 0xff, 0xfe, 0xff, 0xf8, 0x3f, 0xe0,

    /* U+0178 "Ÿ" */
    0x1, 0x83, 0x80, 0x7, 0x87, 0x0, 0xf, 0xe,
    0x0, 0xc, 0x1c, 0x0, 0x0, 0x0, 0x0, 0x0,
    0x0, 0x0, 0x0, 0x0, 0x0, 0x0, 0x0, 0x70,
    0x0, 0x1c, 0xf0, 0x0, 0x78, 0xe0, 0x1, 0xe1,
    0xe0, 0x3, 0xc1, 0xe0, 0xf, 0x3, 0xc0, 0x1e,
    0x3, 0xc0, 0x7c, 0x7, 0x80, 0xf0, 0x7, 0x83,
    0xe0, 0xf, 0x7, 0x80, 0xf, 0x1f, 0x0, 0xe,
    0x3c, 0x0, 0x1e, 0xf8, 0x0, 0x1d, 0xe0, 0x0,
    0x3f, 0xc0, 0x0, 0x3f, 0x0, 0x0, 0x7e, 0x0,
    0x0, 0x78, 0x0, 0x0, 0xf0, 0x0, 0x1, 0xe0,
    0x0, 0x3, 0xc0, 0x0, 0x7, 0x80, 0x0, 0xf,
    0x0, 0x0, 0x1e, 0x0, 0x0, 0x3c, 0x0, 0x0,
    0x78, 0x0, 0x0, 0xf0, 0x0, 0x1, 0xe0, 0x0,
    0x3, 0xc0, 0x0,

    /* U+017D "Ž" */
    0x1c, 0x7, 0x0, 0xe0, 0xe0, 0x7, 0x1e, 0x0,
    0x3b, 0xc0, 0x3, 0xf8, 0x0, 0x1f, 0x0, 0x0,
    0xe0, 0x0, 0x0, 0x0, 0x0, 0x0, 0xf, 0xff,
    0xfe, 0xff, 0xff, 0xef, 0xff, 0xfe, 0x0, 0x3,
    0xc0, 0x0, 0x3c, 0x0, 0x7, 0x80, 0x0, 0xf0,
    0x0, 0xf, 0x0, 0x1, 0xe0, 0x0, 0x1e, 0x0,
    0x3, 0xc0, 0x0, 0x78, 0x0, 0x7, 0x80, 0x0,
    0xf0, 0x0, 0x1e, 0x0, 0x1, 0xe0, 0x0, 0x3c,
    0x0, 0x3, 0x80, 0x0, 0x78, 0x0, 0xf, 0x0,
    0x0, 0xe0, 0x0, 0x1e, 0x0, 0x3, 0xc0, 0x0,
    0x3c, 0x0, 0x7, 0x80, 0x0, 0x70, 0x0, 0xf,
    0xff, 0xff, 0xff, 0xff, 0xff, 0xff, 0xff,

    /* U+017E "ž" */
    0x78, 0xe, 0x3c, 0x1c, 0x1e, 0x38, 0xf, 0xf0,
    0x7, 0xf0, 0x3, 0xe0, 0x3, 0xc0, 0x0, 0x0,
    0x0, 0x0, 0x7f, 0xff, 0x7f, 0xff, 0x7f, 0xff,
    0x0, 0xf, 0x0, 0x1e, 0x0, 0x3c, 0x0, 0x78,
    0x0, 0x78, 0x0, 0xf0, 0x1, 0xe0, 0x1, 0xe0,
    0x3, 0xc0, 0x7, 0x80, 0xf, 0x0, 0xf, 0x0,
    0x1e, 0x0, 0x3c, 0x0, 0x7c, 0x0, 0x78, 0x0,
    0xff, 0xff, 0xff, 0xff, 0xff, 0xff,

    /* U+0192 "ƒ" */
    0x0, 0x1f, 0xc0, 0xf, 0xfc, 0x3, 0xff, 0x80,
    0x7c, 0x0, 0x1f, 0x0, 0x3, 0xc0, 0x0, 0x78,
    0x0, 0xf, 0x0, 0x1, 0xe0, 0x0, 0x7f, 0xf0,
    0x3f, 0xfe, 0x7, 0xff, 0xc0, 0x1e, 0x0, 0x3,
    0xc0, 0x0, 0x78, 0x0, 0xf, 0x0, 0x1, 0xe0,
    0x0, 0x3c, 0x0, 0x7, 0x80, 0x0, 0xf0, 0x0,
    0x1e, 0x0, 0x3, 0xc0, 0x0, 0x78, 0x0, 0xf,
    0x0, 0x1, 0xe0, 0x0, 0x3c, 0x0, 0x7, 0x80,
    0x0, 0xf0, 0x0, 0x1e, 0x0, 0x3, 0xc0, 0x0,
    0x78, 0x0, 0xf, 0x0, 0x1, 0xe0, 0x0, 0x3c,
    0x3, 0x87, 0x80, 0x70, 0xf0, 0xe, 0x1e, 0x1,
    0xe7, 0xc0, 0x1f, 0xf0, 0x3, 0xfc, 0x0, 0x1f,
    0x0, 0x0,

    /* U+02C6 "ˆ" */
    0x7, 0x0, 0x7c, 0x7, 0xe0, 0x7f, 0x87, 0x9e,
    0x38, 0x3b, 0x80, 0xe0,

    /* U+02DC "˜" */
    0x3c, 0xd, 0xfc, 0x7f, 0xff, 0xf0, 0xfe, 0xc0,
    0xf0,

    /* U+2013 "–" */
    0xff, 0xff, 0xff, 0xff, 0xff, 0xff, 0xe0,

    /* U+2014 "—" */
    0xff, 0xff, 0xff, 0xff, 0xff, 0xff, 0xff, 0xff,
    0xff, 0xff, 0xff, 0xff, 0xff, 0xfe,

    /* U+2018 "‘" */
    0xc, 0x38, 0x71, 0xe3, 0xc7, 0x1e, 0x3c, 0x79,
    0xf0,

    /* U+2019 "’" */
    0x3e, 0x78, 0xf1, 0xe3, 0x8f, 0x1e, 0x38, 0x70,
    0xc0,

    /* U+201A "‚" */
    0x3c, 0xf3, 0xce, 0x79, 0xe7, 0x1c, 0x63, 0x80,

    /* U+201C "“" */
    0xc, 0x1c, 0x70, 0x71, 0xc3, 0x8f, 0xe, 0x38,
    0x78, 0xe1, 0xe7, 0x87, 0x1e, 0x3c, 0x78, 0xf3,
    0xe3, 0xc0,

    /* U+201D "”" */
    0x3c, 0x3c, 0xf0, 0xf3, 0xc7, 0x8f, 0x1e, 0x38,
    0x79, 0xe1, 0xc7, 0x7, 0x1c, 0x38, 0x70, 0xe1,
    0x83, 0x80,

    /* U+201E "„" */
    0x3c, 0x7c, 0xf1, 0xe3, 0xc7, 0x8e, 0x1e, 0x78,
    0x71, 0xe1, 0xc7, 0xf, 0x1c, 0x38, 0x60, 0xe3,
    0x83, 0x0,

    /* U+2020 "†" */
    0x3, 0x80, 0x3, 0x80, 0x3, 0x80, 0x3, 0x80,
    0x3, 0x80, 0x3, 0x80, 0x3, 0x80, 0x83, 0x81,
    0xff, 0xff, 0xff, 0xff, 0xf3, 0x9f, 0x3, 0x80,
    0x3, 0x80, 0x3, 0x80, 0x3, 0x80, 0x3, 0x80,
    0x3, 0x80, 0x3, 0x80, 0x3, 0x80, 0x3, 0x80,
    0x3, 0x80, 0x3, 0x80, 0x3, 0x80, 0x3, 0x80,
    0x3, 0x80, 0x3, 0x80, 0x3, 0x80, 0x3, 0x80,
    0x3, 0x80, 0x3, 0x80,

    /* U+2021 "‡" */
    0x3, 0xc0, 0x3, 0xc0, 0x3, 0xc0, 0x3, 0xc0,
    0x3, 0x80, 0x1, 0x80, 0x1, 0x80, 0xff, 0xff,
    0xff, 0xff, 0xff, 0xff, 0x1, 0x80, 0x1, 0x80,
    0x3, 0x80, 0x3, 0xc0, 0x3, 0xc0, 0x3, 0xc0,
    0x3, 0xc0, 0x3, 0x80, 0x1, 0x80, 0x1, 0x80,
    0xff, 0xff, 0xff, 0xff, 0xff, 0xff, 0x1, 0x80,
    0x1, 0x80, 0x3, 0x80, 0x3, 0xc0, 0x3, 0xc0,
    0x3, 0xc0, 0x3, 0xc0,

    /* U+2022 "•" */
    0x3e, 0x3f, 0xbf, 0xff, 0xff, 0xff, 0xff, 0xff,
    0xff, 0x7f, 0x1f, 0x0,

    /* U+2026 "…" */
    0x70, 0x1c, 0x7, 0x7c, 0x1f, 0x7, 0xfe, 0xf,
    0x83, 0xff, 0x7, 0xc1, 0xf7, 0x1, 0xc0, 0x70,

    /* U+2030 "‰" */
    0x1f, 0x0, 0xe, 0x0, 0x0, 0x7, 0xf8, 0x1,
    0xc0, 0x0, 0x1, 0xff, 0x80, 0x70, 0x0, 0x0,
    0x38, 0xf0, 0xe, 0x0, 0x0, 0xf, 0xe, 0x3,
    0x80, 0x0, 0x1, 0xc0, 0xe0, 0x70, 0x0, 0x0,
    0x38, 0x1c, 0x1c, 0x0, 0x0, 0x7, 0x3, 0x83,
    0x80, 0x0, 0x0, 0xe0, 0x70, 0xe0, 0x0, 0x0,
    0x1c, 0xe, 0x1c, 0x0, 0x0, 0x3, 0x81, 0xc7,
    0x0, 0x0, 0x0, 0x70, 0x38, 0xe7, 0xc0, 0x1f,
    0xe, 0x7, 0x39, 0xfe, 0x7, 0xf8, 0xe1, 0xcf,
    0x7f, 0xe1, 0xff, 0x9c, 0x79, 0xce, 0x3c, 0x38,
    0xf3, 0xff, 0x7b, 0xc3, 0x8f, 0xe, 0x3f, 0xce,
    0x70, 0x39, 0xc0, 0xe1, 0xe3, 0x8e, 0x7, 0x38,
    0x1c, 0x0, 0x71, 0xc0, 0xe7, 0x3, 0x80, 0x1c,
    0x38, 0x1c, 0xe0, 0x70, 0x3, 0x87, 0x3, 0x9c,
    0xe, 0x0, 0xe0, 0xe0, 0x73, 0x81, 0xc0, 0x1c,
    0x1c, 0xe, 0x70, 0x38, 0x7, 0x3, 0x81, 0xce,
    0x7, 0x0, 0xe0, 0x38, 0x70, 0xe1, 0xc0, 0x38,
    0x7, 0x1e, 0x1c, 0x78, 0x7, 0x0, 0xff, 0xc3,
    0xff, 0x1, 0xc0, 0xf, 0xf0, 0x3f, 0xc0, 0x38,
    0x0, 0x78, 0x1, 0xe0,

    /* U+2039 "‹" */
    0x3, 0x3, 0xc1, 0xc1, 0xe1, 0xe1, 0xe1, 0xe0,
    0xe0, 0xf0, 0x3c, 0xe, 0x7, 0x81, 0xe0, 0x78,
    0x1e, 0x7, 0x0, 0x0,

    /* U+203A "›" */
    0x60, 0x70, 0x1c, 0xf, 0x3, 0xc0, 0xf0, 0x3c,
    0xe, 0x7, 0x87, 0x83, 0x83, 0xc3, 0xc3, 0xc3,
    0xc1, 0xc0, 0x0, 0x0,

    /* U+20AC "€" */
    0x0, 0x1f, 0xc0, 0x7, 0xff, 0xc0, 0x7f, 0xfe,
    0x7, 0xe0, 0xe0, 0x7c, 0x0, 0x3, 0xc0, 0x0,
    0x3c, 0x0, 0x1, 0xe0, 0x0, 0xf, 0x0, 0x0,
    0xf0, 0x0, 0x3f, 0xff, 0xc1, 0xff, 0xfe, 0xf,
    0xff, 0xf0, 0xf, 0x0, 0x0, 0x78, 0x0, 0x3,
    0xc0, 0x0, 0xff, 0xfe, 0x7, 0xff, 0xf0, 0x3f,
    0xff, 0x80, 0x3c, 0x0, 0x0, 0xf0, 0x0, 0x7,
    0x80, 0x0, 0x3e, 0x0, 0x0, 0xf0, 0x0, 0x7,
    0xc0, 0x0, 0x1f, 0x81, 0xc0, 0x7f, 0xfe, 0x1,
    0xff, 0xf0, 0x1, 0xfc, 0x0,

    /* U+2122 "™" */
    0xff, 0xe7, 0x80, 0xff, 0xfe, 0x78, 0x1f, 0xe,
    0x7, 0x81, 0xf0, 0xe0, 0x7c, 0x1f, 0xe, 0x6,
    0xc3, 0x70, 0xe0, 0x6c, 0x37, 0xe, 0x6, 0xe3,
    0x70, 0xe0, 0x66, 0x67, 0xe, 0x6, 0x66, 0x70,
    0xe0, 0x67, 0x67, 0xe, 0x6, 0x3c, 0x70, 0xe0,
    0x63, 0xc7, 0xe, 0x6, 0x3c, 0x70, 0xe0, 0x61,
    0x87
};


/*---------------------
 *  GLYPH DESCRIPTION
 *--------------------*/

static const lv_font_fmt_txt_glyph_dsc_t glyph_dsc[] = {
    {.bitmap_index = 0, .adv_w = 0, .box_w = 0, .box_h = 0, .ofs_x = 0, .ofs_y = 0} /* id = 0 reserved */,
    {.bitmap_index = 0, .adv_w = 166, .box_w = 1, .box_h = 1, .ofs_x = 0, .ofs_y = 0},
    {.bitmap_index = 1, .adv_w = 172, .box_w = 5, .box_h = 29, .ofs_x = 3, .ofs_y = 0},
    {.bitmap_index = 20, .adv_w = 261, .box_w = 11, .box_h = 10, .ofs_x = 3, .ofs_y = 19},
    {.bitmap_index = 34, .adv_w = 413, .box_w = 24, .box_h = 29, .ofs_x = 1, .ofs_y = 0},
    {.bitmap_index = 121, .adv_w = 366, .box_w = 18, .box_h = 33, .ofs_x = 2, .ofs_y = -3},
    {.bitmap_index = 196, .adv_w = 532, .box_w = 29, .box_h = 29, .ofs_x = 2, .ofs_y = 0},
    {.bitmap_index = 302, .adv_w = 468, .box_w = 27, .box_h = 29, .ofs_x = 2, .ofs_y = 0},
    {.bitmap_index = 400, .adv_w = 144, .box_w = 3, .box_h = 10, .ofs_x = 3, .ofs_y = 19},
    {.bitmap_index = 404, .adv_w = 192, .box_w = 10, .box_h = 35, .ofs_x = 2, .ofs_y = -6},
    {.bitmap_index = 448, .adv_w = 192, .box_w = 10, .box_h = 35, .ofs_x = 1, .ofs_y = -6},
    {.bitmap_index = 492, .adv_w = 353, .box_w = 18, .box_h = 18, .ofs_x = 2, .ofs_y = 12},
    {.bitmap_index = 533, .adv_w = 366, .box_w = 19, .box_h = 19, .ofs_x = 2, .ofs_y = 4},
    {.bitmap_index = 579, .adv_w = 172, .box_w = 6, .box_h = 10, .ofs_x = 2, .ofs_y = -5},
    {.bitmap_index = 587, .adv_w = 206, .box_w = 10, .box_h = 3, .ofs_x = 2, .ofs_y = 9},
    {.bitmap_index = 591, .adv_w = 172, .box_w = 5, .box_h = 5, .ofs_x = 3, .ofs_y = 0},
    {.bitmap_index = 595, .adv_w = 238, .box_w = 14, .box_h = 29, .ofs_x = 0, .ofs_y = 0},
    {.bitmap_index = 646, .adv_w = 366, .box_w = 19, .box_h = 29, .ofs_x = 2, .ofs_y = 0},
    {.bitmap_index = 715, .adv_w = 366, .box_w = 11, .box_h = 29, .ofs_x = 4, .ofs_y = 0},
    {.bitmap_index = 755, .adv_w = 366, .box_w = 19, .box_h = 29, .ofs_x = 2, .ofs_y = 0},
    {.bitmap_index = 824, .adv_w = 366, .box_w = 20, .box_h = 29, .ofs_x = 1, .ofs_y = 0},
    {.bitmap_index = 897, .adv_w = 366, .box_w = 21, .box_h = 29, .ofs_x = 1, .ofs_y = 0},
    {.bitmap_index = 974, .adv_w = 366, .box_w = 19, .box_h = 29, .ofs_x = 2, .ofs_y = 0},
    {.bitmap_index = 1043, .adv_w = 366, .box_w = 19, .box_h = 29, .ofs_x = 2, .ofs_y = 0},
    {.bitmap_index = 1112, .adv_w = 366, .box_w = 19, .box_h = 29, .ofs_x = 2, .ofs_y = 0},
    {.bitmap_index = 1181, .adv_w = 366, .box_w = 19, .box_h = 29, .ofs_x = 2, .ofs_y = 0},
    {.bitmap_index = 1250, .adv_w = 366, .box_w = 19, .box_h = 29, .ofs_x = 2, .ofs_y = 0},
    {.bitmap_index = 1319, .adv_w = 172, .box_w = 5, .box_h = 22, .ofs_x = 3, .ofs_y = 0},
    {.bitmap_index = 1333, .adv_w = 172, .box_w = 7, .box_h = 27, .ofs_x = 1, .ofs_y = -5},
    {.bitmap_index = 1357, .adv_w = 366, .box_w = 19, .box_h = 20, .ofs_x = 2, .ofs_y = 5},
    {.bitmap_index = 1405, .adv_w = 366, .box_w = 18, .box_h = 11, .ofs_x = 2, .ofs_y = 9},
    {.bitmap_index = 1430, .adv_w = 366, .box_w = 19, .box_h = 20, .ofs_x = 2, .ofs_y = 5},
    {.bitmap_index = 1478, .adv_w = 278, .box_w = 16, .box_h = 29, .ofs_x = 1, .ofs_y = 0},
    {.bitmap_index = 1536, .adv_w = 575, .box_w = 31, .box_h = 33, .ofs_x = 2, .ofs_y = -4},
    {.bitmap_index = 1664, .adv_w = 409, .box_w = 26, .box_h = 29, .ofs_x = 0, .ofs_y = 0},
    {.bitmap_index = 1759, .adv_w = 416, .box_w = 20, .box_h = 29, .ofs_x = 4, .ofs_y = 0},
    {.bitmap_index = 1832, .adv_w = 404, .box_w = 22, .box_h = 29, .ofs_x = 2, .ofs_y = 0},
    {.bitmap_index = 1912, .adv_w = 467, .box_w = 23, .box_h = 29, .ofs_x = 4, .ofs_y = 0},
    {.bitmap_index = 1996, .adv_w = 356, .box_w = 16, .box_h = 29, .ofs_x = 4, .ofs_y = 0},
    {.bitmap_index = 2054, .adv_w = 332, .box_w = 16, .box_h = 29, .ofs_x = 4, .ofs_y = 0},
    {.bitmap_index = 2112, .adv_w = 466, .box_w = 24, .box_h = 29, .ofs_x = 2, .ofs_y = 0},
    {.bitmap_index = 2199, .adv_w = 474, .box_w = 22, .box_h = 29, .ofs_x = 4, .ofs_y = 0},
    {.bitmap_index = 2279, .adv_w = 217, .box_w = 10, .box_h = 29, .ofs_x = 2, .ofs_y = 0},
    {.bitmap_index = 2316, .adv_w = 175, .box_w = 11, .box_h = 36, .ofs_x = -3, .ofs_y = -7},
    {.bitmap_index = 2366, .adv_w = 396, .box_w = 21, .box_h = 29, .ofs_x = 4, .ofs_y = 0},
    {.bitmap_index = 2443, .adv_w = 335, .box_w = 16, .box_h = 29, .ofs_x = 4, .ofs_y = 0},
    {.bitmap_index = 2501, .adv_w = 580, .box_w = 29, .box_h = 29, .ofs_x = 4, .ofs_y = 0},
    {.bitmap_index = 2607, .adv_w = 486, .box_w = 23, .box_h = 29, .ofs_x = 4, .ofs_y = 0},
    {.bitmap_index = 2691, .adv_w = 500, .box_w = 26, .box_h = 29, .ofs_x = 2, .ofs_y = 0},
    {.bitmap_index = 2786, .adv_w = 387, .box_w = 18, .box_h = 29, .ofs_x = 4, .ofs_y = 0},
    {.bitmap_index = 2852, .adv_w = 500, .box_w = 26, .box_h = 36, .ofs_x = 2, .ofs_y = -7},
    {.bitmap_index = 2969, .adv_w = 398, .box_w = 20, .box_h = 29, .ofs_x = 4, .ofs_y = 0},
    {.bitmap_index = 3042, .adv_w = 351, .box_w = 19, .box_h = 29, .ofs_x = 2, .ofs_y = 0},
    {.bitmap_index = 3111, .adv_w = 356, .box_w = 21, .box_h = 29, .ofs_x = 1, .ofs_y = 0},
    {.bitmap_index = 3188, .adv_w = 468, .box_w = 22, .box_h = 29, .ofs_x = 4, .ofs_y = 0},
    {.bitmap_index = 3268, .adv_w = 384, .box_w = 24, .box_h = 29, .ofs_x = 0, .ofs_y = 0},
    {.bitmap_index = 3355, .adv_w = 595, .box_w = 37, .box_h = 29, .ofs_x = 0, .ofs_y = 0},
    {.bitmap_index = 3490, .adv_w = 375, .box_w = 23, .box_h = 29, .ofs_x = 0, .ofs_y = 0},
    {.bitmap_index = 3574, .adv_w = 362, .box_w = 24, .box_h = 29, .ofs_x = 0, .ofs_y = 0},
    {.bitmap_index = 3661, .adv_w = 366, .box_w = 20, .box_h = 29, .ofs_x = 2, .ofs_y = 0},
    {.bitmap_index = 3734, .adv_w = 211, .box_w = 9, .box_h = 35, .ofs_x = 3, .ofs_y = -6},
    {.bitmap_index = 3774, .adv_w = 238, .box_w = 15, .box_h = 29, .ofs_x = 0, .ofs_y = 0},
    {.bitmap_index = 3829, .adv_w = 211, .box_w = 10, .box_h = 35, .ofs_x = 0, .ofs_y = -6},
    {.bitmap_index = 3873, .adv_w = 366, .box_w = 19, .box_h = 18, .ofs_x = 2, .ofs_y = 11},
    {.bitmap_index = 3916, .adv_w = 284, .box_w = 18, .box_h = 3, .ofs_x = 0, .ofs_y = -6},
    {.bitmap_index = 3923, .adv_w = 180, .box_w = 8, .box_h = 7, .ofs_x = 2, .ofs_y = 24},
    {.bitmap_index = 3930, .adv_w = 359, .box_w = 18, .box_h = 22, .ofs_x = 2, .ofs_y = 0},
    {.bitmap_index = 3980, .adv_w = 394, .box_w = 19, .box_h = 30, .ofs_x = 3, .ofs_y = 0},
    {.bitmap_index = 4052, .adv_w = 307, .box_w = 16, .box_h = 22, .ofs_x = 2, .ofs_y = 0},
    {.bitmap_index = 4096, .adv_w = 394, .box_w = 19, .box_h = 30, .ofs_x = 2, .ofs_y = 0},
    {.bitmap_index = 4168, .adv_w = 361, .box_w = 18, .box_h = 22, .ofs_x = 2, .ofs_y = 0},
    {.bitmap_index = 4218, .adv_w = 220, .box_w = 15, .box_h = 31, .ofs_x = 1, .ofs_y = 0},
    {.bitmap_index = 4277, .adv_w = 394, .box_w = 19, .box_h = 32, .ofs_x = 2, .ofs_y = -10},
    {.bitmap_index = 4353, .adv_w = 396, .box_w = 18, .box_h = 30, .ofs_x = 3, .ofs_y = 0},
    {.bitmap_index = 4421, .adv_w = 165, .box_w = 4, .box_h = 30, .ofs_x = 3, .ofs_y = 0},
    {.bitmap_index = 4436, .adv_w = 165, .box_w = 10, .box_h = 40, .ofs_x = -3, .ofs_y = -10},
    {.bitmap_index = 4486, .adv_w = 342, .box_w = 18, .box_h = 30, .ofs_x = 3, .ofs_y = 0},
    {.bitmap_index = 4554, .adv_w = 165, .box_w = 4, .box_h = 30, .ofs_x = 3, .ofs_y = 0},
    {.bitmap_index = 4569, .adv_w = 598, .box_w = 30, .box_h = 22, .ofs_x = 3, .ofs_y = 0},
    {.bitmap_index = 4652, .adv_w = 396, .box_w = 18, .box_h = 22, .ofs_x = 3, .ofs_y = 0},
    {.bitmap_index = 4702, .adv_w = 387, .box_w = 20, .box_h = 22, .ofs_x = 2, .ofs_y = 0},
    {.bitmap_index = 4757, .adv_w = 394, .box_w = 19, .box_h = 32, .ofs_x = 3, .ofs_y = -10},
    {.bitmap_index = 4833, .adv_w = 394, .box_w = 19, .box_h = 32, .ofs_x = 2, .ofs_y = -10},
    {.bitmap_index = 4909, .adv_w = 264, .box_w = 13, .box_h = 22, .ofs_x = 3, .ofs_y = 0},
    {.bitmap_index = 4945, .adv_w = 307, .box_w = 16, .box_h = 22, .ofs_x = 2, .ofs_y = 0},
    {.bitmap_index = 4989, .adv_w = 231, .box_w = 13, .box_h = 27, .ofs_x = 1, .ofs_y = 0},
    {.bitmap_index = 5033, .adv_w = 396, .box_w = 18, .box_h = 22, .ofs_x = 3, .ofs_y = 0},
    {.bitmap_index = 5083, .adv_w = 325, .box_w = 20, .box_h = 22, .ofs_x = 0, .ofs_y = 0},
    {.bitmap_index = 5138, .adv_w = 503, .box_w = 31, .box_h = 22, .ofs_x = 0, .ofs_y = 0},
    {.bitmap_index = 5224, .adv_w = 339, .box_w = 19, .box_h = 22, .ofs_x = 1, .ofs_y = 0},
    {.bitmap_index = 5277, .adv_w = 326, .box_w = 20, .box_h = 32, .ofs_x = 0, .ofs_y = -10},
    {.bitmap_index = 5357, .adv_w = 301, .box_w = 16, .box_h = 22, .ofs_x = 2, .ofs_y = 0},
    {.bitmap_index = 5401, .adv_w = 243, .box_w = 13, .box_h = 35, .ofs_x = 1, .ofs_y = -6},
    {.bitmap_index = 5458, .adv_w = 353, .box_w = 3, .box_h = 40, .ofs_x = 10, .ofs_y = -10},
    {.bitmap_index = 5473, .adv_w = 243, .box_w = 14, .box_h = 35, .ofs_x = 1, .ofs_y = -6},
    {.bitmap_index = 5535, .adv_w = 366, .box_w = 19, .box_h = 5, .ofs_x = 2, .ofs_y = 12},
    {.bitmap_index = 5547, .adv_w = 172, .box_w = 5, .box_h = 29, .ofs_x = 3, .ofs_y = -7},
    {.bitmap_index = 5566, .adv_w = 366, .box_w = 16, .box_h = 29, .ofs_x = 4, .ofs_y = 0},
    {.bitmap_index = 5624, .adv_w = 366, .box_w = 20, .box_h = 29, .ofs_x = 1, .ofs_y = 0},
    {.bitmap_index = 5697, .adv_w = 366, .box_w = 18, .box_h = 18, .ofs_x = 3, .ofs_y = 5},
    {.bitmap_index = 5738, .adv_w = 366, .box_w = 22, .box_h = 29, .ofs_x = 1, .ofs_y = 0},
    {.bitmap_index = 5818, .adv_w = 353, .box_w = 3, .box_h = 40, .ofs_x = 10, .ofs_y = -10},
    {.bitmap_index = 5833, .adv_w = 328, .box_w = 16, .box_h = 31, .ofs_x = 2, .ofs_y = 0},
    {.bitmap_index = 5895, .adv_w = 371, .box_w = 11, .box_h = 4, .ofs_x = 6, .ofs_y = 25},
    {.bitmap_index = 5901, .adv_w = 532, .box_w = 29, .box_h = 30, .ofs_x = 2, .ofs_y = 0},
    {.bitmap_index = 6010, .adv_w = 228, .box_w = 11, .box_h = 14, .ofs_x = 1, .ofs_y = 16},
    {.bitmap_index = 6030, .adv_w = 326, .box_w = 17, .box_h = 17, .ofs_x = 2, .ofs_y = 2},
    {.bitmap_index = 6067, .adv_w = 366, .box_w = 19, .box_h = 11, .ofs_x = 2, .ofs_y = 5},
    {.bitmap_index = 6094, .adv_w = 206, .box_w = 10, .box_h = 3, .ofs_x = 2, .ofs_y = 9},
    {.bitmap_index = 6098, .adv_w = 532, .box_w = 29, .box_h = 30, .ofs_x = 2, .ofs_y = 0},
    {.bitmap_index = 6207, .adv_w = 320, .box_w = 20, .box_h = 3, .ofs_x = 0, .ofs_y = 31},
    {.bitmap_index = 6215, .adv_w = 274, .box_w = 13, .box_h = 13, .ofs_x = 2, .ofs_y = 17},
    {.bitmap_index = 6237, .adv_w = 366, .box_w = 19, .box_h = 24, .ofs_x = 2, .ofs_y = 0},
    {.bitmap_index = 6294, .adv_w = 224, .box_w = 11, .box_h = 18, .ofs_x = 1, .ofs_y = 17},
    {.bitmap_index = 6319, .adv_w = 224, .box_w = 12, .box_h = 18, .ofs_x = 0, .ofs_y = 17},
    {.bitmap_index = 6346, .adv_w = 180, .box_w = 8, .box_h = 7, .ofs_x = 2, .ofs_y = 24},
    {.bitmap_index = 6353, .adv_w = 399, .box_w = 18, .box_h = 32, .ofs_x = 3, .ofs_y = -10},
    {.bitmap_index = 6425, .adv_w = 419, .box_w = 20, .box_h = 37, .ofs_x = 2, .ofs_y = -7},
    {.bitmap_index = 6518, .adv_w = 172, .box_w = 5, .box_h = 5, .ofs_x = 3, .ofs_y = 11},
    {.bitmap_index = 6522, .adv_w = 144, .box_w = 8, .box_h = 10, .ofs_x = 1, .ofs_y = -10},
    {.bitmap_index = 6532, .adv_w = 224, .box_w = 8, .box_h = 17, .ofs_x = 2, .ofs_y = 17},
    {.bitmap_index = 6549, .adv_w = 241, .box_w = 12, .box_h = 14, .ofs_x = 1, .ofs_y = 16},
    {.bitmap_index = 6570, .adv_w = 326, .box_w = 17, .box_h = 17, .ofs_x = 2, .ofs_y = 2},
    {.bitmap_index = 6607, .adv_w = 477, .box_w = 28, .box_h = 29, .ofs_x = 2, .ofs_y = 0},
    {.bitmap_index = 6709, .adv_w = 493, .box_w = 28, .box_h = 29, .ofs_x = 1, .ofs_y = 0},
    {.bitmap_index = 6811, .adv_w = 500, .box_w = 30, .box_h = 29, .ofs_x = 1, .ofs_y = 0},
    {.bitmap_index = 6920, .adv_w = 278, .box_w = 16, .box_h = 29, .ofs_x = 1, .ofs_y = -7},
    {.bitmap_index = 6978, .adv_w = 409, .box_w = 26, .box_h = 38, .ofs_x = 0, .ofs_y = 0},
    {.bitmap_index = 7102, .adv_w = 409, .box_w = 26, .box_h = 38, .ofs_x = 0, .ofs_y = 0},
    {.bitmap_index = 7226, .adv_w = 409, .box_w = 26, .box_h = 38, .ofs_x = 0, .ofs_y = 0},
    {.bitmap_index = 7350, .adv_w = 409, .box_w = 26, .box_h = 37, .ofs_x = 0, .ofs_y = 0},
    {.bitmap_index = 7471, .adv_w = 409, .box_w = 25, .box_h = 37, .ofs_x = 0, .ofs_y = 0},
    {.bitmap_index = 7587, .adv_w = 409, .box_w = 25, .box_h = 35, .ofs_x = 0, .ofs_y = 0},
    {.bitmap_index = 7697, .adv_w = 564, .box_w = 33, .box_h = 29, .ofs_x = 0, .ofs_y = 0},
    {.bitmap_index = 7817, .adv_w = 404, .box_w = 22, .box_h = 39, .ofs_x = 2, .ofs_y = -10},
    {.bitmap_index = 7925, .adv_w = 356, .box_w = 16, .box_h = 38, .ofs_x = 4, .ofs_y = 0},
    {.bitmap_index = 8001, .adv_w = 356, .box_w = 16, .box_h = 38, .ofs_x = 4, .ofs_y = 0},
    {.bitmap_index = 8077, .adv_w = 356, .box_w = 16, .box_h = 38, .ofs_x = 4, .ofs_y = 0},
    {.bitmap_index = 8153, .adv_w = 356, .box_w = 16, .box_h = 37, .ofs_x = 4, .ofs_y = 0},
    {.bitmap_index = 8227, .adv_w = 217, .box_w = 10, .box_h = 38, .ofs_x = 2, .ofs_y = 0},
    {.bitmap_index = 8275, .adv_w = 217, .box_w = 11, .box_h = 38, .ofs_x = 2, .ofs_y = 0},
    {.bitmap_index = 8328, .adv_w = 217, .box_w = 14, .box_h = 38, .ofs_x = 0, .ofs_y = 0},
    {.bitmap_index = 8395, .adv_w = 217, .box_w = 11, .box_h = 37, .ofs_x = 1, .ofs_y = 0},
    {.bitmap_index = 8446, .adv_w = 467, .box_w = 26, .box_h = 29, .ofs_x = 1, .ofs_y = 0},
    {.bitmap_index = 8541, .adv_w = 486, .box_w = 23, .box_h = 37, .ofs_x = 4, .ofs_y = 0},
    {.bitmap_index = 8648, .adv_w = 500, .box_w = 26, .box_h = 39, .ofs_x = 2, .ofs_y = 0},
    {.bitmap_index = 8775, .adv_w = 500, .box_w = 26, .box_h = 39, .ofs_x = 2, .ofs_y = 0},
    {.bitmap_index = 8902, .adv_w = 500, .box_w = 26, .box_h = 39, .ofs_x = 2, .ofs_y = 0},
    {.bitmap_index = 9029, .adv_w = 500, .box_w = 26, .box_h = 37, .ofs_x = 2, .ofs_y = 0},
    {.bitmap_index = 9150, .adv_w = 500, .box_w = 26, .box_h = 37, .ofs_x = 2, .ofs_y = 0},
    {.bitmap_index = 9271, .adv_w = 366, .box_w = 17, .box_h = 18, .ofs_x = 3, .ofs_y = 5},
    {.bitmap_index = 9310, .adv_w = 500, .box_w = 26, .box_h = 31, .ofs_x = 2, .ofs_y = -1},
    {.bitmap_index = 9411, .adv_w = 468, .box_w = 22, .box_h = 39, .ofs_x = 4, .ofs_y = 0},
    {.bitmap_index = 9519, .adv_w = 468, .box_w = 22, .box_h = 39, .ofs_x = 4, .ofs_y = 0},
    {.bitmap_index = 9627, .adv_w = 468, .box_w = 22, .box_h = 39, .ofs_x = 4, .ofs_y = 0},
    {.bitmap_index = 9735, .adv_w = 468, .box_w = 22, .box_h = 37, .ofs_x = 4, .ofs_y = 0},
    {.bitmap_index = 9837, .adv_w = 362, .box_w = 24, .box_h = 38, .ofs_x = 0, .ofs_y = 0},
    {.bitmap_index = 9951, .adv_w = 387, .box_w = 18, .box_h = 29, .ofs_x = 4, .ofs_y = 0},
    {.bitmap_index = 10017, .adv_w = 404, .box_w = 20, .box_h = 31, .ofs_x = 3, .ofs_y = 0},
    {.bitmap_index = 10095, .adv_w = 359, .box_w = 18, .box_h = 32, .ofs_x = 2, .ofs_y = 0},
    {.bitmap_index = 10167, .adv_w = 359, .box_w = 18, .box_h = 32, .ofs_x = 2, .ofs_y = 0},
    {.bitmap_index = 10239, .adv_w = 359, .box_w = 18, .box_h = 32, .ofs_x = 2, .ofs_y = 0},
    {.bitmap_index = 10311, .adv_w = 359, .box_w = 18, .box_h = 29, .ofs_x = 2, .ofs_y = 0},
    {.bitmap_index = 10377, .adv_w = 359, .box_w = 18, .box_h = 29, .ofs_x = 2, .ofs_y = 0},
    {.bitmap_index = 10443, .adv_w = 359, .box_w = 18, .box_h = 33, .ofs_x = 2, .ofs_y = 0},
    {.bitmap_index = 10518, .adv_w = 553, .box_w = 31, .box_h = 22, .ofs_x = 2, .ofs_y = 0},
    {.bitmap_index = 10604, .adv_w = 307, .box_w = 16, .box_h = 32, .ofs_x = 2, .ofs_y = -10},
    {.bitmap_index = 10668, .adv_w = 361, .box_w = 18, .box_h = 32, .ofs_x = 2, .ofs_y = 0},
    {.bitmap_index = 10740, .adv_w = 361, .box_w = 18, .box_h = 32, .ofs_x = 2, .ofs_y = 0},
    {.bitmap_index = 10812, .adv_w = 361, .box_w = 18, .box_h = 32, .ofs_x = 2, .ofs_y = 0},
    {.bitmap_index = 10884, .adv_w = 361, .box_w = 18, .box_h = 29, .ofs_x = 2, .ofs_y = 0},
    {.bitmap_index = 10950, .adv_w = 165, .box_w = 8, .box_h = 31, .ofs_x = 0, .ofs_y = 0},
    {.bitmap_index = 10981, .adv_w = 165, .box_w = 8, .box_h = 31, .ofs_x = 3, .ofs_y = 0},
    {.bitmap_index = 11012, .adv_w = 165, .box_w = 14, .box_h = 31, .ofs_x = -2, .ofs_y = 0},
    {.bitmap_index = 11067, .adv_w = 165, .box_w = 11, .box_h = 29, .ofs_x = 0, .ofs_y = 0},
    {.bitmap_index = 11107, .adv_w = 387, .box_w = 20, .box_h = 32, .ofs_x = 2, .ofs_y = 0},
    {.bitmap_index = 11187, .adv_w = 396, .box_w = 18, .box_h = 29, .ofs_x = 3, .ofs_y = 0},
    {.bitmap_index = 11253, .adv_w = 387, .box_w = 20, .box_h = 32, .ofs_x = 2, .ofs_y = 0},
    {.bitmap_index = 11333, .adv_w = 387, .box_w = 20, .box_h = 32, .ofs_x = 2, .ofs_y = 0},
    {.bitmap_index = 11413, .adv_w = 387, .box_w = 20, .box_h = 32, .ofs_x = 2, .ofs_y = 0},
    {.bitmap_index = 11493, .adv_w = 387, .box_w = 20, .box_h = 29, .ofs_x = 2, .ofs_y = 0},
    {.bitmap_index = 11566, .adv_w = 387, .box_w = 20, .box_h = 29, .ofs_x = 2, .ofs_y = 0},
    {.bitmap_index = 11639, .adv_w = 366, .box_w = 19, .box_h = 19, .ofs_x = 2, .ofs_y = 5},
    {.bitmap_index = 11685, .adv_w = 387, .box_w = 20, .box_h = 24, .ofs_x = 2, .ofs_y = -1},
    {.bitmap_index = 11745, .adv_w = 396, .box_w = 18, .box_h = 32, .ofs_x = 3, .ofs_y = 0},
    {.bitmap_index = 11817, .adv_w = 396, .box_w = 18, .box_h = 32, .ofs_x = 3, .ofs_y = 0},
    {.bitmap_index = 11889, .adv_w = 396, .box_w = 18, .box_h = 32, .ofs_x = 3, .ofs_y = 0},
    {.bitmap_index = 11961, .adv_w = 396, .box_w = 18, .box_h = 29, .ofs_x = 3, .ofs_y = 0},
    {.bitmap_index = 12027, .adv_w = 326, .box_w = 20, .box_h = 41, .ofs_x = 0, .ofs_y = -10},
    {.bitmap_index = 12130, .adv_w = 394, .box_w = 19, .box_h = 40, .ofs_x = 3, .ofs_y = -10},
    {.bitmap_index = 12225, .adv_w = 326, .box_w = 20, .box_h = 39, .ofs_x = 1, .ofs_y = -10},
    {.bitmap_index = 12323, .adv_w = 594, .box_w = 33, .box_h = 29, .ofs_x = 2, .ofs_y = 0},
    {.bitmap_index = 12443, .adv_w = 605, .box_w = 34, .box_h = 22, .ofs_x = 2, .ofs_y = 0},
    {.bitmap_index = 12537, .adv_w = 351, .box_w = 19, .box_h = 39, .ofs_x = 2, .ofs_y = 0},
    {.bitmap_index = 12630, .adv_w = 307, .box_w = 16, .box_h = 32, .ofs_x = 2, .ofs_y = 0},
    {.bitmap_index = 12694, .adv_w = 362, .box_w = 23, .box_h = 37, .ofs_x = 0, .ofs_y = 0},
    {.bitmap_index = 12801, .adv_w = 366, .box_w = 20, .box_h = 38, .ofs_x = 2, .ofs_y = 0},
    {.bitmap_index = 12896, .adv_w = 301, .box_w = 16, .box_h = 31, .ofs_x = 2, .ofs_y = 0},
    {.bitmap_index = 12958, .adv_w = 265, .box_w = 19, .box_h = 41, .ofs_x = 0, .ofs_y = -10},
    {.bitmap_index = 13056, .adv_w = 268, .box_w = 13, .box_h = 7, .ofs_x = 2, .ofs_y = 24},
    {.bitmap_index = 13068, .adv_w = 286, .box_w = 14, .box_h = 5, .ofs_x = 2, .ofs_y = 24},
    {.bitmap_index = 13077, .adv_w = 320, .box_w = 17, .box_h = 3, .ofs_x = 2, .ofs_y = 9},
    {.bitmap_index = 13084, .adv_w = 640, .box_w = 37, .box_h = 3, .ofs_x = 2, .ofs_y = 9},
    {.bitmap_index = 13098, .adv_w = 112, .box_w = 7, .box_h = 10, .ofs_x = 0, .ofs_y = 19},
    {.bitmap_index = 13107, .adv_w = 112, .box_w = 7, .box_h = 10, .ofs_x = 0, .ofs_y = 19},
    {.bitmap_index = 13116, .adv_w = 160, .box_w = 6, .box_h = 10, .ofs_x = 1, .ofs_y = -5},
    {.bitmap_index = 13124, .adv_w = 230, .box_w = 14, .box_h = 10, .ofs_x = 0, .ofs_y = 19},
    {.bitmap_index = 13142, .adv_w = 230, .box_w = 14, .box_h = 10, .ofs_x = 0, .ofs_y = 19},
    {.bitmap_index = 13160, .adv_w = 266, .box_w = 14, .box_h = 10, .ofs_x = 1, .ofs_y = -5},
    {.bitmap_index = 13178, .adv_w = 328, .box_w = 16, .box_h = 30, .ofs_x = 3, .ofs_y = 0},
    {.bitmap_index = 13238, .adv_w = 328, .box_w = 16, .box_h = 30, .ofs_x = 2, .ofs_y = 0},
    {.bitmap_index = 13298, .adv_w = 241, .box_w = 9, .box_h = 10, .ofs_x = 3, .ofs_y = 10},
    {.bitmap_index = 13310, .adv_w = 506, .box_w = 25, .box_h = 5, .ofs_x = 3, .ofs_y = 0},
    {.bitmap_index = 13326, .adv_w = 753, .box_w = 43, .box_h = 29, .ofs_x = 2, .ofs_y = 0},
    {.bitmap_index = 13482, .adv_w = 198, .box_w = 9, .box_h = 17, .ofs_x = 2, .ofs_y = 2},
    {.bitmap_index = 13502, .adv_w = 198, .box_w = 9, .box_h = 17, .ofs_x = 2, .ofs_y = 2},
    {.bitmap_index = 13522, .adv_w = 366, .box_w = 21, .box_h = 29, .ofs_x = 1, .ofs_y = 0},
    {.bitmap_index = 13599, .adv_w = 495, .box_w = 28, .box_h = 14, .ofs_x = 0, .ofs_y = 15}
};

/*---------------------
 *  CHARACTER MAPPING
 *--------------------*/

static const uint16_t unicode_list_2[] = {
    0x0, 0x1, 0xe, 0xf, 0x26, 0x2b, 0x2c, 0x40,
    0x174, 0x18a, 0x1ec1, 0x1ec2, 0x1ec6, 0x1ec7, 0x1ec8, 0x1eca,
    0x1ecb, 0x1ecc, 0x1ece, 0x1ecf, 0x1ed0, 0x1ed4, 0x1ede, 0x1ee7,
    0x1ee8, 0x1f5a, 0x1fd0
};

/*Collect the unicode lists and glyph_id offsets*/
static const lv_font_fmt_txt_cmap_t cmaps[] =
{
    {
        .range_start = 32, .range_length = 95, .glyph_id_start = 1,
        .unicode_list = NULL, .glyph_id_ofs_list = NULL, .list_length = 0, .type = LV_FONT_FMT_TXT_CMAP_FORMAT0_TINY
    },
    {
        .range_start = 161, .range_length = 95, .glyph_id_start = 96,
        .unicode_list = NULL, .glyph_id_ofs_list = NULL, .list_length = 0, .type = LV_FONT_FMT_TXT_CMAP_FORMAT0_TINY
    },
    {
        .range_start = 338, .range_length = 8145, .glyph_id_start = 191,
        .unicode_list = unicode_list_2, .glyph_id_ofs_list = NULL, .list_length = 27, .type = LV_FONT_FMT_TXT_CMAP_SPARSE_TINY
    }
};



/*--------------------
 *  ALL CUSTOM DATA
 *--------------------*/

#if LVGL_VERSION_MAJOR == 8
/*Store all the custom data of the font*/
static  lv_font_fmt_txt_glyph_cache_t cache;
#endif

#if LVGL_VERSION_MAJOR >= 8
static const lv_font_fmt_txt_dsc_t font_dsc = {
#else
static lv_font_fmt_txt_dsc_t font_dsc = {
#endif
    .glyph_bitmap = glyph_bitmap,
    .glyph_dsc = glyph_dsc,
    .cmaps = cmaps,
    .kern_dsc = NULL,
    .kern_scale = 0,
    .cmap_num = 3,
    .bpp = 1,
    .kern_classes = 0,
    .bitmap_format = 0,
#if LVGL_VERSION_MAJOR == 8
    .cache = &cache
#endif

};



/*-----------------
 *  PUBLIC FONT
 *----------------*/

/*Initialize a public general font descriptor*/
#if LVGL_VERSION_MAJOR >= 8
const lv_font_t NotoSans_Regular_40_CP_1252_ISO_8859_1_15 = {
#else
lv_font_t NotoSans_Regular_40_CP_1252_ISO_8859_1_15 = {
#endif
    .get_glyph_dsc = lv_font_get_glyph_dsc_fmt_txt,    /*Function pointer to get glyph's data*/
    .get_glyph_bitmap = lv_font_get_bitmap_fmt_txt,    /*Function pointer to get glyph's bitmap*/
    .line_height = 49,          /*The maximum line height required by the font*/
    .base_line = 10,             /*Baseline measured from the bottom of the line*/
#if !(LVGL_VERSION_MAJOR == 6 && LVGL_VERSION_MINOR == 0)
    .subpx = LV_FONT_SUBPX_NONE,
#endif
#if LV_VERSION_CHECK(7, 4, 0) || LVGL_VERSION_MAJOR >= 8
    .underline_position = -4,
    .underline_thickness = 2,
#endif
    .static_bitmap = 0,
    .dsc = &font_dsc,          /*The custom font data. Will be accessed by `get_glyph_bitmap/dsc` */
#if LV_VERSION_CHECK(8, 2, 0) || LVGL_VERSION_MAJOR >= 9
    .fallback = NULL,
#endif
    .user_data = NULL,
};



#endif /*#if NOTOSANS_REGULAR_40_CP_1252_ISO_8859_1_15*/
