/*******************************************************************************
 * Size: 60 px
 * Bpp: 1
 * Opts: --bpp 1 --size 60 --no-compress --stride 1 --align 1 --font NotoSans-Regular.ttf --symbols ¡¢£€¥Š§š©ª«¬­®¯°±²³´µ¶·¸¹º»ŒœŸ ÀÁÂÃÄÅÆÇÈÉÊËÌÍÎÏÐÑÒÓÔÕÖ×ØÙÚÛÜÝÞßàáâãäåæçèéêëìíîïðñòóôõö÷øùúûüýþÿ --range 32-126 --format lvgl -o NotoSans_Regular_60_CP_1252_ISO_8859_1_15.c
 ******************************************************************************/

#ifdef __has_include
    #if __has_include("lvgl.h")
        #ifndef LV_LVGL_H_INCLUDE_SIMPLE
            #define LV_LVGL_H_INCLUDE_SIMPLE
        #endif
    #endif
#endif

#ifdef LV_LVGL_H_INCLUDE_SIMPLE
    #include "lvgl.h"
#else
    #include "lvgl/lvgl.h"
#endif



#ifndef NOTOSANS_REGULAR_60_CP_1252_ISO_8859_1_15
#define NOTOSANS_REGULAR_60_CP_1252_ISO_8859_1_15 1
#endif

#if NOTOSANS_REGULAR_60_CP_1252_ISO_8859_1_15

/*-----------------
 *    BITMAPS
 *----------------*/

/*Store the image of the glyphs*/
static LV_ATTRIBUTE_LARGE_CONST const uint8_t glyph_bitmap[] = {
    /* U+0020 " " */
    0x0,

    /* U+0021 "!" */
    0x7e, 0xfd, 0xf3, 0xe7, 0xcf, 0x9f, 0x3e, 0x7c,
    0xf9, 0xf3, 0xe7, 0xcf, 0x9f, 0x3e, 0x7c, 0xf9,
    0xf3, 0xe7, 0xcf, 0x8f, 0x1e, 0x38, 0x70, 0xe1,
    0xc3, 0x87, 0xe, 0x0, 0x0, 0x0, 0x0, 0x87,
    0xdf, 0xff, 0xff, 0xff, 0xfd, 0xf0, 0x80,

    /* U+0022 "\"" */
    0xfc, 0x1f, 0xfc, 0xf, 0xbe, 0x7, 0xdf, 0x3,
    0xef, 0x81, 0xf7, 0xc0, 0xfb, 0xe0, 0x7d, 0xf0,
    0x3e, 0x78, 0xf, 0x3c, 0x7, 0x9e, 0x3, 0xcf,
    0x1, 0xe7, 0x80, 0xf3, 0xc0, 0x79, 0xc0, 0x38,

    /* U+0023 "#" */
    0x0, 0x7, 0xc0, 0x3e, 0x0, 0x0, 0xf0, 0x7,
    0x80, 0x0, 0x1e, 0x0, 0xf0, 0x0, 0x3, 0xc0,
    0x1e, 0x0, 0x0, 0x78, 0x3, 0xc0, 0x0, 0x1f,
    0x0, 0x78, 0x0, 0x3, 0xe0, 0x1f, 0x0, 0x0,
    0x78, 0x3, 0xc0, 0x0, 0xf, 0x0, 0x78, 0x0,
    0x1, 0xe0, 0xf, 0x0, 0x0, 0x7c, 0x1, 0xe0,
    0x0, 0xf, 0x80, 0x7c, 0x0, 0x1, 0xe0, 0xf,
    0x0, 0x7f, 0xff, 0xff, 0xff, 0xcf, 0xff, 0xff,
    0xff, 0xf9, 0xff, 0xff, 0xff, 0xff, 0x3f, 0xff,
    0xff, 0xff, 0xe0, 0x7, 0x80, 0x3c, 0x0, 0x0,
    0xf0, 0x7, 0x80, 0x0, 0x1e, 0x0, 0xf0, 0x0,
    0x7, 0xc0, 0x3e, 0x0, 0x0, 0xf8, 0x7, 0xc0,
    0x0, 0x1e, 0x0, 0xf0, 0x0, 0x3, 0xc0, 0x1e,
    0x0, 0x0, 0x78, 0x3, 0xc0, 0x0, 0x1f, 0x0,
    0xf8, 0x3, 0xff, 0xff, 0xff, 0xff, 0x7f, 0xff,
    0xff, 0xff, 0xef, 0xff, 0xff, 0xff, 0xfd, 0xff,
    0xff, 0xff, 0xff, 0x80, 0x7c, 0x3, 0xe0, 0x0,
    0xf, 0x80, 0x7c, 0x0, 0x1, 0xe0, 0xf, 0x0,
    0x0, 0x3c, 0x1, 0xe0, 0x0, 0x7, 0x80, 0x3c,
    0x0, 0x1, 0xf0, 0xf, 0x80, 0x0, 0x3e, 0x1,
    0xf0, 0x0, 0x7, 0x80, 0x3c, 0x0, 0x0, 0xf0,
    0x7, 0x80, 0x0, 0x1e, 0x0, 0xf0, 0x0, 0x3,
    0xc0, 0x3e, 0x0, 0x0, 0xf8, 0x7, 0xc0, 0x0,
    0x1e, 0x0, 0xf0, 0x0, 0x0,

    /* U+0024 "$" */
    0x0, 0x1e, 0x0, 0x0, 0x3, 0xc0, 0x0, 0x0,
    0x78, 0x0, 0x0, 0xf, 0x0, 0x0, 0x1, 0xe0,
    0x0, 0x0, 0x3c, 0x0, 0x0, 0x7f, 0xfe, 0x0,
    0x3f, 0xff, 0xfc, 0x1f, 0xff, 0xff, 0x87, 0xff,
    0xff, 0xf1, 0xfc, 0x78, 0x7e, 0x3e, 0xf, 0x0,
    0x8f, 0xc1, 0xe0, 0x1, 0xf0, 0x3c, 0x0, 0x3e,
    0x7, 0x80, 0x7, 0xc0, 0xf0, 0x0, 0xf8, 0x1e,
    0x0, 0x1f, 0x3, 0xc0, 0x3, 0xf0, 0x78, 0x0,
    0x3f, 0xf, 0x0, 0x7, 0xfd, 0xe0, 0x0, 0x7f,
    0xfc, 0x0, 0x7, 0xff, 0xc0, 0x0, 0x7f, 0xff,
    0x0, 0x3, 0xff, 0xf8, 0x0, 0x1f, 0xff, 0xc0,
    0x0, 0x7f, 0xfc, 0x0, 0xf, 0xff, 0xc0, 0x1,
    0xe7, 0xfc, 0x0, 0x3c, 0x1f, 0x80, 0x7, 0x81,
    0xf8, 0x0, 0xf0, 0x1f, 0x0, 0x1e, 0x3, 0xe0,
    0x3, 0xc0, 0x7c, 0x0, 0x78, 0xf, 0x80, 0xf,
    0x1, 0xf0, 0x1, 0xe0, 0x7d, 0xc0, 0x3c, 0x1f,
    0xbf, 0x7, 0xbf, 0xe7, 0xff, 0xff, 0xf8, 0xff,
    0xff, 0xfe, 0x1f, 0xff, 0xff, 0x0, 0x1f, 0xfe,
    0x0, 0x0, 0xf, 0x0, 0x0, 0x1, 0xe0, 0x0,
    0x0, 0x3c, 0x0, 0x0, 0x7, 0x80, 0x0, 0x0,
    0xf0, 0x0, 0x0, 0x1e, 0x0, 0x0, 0x3, 0xc0,
    0x0,

    /* U+0025 "%" */
    0x0, 0x0, 0x0, 0x0, 0x0, 0x0, 0x7f, 0x80,
    0x0, 0xf, 0x0, 0x1f, 0xfc, 0x0, 0x1, 0xe0,
    0x3, 0xff, 0xe0, 0x0, 0x3e, 0x0, 0x3f, 0xff,
    0x0, 0x3, 0xc0, 0x7, 0xe1, 0xf8, 0x0, 0x78,
    0x0, 0x7c, 0xf, 0x80, 0x7, 0x80, 0x7, 0xc0,
    0xf8, 0x0, 0xf0, 0x0, 0xf8, 0xf, 0xc0, 0xf,
    0x0, 0xf, 0x80, 0x7c, 0x1, 0xe0, 0x0, 0xf8,
    0x7, 0xc0, 0x1e, 0x0, 0xf, 0x80, 0x7c, 0x3,
    0xc0, 0x0, 0xf8, 0x7, 0xc0, 0x7c, 0x0, 0xf,
    0x80, 0x7c, 0x7, 0x80, 0x0, 0xf8, 0x7, 0xc0,
    0xf0, 0x0, 0xf, 0x80, 0x7c, 0xf, 0x0, 0x0,
    0xf8, 0x7, 0xc1, 0xe0, 0x0, 0xf, 0x80, 0x7c,
    0x1e, 0xf, 0xc0, 0xf8, 0x7, 0xc3, 0xc3, 0xff,
    0x7, 0xc0, 0xf8, 0x3c, 0x7f, 0xf8, 0x7c, 0xf,
    0x87, 0x8f, 0xff, 0xc7, 0xc0, 0xf8, 0xf8, 0xf8,
    0xfc, 0x3e, 0x1f, 0xf, 0x1f, 0x7, 0xe3, 0xff,
    0xf1, 0xf1, 0xf0, 0x3e, 0x1f, 0xfe, 0x1e, 0x1f,
    0x3, 0xe0, 0xff, 0xc3, 0xc3, 0xe0, 0x1f, 0x3,
    0xf0, 0x3c, 0x3e, 0x1, 0xf0, 0x0, 0x7, 0x83,
    0xe0, 0x1f, 0x0, 0x0, 0x78, 0x3e, 0x1, 0xf0,
    0x0, 0xf, 0x3, 0xe0, 0x1f, 0x0, 0x0, 0xf0,
    0x3e, 0x1, 0xf0, 0x0, 0x1e, 0x3, 0xe0, 0x1f,
    0x0, 0x3, 0xe0, 0x3e, 0x1, 0xf0, 0x0, 0x3c,
    0x3, 0xe0, 0x1f, 0x0, 0x7, 0x80, 0x3e, 0x1,
    0xf0, 0x0, 0x78, 0x3, 0xe0, 0x1f, 0x0, 0xf,
    0x0, 0x1e, 0x3, 0xe0, 0x0, 0xf0, 0x1, 0xf0,
    0x3e, 0x0, 0x1e, 0x0, 0x1f, 0x3, 0xe0, 0x1,
    0xe0, 0x0, 0xf8, 0x7c, 0x0, 0x3c, 0x0, 0xf,
    0xff, 0xc0, 0x7, 0xc0, 0x0, 0x7f, 0xf8, 0x0,
    0x78, 0x0, 0x3, 0xff, 0x0, 0xf, 0x0, 0x0,
    0x1f, 0xe0, 0x0, 0x0, 0x0, 0x0, 0x20, 0x0,

    /* U+0026 "&" */
    0x0, 0x0, 0x0, 0x0, 0x0, 0x0, 0x7f, 0xf0,
    0x0, 0x0, 0x0, 0xff, 0xfc, 0x0, 0x0, 0x3,
    0xff, 0xfe, 0x0, 0x0, 0x3, 0xff, 0xff, 0x0,
    0x0, 0x7, 0xe0, 0x3f, 0x0, 0x0, 0x7, 0xc0,
    0x1f, 0x80, 0x0, 0xf, 0x80, 0xf, 0x80, 0x0,
    0xf, 0x80, 0xf, 0x80, 0x0, 0xf, 0x80, 0xf,
    0x80, 0x0, 0xf, 0x80, 0xf, 0x80, 0x0, 0xf,
    0x80, 0xf, 0x80, 0x0, 0xf, 0xc0, 0x1f, 0x80,
    0x0, 0x7, 0xc0, 0x1f, 0x0, 0x0, 0x7, 0xe0,
    0x3f, 0x0, 0x0, 0x7, 0xe0, 0x7e, 0x0, 0x0,
    0x3, 0xf0, 0xfe, 0x0, 0x0, 0x1, 0xfb, 0xfc,
    0x0, 0x0, 0x1, 0xff, 0xf8, 0x0, 0x0, 0x0,
    0xff, 0xe0, 0x0, 0x0, 0x0, 0x7f, 0xc0, 0x0,
    0x0, 0x1, 0xff, 0x80, 0x0, 0x0, 0x3, 0xff,
    0xc0, 0x0, 0x0, 0x7, 0xff, 0xe0, 0x0, 0xf8,
    0xf, 0xef, 0xf0, 0x0, 0xf8, 0x1f, 0xc7, 0xf8,
    0x1, 0xf8, 0x3f, 0x1, 0xfc, 0x1, 0xf8, 0x7e,
    0x0, 0xfe, 0x1, 0xf0, 0x7c, 0x0, 0x7f, 0x3,
    0xf0, 0xfc, 0x0, 0x3f, 0x83, 0xe0, 0xf8, 0x0,
    0x1f, 0xc7, 0xe0, 0xf8, 0x0, 0xf, 0xe7, 0xe0,
    0xf8, 0x0, 0x7, 0xff, 0xc0, 0xf8, 0x0, 0x3,
    0xff, 0x80, 0xf8, 0x0, 0x1, 0xff, 0x80, 0xf8,
    0x0, 0x0, 0xff, 0x0, 0xfc, 0x0, 0x0, 0xff,
    0x0, 0x7c, 0x0, 0x1, 0xff, 0x80, 0x7e, 0x0,
    0x7, 0xff, 0xc0, 0x3f, 0x80, 0x1f, 0xff, 0xe0,
    0x1f, 0xff, 0xff, 0xc7, 0xf0, 0xf, 0xff, 0xff,
    0x83, 0xf8, 0x7, 0xff, 0xfe, 0x1, 0xfe, 0x1,
    0xff, 0xf8, 0x0, 0xff, 0x0, 0xc, 0x0, 0x0,
    0x0,

    /* U+0027 "'" */
    0xff, 0xef, 0xbe, 0xfb, 0xef, 0xbe, 0x79, 0xe7,
    0x9e, 0x79, 0xe7, 0x0,

    /* U+0028 "(" */
    0x0, 0xf8, 0xf, 0x80, 0x7c, 0x7, 0xc0, 0x7e,
    0x3, 0xe0, 0x3f, 0x1, 0xf0, 0x1f, 0x80, 0xf8,
    0x7, 0xc0, 0x7c, 0x3, 0xe0, 0x1f, 0x1, 0xf8,
    0xf, 0x80, 0x7c, 0x3, 0xe0, 0x1f, 0x1, 0xf8,
    0xf, 0x80, 0x7c, 0x3, 0xe0, 0x1f, 0x0, 0xf8,
    0x7, 0xc0, 0x3e, 0x1, 0xf0, 0xf, 0x80, 0x7c,
    0x3, 0xe0, 0x1f, 0x0, 0xf8, 0x7, 0xe0, 0x1f,
    0x0, 0xf8, 0x7, 0xc0, 0x3e, 0x1, 0xf8, 0x7,
    0xc0, 0x3e, 0x1, 0xf8, 0x7, 0xc0, 0x3e, 0x0,
    0xf8, 0x7, 0xc0, 0x1f, 0x0, 0xf8, 0x3, 0xe0,
    0x1f, 0x0, 0x7c, 0x1, 0xf0, 0xf, 0x80,

    /* U+0029 ")" */
    0xf8, 0x3, 0xe0, 0x1f, 0x0, 0x7c, 0x3, 0xf0,
    0xf, 0x80, 0x7e, 0x1, 0xf0, 0xf, 0xc0, 0x3e,
    0x1, 0xf0, 0x7, 0xc0, 0x3e, 0x1, 0xf0, 0xf,
    0xc0, 0x3e, 0x1, 0xf0, 0xf, 0x80, 0x7c, 0x3,
    0xf0, 0xf, 0x80, 0x7c, 0x3, 0xe0, 0x1f, 0x0,
    0xf8, 0x7, 0xc0, 0x3e, 0x1, 0xf0, 0xf, 0x80,
    0x7c, 0x3, 0xe0, 0x1f, 0x0, 0xf8, 0xf, 0xc0,
    0x7c, 0x3, 0xe0, 0x1f, 0x0, 0xf8, 0xf, 0xc0,
    0x7c, 0x3, 0xe0, 0x3f, 0x1, 0xf0, 0xf, 0x80,
    0xf8, 0x7, 0xc0, 0x7c, 0x3, 0xe0, 0x3e, 0x1,
    0xf0, 0x1f, 0x1, 0xf0, 0xf, 0x80, 0x0,

    /* U+002A "*" */
    0x0, 0x1f, 0x80, 0x0, 0x0, 0xf8, 0x0, 0x0,
    0xf, 0x80, 0x0, 0x0, 0xf8, 0x0, 0x0, 0xf,
    0x80, 0x0, 0x0, 0xf8, 0x0, 0x0, 0xf, 0x80,
    0x0, 0x0, 0xf8, 0x0, 0x40, 0xf, 0x0, 0x17,
    0x80, 0xf0, 0x1f, 0x7f, 0x87, 0xf, 0xf7, 0xff,
    0x7f, 0xff, 0x7f, 0xff, 0xff, 0xf7, 0xff, 0xff,
    0xff, 0x0, 0xff, 0xf8, 0x0, 0x1, 0xfc, 0x0,
    0x0, 0x3f, 0xe0, 0x0, 0x7, 0xde, 0x0, 0x0,
    0x7d, 0xf0, 0x0, 0xf, 0x8f, 0x80, 0x1, 0xf8,
    0xfc, 0x0, 0x3f, 0x7, 0xc0, 0x3, 0xf0, 0x7e,
    0x0, 0x7e, 0x3, 0xf0, 0x7, 0xe0, 0x3f, 0x0,
    0x1c, 0x1, 0xc0, 0x0, 0xc0, 0x18, 0x0,

    /* U+002B "+" */
    0x0, 0xf, 0x80, 0x0, 0x0, 0xf8, 0x0, 0x0,
    0xf, 0x80, 0x0, 0x0, 0xf8, 0x0, 0x0, 0xf,
    0x80, 0x0, 0x0, 0xf8, 0x0, 0x0, 0xf, 0x80,
    0x0, 0x0, 0xf8, 0x0, 0x0, 0xf, 0x80, 0x0,
    0x0, 0xf8, 0x0, 0x0, 0xf, 0x80, 0x0, 0x0,
    0xf8, 0x0, 0xff, 0xff, 0xff, 0xff, 0xff, 0xff,
    0xff, 0xff, 0xff, 0xff, 0xff, 0xff, 0xff, 0xff,
    0x0, 0xf, 0x80, 0x0, 0x0, 0xf8, 0x0, 0x0,
    0xf, 0x80, 0x0, 0x0, 0xf8, 0x0, 0x0, 0xf,
    0x80, 0x0, 0x0, 0xf8, 0x0, 0x0, 0xf, 0x80,
    0x0, 0x0, 0xf8, 0x0, 0x0, 0xf, 0x80, 0x0,
    0x0, 0xf8, 0x0, 0x0, 0xf, 0x80, 0x0, 0x0,
    0xf8, 0x0, 0x0, 0xf, 0x80, 0x0,

    /* U+002C "," */
    0x1f, 0x87, 0xe1, 0xf8, 0x7e, 0x1f, 0x7, 0xc3,
    0xf0, 0xf8, 0x3e, 0xf, 0x87, 0xc1, 0xf0, 0x78,
    0x1e, 0x7, 0x80,

    /* U+002D "-" */
    0xff, 0xff, 0xff, 0xff, 0xff, 0xff, 0xff, 0xf0,

    /* U+002E "." */
    0x10, 0xfb, 0xff, 0xff, 0xff, 0xff, 0xbe, 0x10,

    /* U+002F "/" */
    0x0, 0x1, 0xf8, 0x0, 0xf, 0x80, 0x0, 0x7c,
    0x0, 0x7, 0xc0, 0x0, 0x3e, 0x0, 0x1, 0xf0,
    0x0, 0x1f, 0x0, 0x0, 0xf8, 0x0, 0xf, 0xc0,
    0x0, 0x7c, 0x0, 0x3, 0xe0, 0x0, 0x3e, 0x0,
    0x1, 0xf0, 0x0, 0xf, 0x80, 0x0, 0xf8, 0x0,
    0x7, 0xc0, 0x0, 0x7e, 0x0, 0x3, 0xe0, 0x0,
    0x1f, 0x0, 0x1, 0xf0, 0x0, 0xf, 0x80, 0x0,
    0x7c, 0x0, 0x7, 0xc0, 0x0, 0x3e, 0x0, 0x3,
    0xf0, 0x0, 0x1f, 0x0, 0x0, 0xf8, 0x0, 0xf,
    0xc0, 0x0, 0x7c, 0x0, 0x3, 0xe0, 0x0, 0x3e,
    0x0, 0x1, 0xf0, 0x0, 0x1f, 0x80, 0x0, 0xf8,
    0x0, 0x7, 0xc0, 0x0, 0x7e, 0x0, 0x3, 0xe0,
    0x0, 0x1f, 0x0, 0x1, 0xf0, 0x0, 0xf, 0x80,
    0x0, 0x7c, 0x0, 0x7, 0xc0, 0x0, 0x3e, 0x0,
    0x0,

    /* U+0030 "0" */
    0x0, 0x0, 0x0, 0x0, 0xf, 0xfe, 0x0, 0x1,
    0xff, 0xf8, 0x0, 0x7f, 0xff, 0xc0, 0xf, 0xff,
    0xfe, 0x0, 0xfc, 0x3, 0xf0, 0x1f, 0x80, 0x1f,
    0x81, 0xf0, 0x0, 0xf8, 0x3e, 0x0, 0x7, 0xc3,
    0xe0, 0x0, 0x7c, 0x7c, 0x0, 0x7, 0xc7, 0xc0,
    0x0, 0x3e, 0x7c, 0x0, 0x3, 0xe7, 0xc0, 0x0,
    0x3e, 0x7c, 0x0, 0x3, 0xef, 0x80, 0x0, 0x1f,
    0xf8, 0x0, 0x1, 0xff, 0x80, 0x0, 0x1f, 0xf8,
    0x0, 0x1, 0xff, 0x80, 0x0, 0x1f, 0xf8, 0x0,
    0x1, 0xff, 0x80, 0x0, 0x1f, 0xf8, 0x0, 0x1,
    0xff, 0x80, 0x0, 0x1f, 0xf8, 0x0, 0x1, 0xff,
    0x80, 0x0, 0x1f, 0xf8, 0x0, 0x1, 0xff, 0x80,
    0x0, 0x1f, 0xf8, 0x0, 0x1, 0xff, 0x80, 0x0,
    0x1f, 0x7c, 0x0, 0x3, 0xe7, 0xc0, 0x0, 0x3e,
    0x7c, 0x0, 0x3, 0xe7, 0xc0, 0x0, 0x3e, 0x3c,
    0x0, 0x3, 0xe3, 0xe0, 0x0, 0x7c, 0x3e, 0x0,
    0x7, 0xc1, 0xf0, 0x0, 0xf8, 0x1f, 0x80, 0x1f,
    0x80, 0xfc, 0x3, 0xf0, 0x7, 0xff, 0xfe, 0x0,
    0x3f, 0xff, 0xc0, 0x1, 0xff, 0xf8, 0x0, 0x7,
    0xfe, 0x0, 0x0, 0x4, 0x0, 0x0,

    /* U+0031 "1" */
    0x0, 0x1f, 0x0, 0x3f, 0x0, 0xff, 0x1, 0xff,
    0x3, 0xff, 0x7, 0xff, 0x1f, 0xdf, 0x3f, 0x9f,
    0x7f, 0x1f, 0xfe, 0x1f, 0x78, 0x1f, 0x30, 0x1f,
    0x0, 0x1f, 0x0, 0x1f, 0x0, 0x1f, 0x0, 0x1f,
    0x0, 0x1f, 0x0, 0x1f, 0x0, 0x1f, 0x0, 0x1f,
    0x0, 0x1f, 0x0, 0x1f, 0x0, 0x1f, 0x0, 0x1f,
    0x0, 0x1f, 0x0, 0x1f, 0x0, 0x1f, 0x0, 0x1f,
    0x0, 0x1f, 0x0, 0x1f, 0x0, 0x1f, 0x0, 0x1f,
    0x0, 0x1f, 0x0, 0x1f, 0x0, 0x1f, 0x0, 0x1f,
    0x0, 0x1f, 0x0, 0x1f, 0x0, 0x1f, 0x0, 0x1f,
    0x0, 0x1f, 0x0, 0x1f, 0x0, 0x1f,

    /* U+0032 "2" */
    0x0, 0x4, 0x0, 0x0, 0x1f, 0xfe, 0x0, 0x7,
    0xff, 0xf8, 0x1, 0xff, 0xff, 0xe0, 0x7f, 0xff,
    0xfe, 0x7, 0xf0, 0x3, 0xf0, 0x3c, 0x0, 0x1f,
    0x83, 0x80, 0x0, 0xf8, 0x0, 0x0, 0xf, 0xc0,
    0x0, 0x0, 0x7c, 0x0, 0x0, 0x7, 0xc0, 0x0,
    0x0, 0x7c, 0x0, 0x0, 0x7, 0xc0, 0x0, 0x0,
    0x7c, 0x0, 0x0, 0x7, 0xc0, 0x0, 0x0, 0xfc,
    0x0, 0x0, 0xf, 0x80, 0x0, 0x0, 0xf8, 0x0,
    0x0, 0x1f, 0x80, 0x0, 0x1, 0xf0, 0x0, 0x0,
    0x3e, 0x0, 0x0, 0x7, 0xe0, 0x0, 0x0, 0xfc,
    0x0, 0x0, 0x1f, 0x80, 0x0, 0x3, 0xf8, 0x0,
    0x0, 0x3f, 0x0, 0x0, 0x7, 0xe0, 0x0, 0x0,
    0xfc, 0x0, 0x0, 0x1f, 0x80, 0x0, 0x3, 0xf0,
    0x0, 0x0, 0x7e, 0x0, 0x0, 0xf, 0xc0, 0x0,
    0x1, 0xf8, 0x0, 0x0, 0x3f, 0x0, 0x0, 0x7,
    0xe0, 0x0, 0x0, 0xfc, 0x0, 0x0, 0x1f, 0x80,
    0x0, 0x3, 0xf0, 0x0, 0x0, 0x7e, 0x0, 0x0,
    0xf, 0xff, 0xff, 0xff, 0xff, 0xff, 0xff, 0xff,
    0xff, 0xff, 0xff, 0xff, 0xff, 0xff, 0xff, 0xff,
    0xff, 0xff,

    /* U+0033 "3" */
    0x0, 0x0, 0x0, 0x0, 0x1f, 0xff, 0x0, 0xf,
    0xff, 0xfc, 0x3, 0xff, 0xff, 0xf0, 0x7f, 0xff,
    0xff, 0x87, 0xf0, 0x1, 0xf8, 0x3c, 0x0, 0xf,
    0xc1, 0x80, 0x0, 0x7c, 0x0, 0x0, 0x7, 0xe0,
    0x0, 0x0, 0x3e, 0x0, 0x0, 0x3, 0xe0, 0x0,
    0x0, 0x3e, 0x0, 0x0, 0x3, 0xe0, 0x0, 0x0,
    0x3e, 0x0, 0x0, 0x7, 0xe0, 0x0, 0x0, 0x7c,
    0x0, 0x0, 0xf, 0xc0, 0x0, 0x1, 0xf8, 0x0,
    0x0, 0x3f, 0x0, 0x0, 0x1f, 0xe0, 0x1, 0xff,
    0xfc, 0x0, 0x1f, 0xfe, 0x0, 0x1, 0xff, 0xfc,
    0x0, 0x1f, 0xff, 0xf0, 0x0, 0x0, 0xff, 0x80,
    0x0, 0x1, 0xfc, 0x0, 0x0, 0x7, 0xe0, 0x0,
    0x0, 0x3e, 0x0, 0x0, 0x3, 0xf0, 0x0, 0x0,
    0x1f, 0x0, 0x0, 0x1, 0xf0, 0x0, 0x0, 0x1f,
    0x0, 0x0, 0x1, 0xf0, 0x0, 0x0, 0x1f, 0x0,
    0x0, 0x1, 0xf0, 0x0, 0x0, 0x3f, 0x0, 0x0,
    0x3, 0xe0, 0x0, 0x0, 0x7e, 0xe0, 0x0, 0xf,
    0xcf, 0x80, 0x3, 0xfc, 0xff, 0xff, 0xff, 0x8f,
    0xff, 0xff, 0xe0, 0x7f, 0xff, 0xfc, 0x1, 0xff,
    0xfe, 0x0, 0x0, 0x38, 0x0, 0x0,

    /* U+0034 "4" */
    0x0, 0x0, 0xf, 0xc0, 0x0, 0x0, 0xf, 0xc0,
    0x0, 0x0, 0x1f, 0xc0, 0x0, 0x0, 0x3f, 0xc0,
    0x0, 0x0, 0x7f, 0xc0, 0x0, 0x0, 0x7f, 0xc0,
    0x0, 0x0, 0xf7, 0xc0, 0x0, 0x1, 0xf7, 0xc0,
    0x0, 0x3, 0xe7, 0xc0, 0x0, 0x3, 0xe7, 0xc0,
    0x0, 0x7, 0xc7, 0xc0, 0x0, 0xf, 0x87, 0xc0,
    0x0, 0x1f, 0x7, 0xc0, 0x0, 0x1f, 0x7, 0xc0,
    0x0, 0x3e, 0x7, 0xc0, 0x0, 0x7c, 0x7, 0xc0,
    0x0, 0x7c, 0x7, 0xc0, 0x0, 0xf8, 0x7, 0xc0,
    0x1, 0xf0, 0x7, 0xc0, 0x3, 0xe0, 0x7, 0xc0,
    0x3, 0xe0, 0x7, 0xc0, 0x7, 0xc0, 0x7, 0xc0,
    0xf, 0x80, 0x7, 0xc0, 0x1f, 0x80, 0x7, 0xc0,
    0x1f, 0x0, 0x7, 0xc0, 0x3e, 0x0, 0x7, 0xc0,
    0x7c, 0x0, 0x7, 0xc0, 0x7c, 0x0, 0x7, 0xc0,
    0xff, 0xff, 0xff, 0xff, 0xff, 0xff, 0xff, 0xff,
    0xff, 0xff, 0xff, 0xff, 0xff, 0xff, 0xff, 0xff,
    0xff, 0xff, 0xff, 0xff, 0x0, 0x0, 0x7, 0xc0,
    0x0, 0x0, 0x7, 0xc0, 0x0, 0x0, 0x7, 0xc0,
    0x0, 0x0, 0x7, 0xc0, 0x0, 0x0, 0x7, 0xc0,
    0x0, 0x0, 0x7, 0xc0, 0x0, 0x0, 0x7, 0xc0,
    0x0, 0x0, 0x7, 0xc0, 0x0, 0x0, 0x7, 0xc0,
    0x0, 0x0, 0x7, 0xc0,

    /* U+0035 "5" */
    0x1f, 0xff, 0xff, 0x3, 0xff, 0xff, 0xe0, 0x7f,
    0xff, 0xfc, 0xf, 0xff, 0xff, 0x81, 0xff, 0xff,
    0xf0, 0x3e, 0x0, 0x0, 0x7, 0x80, 0x0, 0x0,
    0xf0, 0x0, 0x0, 0x3e, 0x0, 0x0, 0x7, 0xc0,
    0x0, 0x0, 0xf8, 0x0, 0x0, 0x1f, 0x0, 0x0,
    0x3, 0xe0, 0x0, 0x0, 0x7c, 0x0, 0x0, 0xf,
    0x80, 0x0, 0x1, 0xf0, 0x0, 0x0, 0x3e, 0x0,
    0x0, 0x7, 0xff, 0xf8, 0x0, 0xff, 0xff, 0xc0,
    0x1f, 0xff, 0xfe, 0x3, 0xff, 0xff, 0xe0, 0x38,
    0x1, 0xfe, 0x0, 0x0, 0xf, 0xe0, 0x0, 0x0,
    0x7e, 0x0, 0x0, 0xf, 0xc0, 0x0, 0x0, 0xf8,
    0x0, 0x0, 0x1f, 0x80, 0x0, 0x1, 0xf0, 0x0,
    0x0, 0x3e, 0x0, 0x0, 0x7, 0xc0, 0x0, 0x0,
    0xf8, 0x0, 0x0, 0x1f, 0x0, 0x0, 0x3, 0xe0,
    0x0, 0x0, 0xfc, 0x0, 0x0, 0x1f, 0x0, 0x0,
    0x3, 0xe0, 0x0, 0x0, 0xf9, 0x80, 0x0, 0x3f,
    0x3e, 0x0, 0x1f, 0xc7, 0xff, 0xff, 0xf0, 0xff,
    0xff, 0xfc, 0xf, 0xff, 0xfe, 0x0, 0x7f, 0xff,
    0x0, 0x0, 0x18, 0x0, 0x0,

    /* U+0036 "6" */
    0x0, 0x0, 0x0, 0x0, 0x0, 0x7f, 0xf8, 0x0,
    0x3f, 0xff, 0x80, 0xf, 0xff, 0xf8, 0x1, 0xff,
    0xff, 0x80, 0x3f, 0x80, 0x0, 0x7, 0xe0, 0x0,
    0x0, 0xfc, 0x0, 0x0, 0xf, 0x80, 0x0, 0x1,
    0xf0, 0x0, 0x0, 0x1f, 0x0, 0x0, 0x3, 0xe0,
    0x0, 0x0, 0x3e, 0x0, 0x0, 0x3, 0xc0, 0x0,
    0x0, 0x7c, 0x0, 0x0, 0x7, 0xc0, 0x0, 0x0,
    0x78, 0x0, 0x0, 0x7, 0x80, 0xfe, 0x0, 0xf8,
    0x7f, 0xfc, 0xf, 0x8f, 0xff, 0xf0, 0xfb, 0xff,
    0xff, 0x8f, 0xbe, 0x3, 0xf8, 0xff, 0x80, 0xf,
    0xcf, 0xf0, 0x0, 0x7e, 0xfe, 0x0, 0x3, 0xef,
    0xc0, 0x0, 0x3e, 0xfc, 0x0, 0x3, 0xff, 0x80,
    0x0, 0x1f, 0xf8, 0x0, 0x1, 0xff, 0x80, 0x0,
    0x1f, 0xf8, 0x0, 0x1, 0xff, 0x80, 0x0, 0x1f,
    0x78, 0x0, 0x1, 0xf7, 0xc0, 0x0, 0x1f, 0x7c,
    0x0, 0x3, 0xf3, 0xe0, 0x0, 0x3e, 0x3e, 0x0,
    0x3, 0xe1, 0xf0, 0x0, 0x7c, 0x1f, 0x80, 0xf,
    0xc0, 0xfc, 0x1, 0xf8, 0x7, 0xff, 0xff, 0x0,
    0x3f, 0xff, 0xe0, 0x1, 0xff, 0xfc, 0x0, 0x7,
    0xff, 0x0, 0x0, 0x2, 0x0, 0x0,

    /* U+0037 "7" */
    0xff, 0xff, 0xff, 0xff, 0xff, 0xff, 0xff, 0xff,
    0xff, 0xff, 0xff, 0xff, 0xff, 0xff, 0xff, 0xff,
    0xff, 0xff, 0x80, 0x0, 0x0, 0xf8, 0x0, 0x0,
    0x7, 0xc0, 0x0, 0x0, 0x7e, 0x0, 0x0, 0x3,
    0xe0, 0x0, 0x0, 0x3f, 0x0, 0x0, 0x1, 0xf0,
    0x0, 0x0, 0x1f, 0x80, 0x0, 0x0, 0xf8, 0x0,
    0x0, 0xf, 0xc0, 0x0, 0x0, 0x7c, 0x0, 0x0,
    0x7, 0xe0, 0x0, 0x0, 0x3e, 0x0, 0x0, 0x3,
    0xf0, 0x0, 0x0, 0x1f, 0x80, 0x0, 0x0, 0xf8,
    0x0, 0x0, 0xf, 0xc0, 0x0, 0x0, 0x7c, 0x0,
    0x0, 0x7, 0xe0, 0x0, 0x0, 0x3e, 0x0, 0x0,
    0x3, 0xf0, 0x0, 0x0, 0x1f, 0x0, 0x0, 0x1,
    0xf8, 0x0, 0x0, 0xf, 0x80, 0x0, 0x0, 0xfc,
    0x0, 0x0, 0x7, 0xe0, 0x0, 0x0, 0x7e, 0x0,
    0x0, 0x3, 0xf0, 0x0, 0x0, 0x3f, 0x0, 0x0,
    0x1, 0xf8, 0x0, 0x0, 0xf, 0x80, 0x0, 0x0,
    0xfc, 0x0, 0x0, 0x7, 0xc0, 0x0, 0x0, 0x7e,
    0x0, 0x0, 0x3, 0xe0, 0x0, 0x0, 0x3f, 0x0,
    0x0, 0x1, 0xf8, 0x0, 0x0, 0x1f, 0x80, 0x0,
    0x0, 0xfc, 0x0, 0x0,

    /* U+0038 "8" */
    0x0, 0x0, 0x0, 0x0, 0xf, 0xff, 0x0, 0x3,
    0xff, 0xfc, 0x0, 0xff, 0xff, 0xf0, 0x1f, 0xff,
    0xff, 0x83, 0xf8, 0x1, 0xfc, 0x3f, 0x0, 0xf,
    0xc7, 0xe0, 0x0, 0x7e, 0x7c, 0x0, 0x3, 0xe7,
    0xc0, 0x0, 0x3e, 0x7c, 0x0, 0x3, 0xe7, 0xc0,
    0x0, 0x3e, 0x7c, 0x0, 0x3, 0xe7, 0xe0, 0x0,
    0x7e, 0x3e, 0x0, 0x7, 0xc3, 0xf0, 0x0, 0xfc,
    0x1f, 0x80, 0x1f, 0x81, 0xfe, 0x3, 0xf0, 0xf,
    0xf8, 0xfe, 0x0, 0x7f, 0xff, 0xc0, 0x1, 0xff,
    0xf0, 0x0, 0xf, 0xff, 0x0, 0x1, 0xff, 0xf8,
    0x0, 0x7f, 0xff, 0xe0, 0xf, 0xe1, 0xff, 0x1,
    0xfc, 0x7, 0xf8, 0x3f, 0x0, 0x1f, 0xc7, 0xe0,
    0x0, 0xfe, 0x7c, 0x0, 0x7, 0xef, 0xc0, 0x0,
    0x3f, 0xf8, 0x0, 0x1, 0xff, 0x80, 0x0, 0x1f,
    0xf8, 0x0, 0x1, 0xff, 0x80, 0x0, 0x1f, 0xf8,
    0x0, 0x1, 0xff, 0x80, 0x0, 0x1f, 0xfc, 0x0,
    0x3, 0xe7, 0xc0, 0x0, 0x3e, 0x7e, 0x0, 0x7,
    0xe3, 0xf8, 0x1, 0xfc, 0x1f, 0xff, 0xff, 0x80,
    0xff, 0xff, 0xf0, 0x7, 0xff, 0xfe, 0x0, 0x1f,
    0xff, 0x0, 0x0, 0x6, 0x0, 0x0,

    /* U+0039 "9" */
    0x0, 0x0, 0x0, 0x0, 0xf, 0xfe, 0x0, 0x3,
    0xff, 0xf8, 0x0, 0x7f, 0xff, 0xc0, 0xf, 0xff,
    0xfe, 0x1, 0xf8, 0x3, 0xf0, 0x3f, 0x0, 0x1f,
    0x83, 0xe0, 0x0, 0xf8, 0x7c, 0x0, 0x7, 0xc7,
    0xc0, 0x0, 0x7c, 0xfc, 0x0, 0x3, 0xef, 0x80,
    0x0, 0x3e, 0xf8, 0x0, 0x1, 0xef, 0x80, 0x0,
    0x1e, 0xf8, 0x0, 0x1, 0xff, 0x80, 0x0, 0x1f,
    0xf8, 0x0, 0x1, 0xff, 0x80, 0x0, 0x1f, 0xf8,
    0x0, 0x3, 0xf7, 0xc0, 0x0, 0x3f, 0x7c, 0x0,
    0x7, 0xf7, 0xe0, 0x0, 0xff, 0x3f, 0x0, 0x1f,
    0xf3, 0xfc, 0x7, 0xdf, 0x1f, 0xff, 0xfd, 0xf0,
    0xff, 0xff, 0x1f, 0x3, 0xff, 0xe1, 0xf0, 0xf,
    0xf0, 0x1e, 0x0, 0x0, 0x1, 0xe0, 0x0, 0x0,
    0x3e, 0x0, 0x0, 0x3, 0xe0, 0x0, 0x0, 0x3c,
    0x0, 0x0, 0x7, 0xc0, 0x0, 0x0, 0x7c, 0x0,
    0x0, 0xf, 0x80, 0x0, 0x0, 0xf8, 0x0, 0x0,
    0x1f, 0x0, 0x0, 0x3, 0xf0, 0x0, 0x0, 0x7e,
    0x0, 0x0, 0x1f, 0xc0, 0x1f, 0xff, 0xf8, 0x1,
    0xff, 0xff, 0x0, 0x1f, 0xff, 0xc0, 0x1, 0xff,
    0xe0, 0x0, 0x1, 0x80, 0x0, 0x0,

    /* U+003A ":" */
    0x10, 0xfb, 0xff, 0xff, 0xff, 0xff, 0xbe, 0x10,
    0x0, 0x0, 0x0, 0x0, 0x0, 0x0, 0x0, 0x0,
    0x0, 0x0, 0x0, 0x0, 0x0, 0x0, 0x21, 0xf7,
    0xff, 0xff, 0xff, 0xff, 0x7c, 0x20,

    /* U+003B ";" */
    0x4, 0xf, 0x8f, 0xe7, 0xf3, 0xf9, 0xfc, 0xfe,
    0x3e, 0x4, 0x0, 0x0, 0x0, 0x0, 0x0, 0x0,
    0x0, 0x0, 0x0, 0x0, 0x0, 0x0, 0x0, 0x0,
    0x0, 0x0, 0x0, 0x0, 0x0, 0x7, 0xc7, 0xe3,
    0xf1, 0xf8, 0xf8, 0x7c, 0x3e, 0x3e, 0x1f, 0xf,
    0x87, 0x87, 0xc3, 0xe1, 0xe0, 0xf0, 0x0,

    /* U+003C "<" */
    0x0, 0x0, 0x0, 0x8, 0x0, 0x0, 0x1, 0xc0,
    0x0, 0x0, 0x3e, 0x0, 0x0, 0x7, 0xf0, 0x0,
    0x0, 0xff, 0x80, 0x0, 0x1f, 0xf0, 0x0, 0x3,
    0xfe, 0x0, 0x0, 0x7f, 0xc0, 0x0, 0xf, 0xf8,
    0x0, 0x1, 0xff, 0x0, 0x0, 0x3f, 0xe0, 0x0,
    0x7, 0xfc, 0x0, 0x0, 0xff, 0x80, 0x0, 0x1f,
    0xe0, 0x0, 0x3, 0xfc, 0x0, 0x0, 0x1f, 0x80,
    0x0, 0x0, 0xff, 0x0, 0x0, 0x7, 0xfe, 0x0,
    0x0, 0xf, 0xfc, 0x0, 0x0, 0xf, 0xfc, 0x0,
    0x0, 0x1f, 0xf8, 0x0, 0x0, 0x3f, 0xf0, 0x0,
    0x0, 0x7f, 0xf0, 0x0, 0x0, 0x7f, 0xe0, 0x0,
    0x0, 0xff, 0xe0, 0x0, 0x1, 0xff, 0xc0, 0x0,
    0x1, 0xfe, 0x0, 0x0, 0x3, 0xf0, 0x0, 0x0,
    0x7, 0x80, 0x0, 0x0, 0xc,

    /* U+003D "=" */
    0xff, 0xff, 0xff, 0xff, 0xff, 0xff, 0xff, 0xff,
    0xff, 0xff, 0xff, 0xff, 0xff, 0xf0, 0x0, 0x0,
    0x0, 0x0, 0x0, 0x0, 0x0, 0x0, 0x0, 0x0,
    0x0, 0x0, 0x0, 0x0, 0x0, 0x0, 0x0, 0x0,
    0x0, 0x0, 0x0, 0x0, 0x0, 0x0, 0x0, 0x0,
    0xf, 0xff, 0xff, 0xff, 0xff, 0xff, 0xff, 0xff,
    0xff, 0xff, 0xff, 0xff, 0xff, 0xff,

    /* U+003E ">" */
    0x0, 0x0, 0x0, 0x7, 0x0, 0x0, 0x0, 0x3e,
    0x0, 0x0, 0x1, 0xfc, 0x0, 0x0, 0xf, 0xf8,
    0x0, 0x0, 0x3f, 0xf0, 0x0, 0x0, 0x7f, 0xe0,
    0x0, 0x0, 0xff, 0xc0, 0x0, 0x1, 0xff, 0x80,
    0x0, 0x3, 0xff, 0x0, 0x0, 0x3, 0xfe, 0x0,
    0x0, 0x7, 0xfc, 0x0, 0x0, 0xf, 0xf8, 0x0,
    0x0, 0x1f, 0xf0, 0x0, 0x0, 0x3f, 0xe0, 0x0,
    0x0, 0x7f, 0x0, 0x0, 0x7, 0xf8, 0x0, 0x0,
    0xff, 0x80, 0x0, 0x3f, 0xf0, 0x0, 0x7, 0xfe,
    0x0, 0x1, 0xff, 0xc0, 0x0, 0x3f, 0xf0, 0x0,
    0x7, 0xfe, 0x0, 0x1, 0xff, 0xc0, 0x0, 0x3f,
    0xf8, 0x0, 0x7, 0xfe, 0x0, 0x0, 0x3f, 0xc0,
    0x0, 0x1, 0xf8, 0x0, 0x0, 0xe, 0x0, 0x0,
    0x0, 0x40, 0x0, 0x0, 0x0,

    /* U+003F "?" */
    0x0, 0x10, 0x0, 0x1f, 0xff, 0x1, 0xff, 0xff,
    0x87, 0xff, 0xff, 0x8f, 0xff, 0xff, 0x8f, 0x0,
    0x3f, 0x98, 0x0, 0x1f, 0x0, 0x0, 0x3f, 0x0,
    0x0, 0x3e, 0x0, 0x0, 0x7c, 0x0, 0x0, 0xf8,
    0x0, 0x1, 0xf0, 0x0, 0x3, 0xe0, 0x0, 0x7,
    0xc0, 0x0, 0x1f, 0x0, 0x0, 0x7e, 0x0, 0x1,
    0xfc, 0x0, 0x7, 0xf0, 0x0, 0x1f, 0xc0, 0x0,
    0x7f, 0x0, 0x1, 0xfc, 0x0, 0x7, 0xf0, 0x0,
    0x1f, 0xc0, 0x0, 0x3f, 0x0, 0x0, 0xf8, 0x0,
    0x1, 0xf0, 0x0, 0x7, 0xc0, 0x0, 0xf, 0x0,
    0x0, 0x1e, 0x0, 0x0, 0x3c, 0x0, 0x0, 0x78,
    0x0, 0x0, 0xf0, 0x0, 0x0, 0x0, 0x0, 0x0,
    0x0, 0x0, 0x0, 0x0, 0x0, 0x0, 0x0, 0x0,
    0x0, 0x0, 0x0, 0x3e, 0x0, 0x0, 0xfe, 0x0,
    0x1, 0xfc, 0x0, 0x3, 0xf8, 0x0, 0x7, 0xf0,
    0x0, 0xf, 0xe0, 0x0, 0xf, 0x80, 0x0, 0x4,
    0x0, 0x0,

    /* U+0040 "@" */
    0x0, 0x0, 0xf, 0xfe, 0x0, 0x0, 0x0, 0x1,
    0xff, 0xff, 0x80, 0x0, 0x0, 0xf, 0xff, 0xff,
    0xc0, 0x0, 0x0, 0x7f, 0xff, 0xff, 0xe0, 0x0,
    0x3, 0xff, 0x80, 0x3f, 0xe0, 0x0, 0xf, 0xf0,
    0x0, 0xf, 0xf0, 0x0, 0x3f, 0x80, 0x0, 0x7,
    0xf0, 0x0, 0xfe, 0x0, 0x0, 0x3, 0xe0, 0x3,
    0xf0, 0x0, 0x0, 0x3, 0xe0, 0xf, 0xc0, 0x0,
    0x0, 0x3, 0xe0, 0x3f, 0x0, 0x0, 0x0, 0x3,
    0xc0, 0x7c, 0x0, 0x0, 0x0, 0x7, 0xc1, 0xf8,
    0x0, 0x7f, 0xc0, 0x7, 0x83, 0xe0, 0x7, 0xff,
    0xf8, 0xf, 0x8f, 0xc0, 0x1f, 0xff, 0xf0, 0xf,
    0x1f, 0x0, 0x7f, 0xff, 0xe0, 0x1e, 0x3e, 0x1,
    0xfc, 0x7, 0xc0, 0x3c, 0xf8, 0x7, 0xe0, 0xf,
    0x80, 0x3d, 0xf0, 0xf, 0x80, 0x1f, 0x0, 0x7b,
    0xe0, 0x3e, 0x0, 0x3e, 0x0, 0xff, 0xc0, 0x7c,
    0x0, 0x7c, 0x1, 0xff, 0x1, 0xf8, 0x0, 0xf8,
    0x3, 0xfe, 0x3, 0xe0, 0x1, 0xf0, 0x7, 0xfc,
    0x7, 0xc0, 0x3, 0xe0, 0xf, 0xf8, 0xf, 0x80,
    0x7, 0xc0, 0x1f, 0xf0, 0x1f, 0x0, 0xf, 0x80,
    0x3f, 0xe0, 0x3e, 0x0, 0x1f, 0x0, 0x7f, 0xc0,
    0x7c, 0x0, 0x3e, 0x1, 0xef, 0x80, 0xf8, 0x0,
    0xfc, 0x3, 0xdf, 0x1, 0xf8, 0x1, 0xf8, 0x7,
    0xbe, 0x1, 0xf0, 0x3, 0xf0, 0x1e, 0x7c, 0x3,
    0xf0, 0xf, 0xf0, 0x7c, 0x7c, 0x3, 0xf0, 0x7d,
    0xf1, 0xf0, 0xf8, 0x7, 0xff, 0xf3, 0xff, 0xe1,
    0xf0, 0x7, 0xff, 0xc3, 0xff, 0x83, 0xf0, 0x7,
    0xff, 0x3, 0xfe, 0x3, 0xe0, 0x3, 0xf8, 0x3,
    0xf0, 0x7, 0xe0, 0x0, 0x0, 0x0, 0x0, 0x7,
    0xc0, 0x0, 0x0, 0x0, 0x0, 0xf, 0xc0, 0x0,
    0x0, 0x0, 0x0, 0xf, 0xc0, 0x0, 0x0, 0x0,
    0x0, 0xf, 0xc0, 0x0, 0x0, 0x0, 0x0, 0x1f,
    0xe0, 0x0, 0x0, 0x40, 0x0, 0x1f, 0xf0, 0x0,
    0x7, 0x80, 0x0, 0xf, 0xfc, 0x0, 0xff, 0x0,
    0x0, 0xf, 0xff, 0xff, 0xfe, 0x0, 0x0, 0x7,
    0xff, 0xff, 0xfc, 0x0, 0x0, 0x3, 0xff, 0xff,
    0xc0, 0x0, 0x0, 0x0, 0x7f, 0xf8, 0x0, 0x0,

    /* U+0041 "A" */
    0x0, 0x0, 0x7c, 0x0, 0x0, 0x0, 0x3, 0xf0,
    0x0, 0x0, 0x0, 0xf, 0xe0, 0x0, 0x0, 0x0,
    0x7f, 0x80, 0x0, 0x0, 0x1, 0xfe, 0x0, 0x0,
    0x0, 0x7, 0xfc, 0x0, 0x0, 0x0, 0x3f, 0xf0,
    0x0, 0x0, 0x0, 0xfb, 0xc0, 0x0, 0x0, 0x7,
    0xcf, 0x80, 0x0, 0x0, 0x1f, 0x3e, 0x0, 0x0,
    0x0, 0x7c, 0x7c, 0x0, 0x0, 0x3, 0xe1, 0xf0,
    0x0, 0x0, 0xf, 0x87, 0xc0, 0x0, 0x0, 0x7e,
    0xf, 0x80, 0x0, 0x1, 0xf0, 0x3e, 0x0, 0x0,
    0x7, 0xc0, 0xfc, 0x0, 0x0, 0x3f, 0x1, 0xf0,
    0x0, 0x0, 0xf8, 0x7, 0xc0, 0x0, 0x3, 0xe0,
    0xf, 0x80, 0x0, 0x1f, 0x0, 0x3e, 0x0, 0x0,
    0x7c, 0x0, 0xfc, 0x0, 0x3, 0xf0, 0x1, 0xf0,
    0x0, 0xf, 0x80, 0x7, 0xc0, 0x0, 0x3e, 0x0,
    0x1f, 0x80, 0x1, 0xf8, 0x0, 0x3e, 0x0, 0x7,
    0xff, 0xff, 0xf8, 0x0, 0x3f, 0xff, 0xff, 0xf0,
    0x0, 0xff, 0xff, 0xff, 0xc0, 0x3, 0xff, 0xff,
    0xff, 0x80, 0x1f, 0xff, 0xff, 0xfe, 0x0, 0x7c,
    0x0, 0x0, 0xf8, 0x3, 0xf0, 0x0, 0x3, 0xf0,
    0xf, 0xc0, 0x0, 0x7, 0xc0, 0x3e, 0x0, 0x0,
    0x1f, 0x81, 0xf8, 0x0, 0x0, 0x7e, 0x7, 0xc0,
    0x0, 0x0, 0xf8, 0x1f, 0x0, 0x0, 0x3, 0xf0,
    0xfc, 0x0, 0x0, 0x7, 0xc3, 0xe0, 0x0, 0x0,
    0x1f, 0x9f, 0x80, 0x0, 0x0, 0x7e, 0x7c, 0x0,
    0x0, 0x0, 0xf9, 0xf0, 0x0, 0x0, 0x3, 0xff,
    0xc0, 0x0, 0x0, 0xf, 0xc0,

    /* U+0042 "B" */
    0xff, 0xff, 0xe0, 0x3, 0xff, 0xff, 0xf0, 0xf,
    0xff, 0xff, 0xf0, 0x3f, 0xff, 0xff, 0xf0, 0xf8,
    0x0, 0x7f, 0xc3, 0xe0, 0x0, 0x3f, 0x8f, 0x80,
    0x0, 0x3e, 0x3e, 0x0, 0x0, 0xfc, 0xf8, 0x0,
    0x1, 0xf3, 0xe0, 0x0, 0x7, 0xcf, 0x80, 0x0,
    0x1f, 0x3e, 0x0, 0x0, 0x7c, 0xf8, 0x0, 0x1,
    0xf3, 0xe0, 0x0, 0x7, 0xcf, 0x80, 0x0, 0x3e,
    0x3e, 0x0, 0x0, 0xf8, 0xf8, 0x0, 0xf, 0xc3,
    0xe0, 0x0, 0xfe, 0xf, 0xff, 0xff, 0xf0, 0x3f,
    0xff, 0xfe, 0x0, 0xff, 0xff, 0xfe, 0x3, 0xff,
    0xff, 0xfe, 0xf, 0x80, 0x3, 0xfe, 0x3e, 0x0,
    0x1, 0xfc, 0xf8, 0x0, 0x3, 0xf3, 0xe0, 0x0,
    0x7, 0xef, 0x80, 0x0, 0x1f, 0xbe, 0x0, 0x0,
    0x3f, 0xf8, 0x0, 0x0, 0xff, 0xe0, 0x0, 0x3,
    0xff, 0x80, 0x0, 0xf, 0xfe, 0x0, 0x0, 0x3f,
    0xf8, 0x0, 0x0, 0xff, 0xe0, 0x0, 0x3, 0xff,
    0x80, 0x0, 0x1f, 0xbe, 0x0, 0x0, 0x7e, 0xf8,
    0x0, 0x3, 0xfb, 0xe0, 0x0, 0x1f, 0xcf, 0x80,
    0x3, 0xfe, 0x3f, 0xff, 0xff, 0xf0, 0xff, 0xff,
    0xff, 0x83, 0xff, 0xff, 0xf8, 0xf, 0xff, 0xff,
    0x0, 0x0,

    /* U+0043 "C" */
    0x0, 0x0, 0x8, 0x0, 0x0, 0x7, 0xff, 0xf0,
    0x0, 0x1f, 0xff, 0xfe, 0x0, 0x7f, 0xff, 0xff,
    0x0, 0xff, 0xff, 0xff, 0x3, 0xff, 0xff, 0xfe,
    0x7, 0xfc, 0x0, 0x3e, 0x7, 0xf0, 0x0, 0x4,
    0xf, 0xe0, 0x0, 0x0, 0x1f, 0xc0, 0x0, 0x0,
    0x1f, 0x80, 0x0, 0x0, 0x3f, 0x0, 0x0, 0x0,
    0x3e, 0x0, 0x0, 0x0, 0x7e, 0x0, 0x0, 0x0,
    0x7c, 0x0, 0x0, 0x0, 0x7c, 0x0, 0x0, 0x0,
    0x7c, 0x0, 0x0, 0x0, 0xf8, 0x0, 0x0, 0x0,
    0xf8, 0x0, 0x0, 0x0, 0xf8, 0x0, 0x0, 0x0,
    0xf8, 0x0, 0x0, 0x0, 0xf8, 0x0, 0x0, 0x0,
    0xf8, 0x0, 0x0, 0x0, 0xf8, 0x0, 0x0, 0x0,
    0xf8, 0x0, 0x0, 0x0, 0xf8, 0x0, 0x0, 0x0,
    0xf8, 0x0, 0x0, 0x0, 0xf8, 0x0, 0x0, 0x0,
    0xfc, 0x0, 0x0, 0x0, 0x7c, 0x0, 0x0, 0x0,
    0x7c, 0x0, 0x0, 0x0, 0x7e, 0x0, 0x0, 0x0,
    0x3e, 0x0, 0x0, 0x0, 0x3f, 0x0, 0x0, 0x0,
    0x3f, 0x0, 0x0, 0x0, 0x1f, 0x80, 0x0, 0x0,
    0x1f, 0xc0, 0x0, 0x0, 0xf, 0xf0, 0x0, 0x0,
    0x7, 0xfc, 0x0, 0xe, 0x3, 0xff, 0xff, 0xfe,
    0x1, 0xff, 0xff, 0xfe, 0x0, 0xff, 0xff, 0xfe,
    0x0, 0x3f, 0xff, 0xfe, 0x0, 0xf, 0xff, 0xf0,
    0x0, 0x0, 0x38, 0x0,

    /* U+0044 "D" */
    0xff, 0xff, 0xe0, 0x0, 0x3f, 0xff, 0xff, 0x0,
    0xf, 0xff, 0xff, 0xf0, 0x3, 0xff, 0xff, 0xff,
    0x0, 0xf8, 0x0, 0x7f, 0xe0, 0x3e, 0x0, 0x3,
    0xfc, 0xf, 0x80, 0x0, 0x3f, 0x83, 0xe0, 0x0,
    0x3, 0xf0, 0xf8, 0x0, 0x0, 0x7e, 0x3e, 0x0,
    0x0, 0xf, 0x8f, 0x80, 0x0, 0x3, 0xf3, 0xe0,
    0x0, 0x0, 0x7c, 0xf8, 0x0, 0x0, 0x1f, 0xbe,
    0x0, 0x0, 0x3, 0xef, 0x80, 0x0, 0x0, 0xfb,
    0xe0, 0x0, 0x0, 0x3f, 0xf8, 0x0, 0x0, 0x7,
    0xfe, 0x0, 0x0, 0x1, 0xff, 0x80, 0x0, 0x0,
    0x7f, 0xe0, 0x0, 0x0, 0x1f, 0xf8, 0x0, 0x0,
    0x7, 0xfe, 0x0, 0x0, 0x1, 0xff, 0x80, 0x0,
    0x0, 0x7f, 0xe0, 0x0, 0x0, 0x1f, 0xf8, 0x0,
    0x0, 0x7, 0xfe, 0x0, 0x0, 0x1, 0xff, 0x80,
    0x0, 0x0, 0x7f, 0xe0, 0x0, 0x0, 0x3e, 0xf8,
    0x0, 0x0, 0xf, 0xbe, 0x0, 0x0, 0x3, 0xef,
    0x80, 0x0, 0x1, 0xfb, 0xe0, 0x0, 0x0, 0x7c,
    0xf8, 0x0, 0x0, 0x3f, 0x3e, 0x0, 0x0, 0x1f,
    0x8f, 0x80, 0x0, 0x7, 0xe3, 0xe0, 0x0, 0x7,
    0xf0, 0xf8, 0x0, 0x3, 0xf8, 0x3e, 0x0, 0x3,
    0xfc, 0xf, 0x80, 0xf, 0xfe, 0x3, 0xff, 0xff,
    0xff, 0x0, 0xff, 0xff, 0xff, 0x0, 0x3f, 0xff,
    0xfe, 0x0, 0xf, 0xff, 0xf8, 0x0, 0x0,

    /* U+0045 "E" */
    0xff, 0xff, 0xff, 0xff, 0xff, 0xff, 0xff, 0xff,
    0xff, 0xff, 0xff, 0xff, 0xff, 0xff, 0xff, 0xf8,
    0x0, 0x0, 0xf8, 0x0, 0x0, 0xf8, 0x0, 0x0,
    0xf8, 0x0, 0x0, 0xf8, 0x0, 0x0, 0xf8, 0x0,
    0x0, 0xf8, 0x0, 0x0, 0xf8, 0x0, 0x0, 0xf8,
    0x0, 0x0, 0xf8, 0x0, 0x0, 0xf8, 0x0, 0x0,
    0xf8, 0x0, 0x0, 0xf8, 0x0, 0x0, 0xff, 0xff,
    0xfe, 0xff, 0xff, 0xfe, 0xff, 0xff, 0xfe, 0xff,
    0xff, 0xfe, 0xf8, 0x0, 0x0, 0xf8, 0x0, 0x0,
    0xf8, 0x0, 0x0, 0xf8, 0x0, 0x0, 0xf8, 0x0,
    0x0, 0xf8, 0x0, 0x0, 0xf8, 0x0, 0x0, 0xf8,
    0x0, 0x0, 0xf8, 0x0, 0x0, 0xf8, 0x0, 0x0,
    0xf8, 0x0, 0x0, 0xf8, 0x0, 0x0, 0xf8, 0x0,
    0x0, 0xf8, 0x0, 0x0, 0xf8, 0x0, 0x0, 0xf8,
    0x0, 0x0, 0xff, 0xff, 0xff, 0xff, 0xff, 0xff,
    0xff, 0xff, 0xff, 0xff, 0xff, 0xff, 0xff, 0xff,
    0xff,

    /* U+0046 "F" */
    0xff, 0xff, 0xff, 0xff, 0xff, 0xff, 0xff, 0xff,
    0xff, 0xff, 0xff, 0xff, 0xff, 0xff, 0xff, 0xf8,
    0x0, 0x0, 0xf8, 0x0, 0x0, 0xf8, 0x0, 0x0,
    0xf8, 0x0, 0x0, 0xf8, 0x0, 0x0, 0xf8, 0x0,
    0x0, 0xf8, 0x0, 0x0, 0xf8, 0x0, 0x0, 0xf8,
    0x0, 0x0, 0xf8, 0x0, 0x0, 0xf8, 0x0, 0x0,
    0xf8, 0x0, 0x0, 0xf8, 0x0, 0x0, 0xf8, 0x0,
    0x0, 0xf8, 0x0, 0x0, 0xff, 0xff, 0xfe, 0xff,
    0xff, 0xfe, 0xff, 0xff, 0xfe, 0xff, 0xff, 0xfe,
    0xff, 0xff, 0xfe, 0xf8, 0x0, 0x0, 0xf8, 0x0,
    0x0, 0xf8, 0x0, 0x0, 0xf8, 0x0, 0x0, 0xf8,
    0x0, 0x0, 0xf8, 0x0, 0x0, 0xf8, 0x0, 0x0,
    0xf8, 0x0, 0x0, 0xf8, 0x0, 0x0, 0xf8, 0x0,
    0x0, 0xf8, 0x0, 0x0, 0xf8, 0x0, 0x0, 0xf8,
    0x0, 0x0, 0xf8, 0x0, 0x0, 0xf8, 0x0, 0x0,
    0xf8, 0x0, 0x0, 0xf8, 0x0, 0x0, 0xf8, 0x0,
    0x0,

    /* U+0047 "G" */
    0x0, 0x0, 0x0, 0x0, 0x0, 0x0, 0x7f, 0xff,
    0x80, 0x0, 0x3f, 0xff, 0xfe, 0x0, 0x1f, 0xff,
    0xff, 0xe0, 0xf, 0xff, 0xff, 0xfc, 0x3, 0xff,
    0xff, 0xff, 0x80, 0xff, 0x80, 0x3, 0xe0, 0x3f,
    0xc0, 0x0, 0x4, 0xf, 0xe0, 0x0, 0x0, 0x3,
    0xf8, 0x0, 0x0, 0x0, 0x7e, 0x0, 0x0, 0x0,
    0x1f, 0x80, 0x0, 0x0, 0x3, 0xf0, 0x0, 0x0,
    0x0, 0xfc, 0x0, 0x0, 0x0, 0x1f, 0x80, 0x0,
    0x0, 0x3, 0xe0, 0x0, 0x0, 0x0, 0x7c, 0x0,
    0x0, 0x0, 0x1f, 0x80, 0x0, 0x0, 0x3, 0xe0,
    0x0, 0x0, 0x0, 0x7c, 0x0, 0x0, 0x0, 0xf,
    0x80, 0x0, 0x0, 0x1, 0xf0, 0x0, 0x1f, 0xff,
    0xfe, 0x0, 0x3, 0xff, 0xff, 0xc0, 0x0, 0x7f,
    0xff, 0xf8, 0x0, 0xf, 0xff, 0xff, 0x0, 0x1,
    0xff, 0xff, 0xe0, 0x0, 0x0, 0xf, 0xfc, 0x0,
    0x0, 0x1, 0xf7, 0xc0, 0x0, 0x0, 0x3e, 0xf8,
    0x0, 0x0, 0x7, 0xdf, 0x0, 0x0, 0x0, 0xfb,
    0xe0, 0x0, 0x0, 0x1f, 0x3e, 0x0, 0x0, 0x3,
    0xe7, 0xc0, 0x0, 0x0, 0x7c, 0xfc, 0x0, 0x0,
    0xf, 0x8f, 0xc0, 0x0, 0x1, 0xf0, 0xfc, 0x0,
    0x0, 0x3e, 0x1f, 0xc0, 0x0, 0x7, 0xc1, 0xfc,
    0x0, 0x0, 0xf8, 0x1f, 0xf0, 0x0, 0x1f, 0x1,
    0xff, 0xff, 0xff, 0xe0, 0xf, 0xff, 0xff, 0xfc,
    0x0, 0xff, 0xff, 0xff, 0x80, 0x3, 0xff, 0xff,
    0x0, 0x0, 0x1, 0xc0, 0x0,

    /* U+0048 "H" */
    0xf8, 0x0, 0x0, 0xf, 0xfc, 0x0, 0x0, 0x7,
    0xfe, 0x0, 0x0, 0x3, 0xff, 0x0, 0x0, 0x1,
    0xff, 0x80, 0x0, 0x0, 0xff, 0xc0, 0x0, 0x0,
    0x7f, 0xe0, 0x0, 0x0, 0x3f, 0xf0, 0x0, 0x0,
    0x1f, 0xf8, 0x0, 0x0, 0xf, 0xfc, 0x0, 0x0,
    0x7, 0xfe, 0x0, 0x0, 0x3, 0xff, 0x0, 0x0,
    0x1, 0xff, 0x80, 0x0, 0x0, 0xff, 0xc0, 0x0,
    0x0, 0x7f, 0xe0, 0x0, 0x0, 0x3f, 0xf0, 0x0,
    0x0, 0x1f, 0xf8, 0x0, 0x0, 0xf, 0xfc, 0x0,
    0x0, 0x7, 0xff, 0xff, 0xff, 0xff, 0xff, 0xff,
    0xff, 0xff, 0xff, 0xff, 0xff, 0xff, 0xff, 0xff,
    0xff, 0xff, 0xff, 0xff, 0xff, 0xff, 0xff, 0xf0,
    0x0, 0x0, 0x1f, 0xf8, 0x0, 0x0, 0xf, 0xfc,
    0x0, 0x0, 0x7, 0xfe, 0x0, 0x0, 0x3, 0xff,
    0x0, 0x0, 0x1, 0xff, 0x80, 0x0, 0x0, 0xff,
    0xc0, 0x0, 0x0, 0x7f, 0xe0, 0x0, 0x0, 0x3f,
    0xf0, 0x0, 0x0, 0x1f, 0xf8, 0x0, 0x0, 0xf,
    0xfc, 0x0, 0x0, 0x7, 0xfe, 0x0, 0x0, 0x3,
    0xff, 0x0, 0x0, 0x1, 0xff, 0x80, 0x0, 0x0,
    0xff, 0xc0, 0x0, 0x0, 0x7f, 0xe0, 0x0, 0x0,
    0x3f, 0xf0, 0x0, 0x0, 0x1f, 0xf8, 0x0, 0x0,
    0xf, 0xfc, 0x0, 0x0, 0x7, 0xfe, 0x0, 0x0,
    0x3, 0xe0,

    /* U+0049 "I" */
    0xff, 0xff, 0xff, 0xff, 0xff, 0xfb, 0xff, 0xc0,
    0x7c, 0x0, 0xf8, 0x1, 0xf0, 0x3, 0xe0, 0x7,
    0xc0, 0xf, 0x80, 0x1f, 0x0, 0x3e, 0x0, 0x7c,
    0x0, 0xf8, 0x1, 0xf0, 0x3, 0xe0, 0x7, 0xc0,
    0xf, 0x80, 0x1f, 0x0, 0x3e, 0x0, 0x7c, 0x0,
    0xf8, 0x1, 0xf0, 0x3, 0xe0, 0x7, 0xc0, 0xf,
    0x80, 0x1f, 0x0, 0x3e, 0x0, 0x7c, 0x0, 0xf8,
    0x1, 0xf0, 0x3, 0xe0, 0x7, 0xc0, 0xf, 0x80,
    0x1f, 0x0, 0x3e, 0x0, 0x7c, 0x0, 0xf8, 0x1,
    0xf0, 0x1f, 0xfc, 0xff, 0xff, 0xff, 0xff, 0xff,
    0xf8,

    /* U+004A "J" */
    0x0, 0x3e, 0x0, 0x7c, 0x0, 0xf8, 0x1, 0xf0,
    0x3, 0xe0, 0x7, 0xc0, 0xf, 0x80, 0x1f, 0x0,
    0x3e, 0x0, 0x7c, 0x0, 0xf8, 0x1, 0xf0, 0x3,
    0xe0, 0x7, 0xc0, 0xf, 0x80, 0x1f, 0x0, 0x3e,
    0x0, 0x7c, 0x0, 0xf8, 0x1, 0xf0, 0x3, 0xe0,
    0x7, 0xc0, 0xf, 0x80, 0x1f, 0x0, 0x3e, 0x0,
    0x7c, 0x0, 0xf8, 0x1, 0xf0, 0x3, 0xe0, 0x7,
    0xc0, 0xf, 0x80, 0x1f, 0x0, 0x3e, 0x0, 0x7c,
    0x0, 0xf8, 0x1, 0xf0, 0x3, 0xe0, 0x7, 0xc0,
    0xf, 0x80, 0x1f, 0x0, 0x3e, 0x0, 0x7c, 0x0,
    0xf8, 0x1, 0xf0, 0x3, 0xe0, 0x7, 0xc0, 0x1f,
    0x80, 0x3e, 0x0, 0xfd, 0x3, 0xfb, 0xff, 0xe7,
    0xff, 0xcf, 0xff, 0x1f, 0xf8, 0x1f, 0xc0, 0x0,

    /* U+004B "K" */
    0xf8, 0x0, 0x0, 0xfd, 0xf0, 0x0, 0x3, 0xf3,
    0xe0, 0x0, 0xf, 0xc7, 0xc0, 0x0, 0x3f, 0xf,
    0x80, 0x0, 0xfc, 0x1f, 0x0, 0x3, 0xf0, 0x3e,
    0x0, 0xf, 0xc0, 0x7c, 0x0, 0x3f, 0x0, 0xf8,
    0x0, 0xfe, 0x1, 0xf0, 0x3, 0xf8, 0x3, 0xe0,
    0x7, 0xe0, 0x7, 0xc0, 0x1f, 0x80, 0xf, 0x80,
    0x7e, 0x0, 0x1f, 0x1, 0xf8, 0x0, 0x3e, 0x7,
    0xe0, 0x0, 0x7c, 0x1f, 0x80, 0x0, 0xf8, 0x7e,
    0x0, 0x1, 0xf1, 0xf8, 0x0, 0x3, 0xe7, 0xf0,
    0x0, 0x7, 0xdf, 0xe0, 0x0, 0xf, 0xbf, 0xe0,
    0x0, 0x1f, 0xff, 0xc0, 0x0, 0x3f, 0xff, 0xc0,
    0x0, 0x7f, 0x9f, 0xc0, 0x0, 0xfe, 0x1f, 0x80,
    0x1, 0xf8, 0x1f, 0x80, 0x3, 0xe0, 0x3f, 0x80,
    0x7, 0xc0, 0x3f, 0x80, 0xf, 0x80, 0x3f, 0x0,
    0x1f, 0x0, 0x3f, 0x0, 0x3e, 0x0, 0x7f, 0x0,
    0x7c, 0x0, 0x7f, 0x0, 0xf8, 0x0, 0x7e, 0x1,
    0xf0, 0x0, 0x7e, 0x3, 0xe0, 0x0, 0xfe, 0x7,
    0xc0, 0x0, 0xfc, 0xf, 0x80, 0x0, 0xfc, 0x1f,
    0x0, 0x1, 0xfc, 0x3e, 0x0, 0x1, 0xfc, 0x7c,
    0x0, 0x1, 0xf8, 0xf8, 0x0, 0x1, 0xf9, 0xf0,
    0x0, 0x3, 0xfb, 0xe0, 0x0, 0x3, 0xf8,

    /* U+004C "L" */
    0xf8, 0x0, 0x0, 0xf8, 0x0, 0x0, 0xf8, 0x0,
    0x0, 0xf8, 0x0, 0x0, 0xf8, 0x0, 0x0, 0xf8,
    0x0, 0x0, 0xf8, 0x0, 0x0, 0xf8, 0x0, 0x0,
    0xf8, 0x0, 0x0, 0xf8, 0x0, 0x0, 0xf8, 0x0,
    0x0, 0xf8, 0x0, 0x0, 0xf8, 0x0, 0x0, 0xf8,
    0x0, 0x0, 0xf8, 0x0, 0x0, 0xf8, 0x0, 0x0,
    0xf8, 0x0, 0x0, 0xf8, 0x0, 0x0, 0xf8, 0x0,
    0x0, 0xf8, 0x0, 0x0, 0xf8, 0x0, 0x0, 0xf8,
    0x0, 0x0, 0xf8, 0x0, 0x0, 0xf8, 0x0, 0x0,
    0xf8, 0x0, 0x0, 0xf8, 0x0, 0x0, 0xf8, 0x0,
    0x0, 0xf8, 0x0, 0x0, 0xf8, 0x0, 0x0, 0xf8,
    0x0, 0x0, 0xf8, 0x0, 0x0, 0xf8, 0x0, 0x0,
    0xf8, 0x0, 0x0, 0xf8, 0x0, 0x0, 0xf8, 0x0,
    0x0, 0xf8, 0x0, 0x0, 0xf8, 0x0, 0x0, 0xf8,
    0x0, 0x0, 0xff, 0xff, 0xff, 0xff, 0xff, 0xff,
    0xff, 0xff, 0xff, 0xff, 0xff, 0xff, 0xff, 0xff,
    0xff,

    /* U+004D "M" */
    0xff, 0x0, 0x0, 0x0, 0x1f, 0xff, 0xf0, 0x0,
    0x0, 0x3, 0xff, 0xfe, 0x0, 0x0, 0x0, 0xff,
    0xff, 0xe0, 0x0, 0x0, 0x1f, 0xff, 0xfc, 0x0,
    0x0, 0x7, 0xff, 0xff, 0x80, 0x0, 0x0, 0xff,
    0xfe, 0xf8, 0x0, 0x0, 0x1e, 0xff, 0xdf, 0x0,
    0x0, 0x7, 0xdf, 0xfb, 0xe0, 0x0, 0x0, 0xfb,
    0xff, 0x3e, 0x0, 0x0, 0x1e, 0x7f, 0xe7, 0xc0,
    0x0, 0x7, 0xcf, 0xfc, 0xfc, 0x0, 0x0, 0xf1,
    0xff, 0x8f, 0x80, 0x0, 0x3e, 0x3f, 0xf1, 0xf0,
    0x0, 0x7, 0xc7, 0xfe, 0x1f, 0x0, 0x0, 0xf0,
    0xff, 0xc3, 0xe0, 0x0, 0x3e, 0x1f, 0xf8, 0x7c,
    0x0, 0x7, 0xc3, 0xff, 0x7, 0xc0, 0x1, 0xf0,
    0x7f, 0xe0, 0xf8, 0x0, 0x3e, 0xf, 0xfc, 0x1f,
    0x80, 0x7, 0x81, 0xff, 0x81, 0xf0, 0x1, 0xf0,
    0x3f, 0xf0, 0x3e, 0x0, 0x3e, 0x7, 0xfe, 0x3,
    0xe0, 0x7, 0x80, 0xff, 0xc0, 0x7c, 0x1, 0xf0,
    0x1f, 0xf8, 0xf, 0x80, 0x3e, 0x3, 0xff, 0x0,
    0xf8, 0xf, 0x80, 0x7f, 0xe0, 0x1f, 0x1, 0xf0,
    0xf, 0xfc, 0x3, 0xf0, 0x3c, 0x1, 0xff, 0x80,
    0x3e, 0xf, 0x80, 0x3f, 0xf0, 0x7, 0xc1, 0xf0,
    0x7, 0xfe, 0x0, 0x7c, 0x3c, 0x0, 0xff, 0xc0,
    0xf, 0x8f, 0x80, 0x1f, 0xf8, 0x1, 0xf1, 0xf0,
    0x3, 0xff, 0x0, 0x1f, 0x7c, 0x0, 0x7f, 0xe0,
    0x3, 0xef, 0x80, 0xf, 0xfc, 0x0, 0x7f, 0xe0,
    0x1, 0xff, 0x80, 0x7, 0xfc, 0x0, 0x3f, 0xf0,
    0x0, 0xff, 0x80, 0x7, 0xfe, 0x0, 0x1f, 0xe0,
    0x0, 0xff, 0xc0, 0x1, 0xfc, 0x0, 0x1f, 0xf8,
    0x0, 0x3f, 0x80, 0x3, 0xff, 0x0, 0x3, 0xe0,
    0x0, 0x7f, 0xe0, 0x0, 0x7c, 0x0, 0xf, 0x80,

    /* U+004E "N" */
    0xfe, 0x0, 0x0, 0x7, 0xff, 0x80, 0x0, 0x1,
    0xff, 0xf0, 0x0, 0x0, 0x7f, 0xfe, 0x0, 0x0,
    0x1f, 0xff, 0x80, 0x0, 0x7, 0xff, 0xf0, 0x0,
    0x1, 0xff, 0xfc, 0x0, 0x0, 0x7f, 0xff, 0x80,
    0x0, 0x1f, 0xfb, 0xf0, 0x0, 0x7, 0xfe, 0xfc,
    0x0, 0x1, 0xff, 0x9f, 0x80, 0x0, 0x7f, 0xe3,
    0xf0, 0x0, 0x1f, 0xf8, 0xfc, 0x0, 0x7, 0xfe,
    0x1f, 0x80, 0x1, 0xff, 0x83, 0xf0, 0x0, 0x7f,
    0xe0, 0xfc, 0x0, 0x1f, 0xf8, 0x1f, 0x80, 0x7,
    0xfe, 0x7, 0xe0, 0x1, 0xff, 0x80, 0xfc, 0x0,
    0x7f, 0xe0, 0x1f, 0x80, 0x1f, 0xf8, 0x7, 0xe0,
    0x7, 0xfe, 0x0, 0xfc, 0x1, 0xff, 0x80, 0x1f,
    0x80, 0x7f, 0xe0, 0x7, 0xe0, 0x1f, 0xf8, 0x0,
    0xfc, 0x7, 0xfe, 0x0, 0x3f, 0x1, 0xff, 0x80,
    0x7, 0xe0, 0x7f, 0xe0, 0x0, 0xfc, 0x1f, 0xf8,
    0x0, 0x3f, 0x7, 0xfe, 0x0, 0x7, 0xe1, 0xff,
    0x80, 0x0, 0xfc, 0x7f, 0xe0, 0x0, 0x3f, 0x1f,
    0xf8, 0x0, 0x7, 0xe7, 0xfe, 0x0, 0x0, 0xf9,
    0xff, 0x80, 0x0, 0x3f, 0x7f, 0xe0, 0x0, 0x7,
    0xff, 0xf8, 0x0, 0x1, 0xff, 0xfe, 0x0, 0x0,
    0x3f, 0xff, 0x80, 0x0, 0x7, 0xff, 0xe0, 0x0,
    0x1, 0xff, 0xf8, 0x0, 0x0, 0x3f, 0xfe, 0x0,
    0x0, 0x7, 0xff, 0x80, 0x0, 0x1, 0xfc,

    /* U+004F "O" */
    0x0, 0x0, 0x0, 0x0, 0x0, 0x0, 0x1f, 0xff,
    0xc0, 0x0, 0x0, 0xff, 0xff, 0xe0, 0x0, 0x7,
    0xff, 0xff, 0xf0, 0x0, 0x1f, 0xff, 0xff, 0xf0,
    0x0, 0x7f, 0xff, 0xff, 0xf0, 0x1, 0xff, 0x0,
    0xf, 0xf0, 0x7, 0xf0, 0x0, 0x7, 0xf0, 0x1f,
    0xc0, 0x0, 0x7, 0xf0, 0x3f, 0x0, 0x0, 0x7,
    0xe0, 0xfc, 0x0, 0x0, 0x7, 0xe1, 0xf8, 0x0,
    0x0, 0xf, 0xc7, 0xe0, 0x0, 0x0, 0xf, 0x8f,
    0xc0, 0x0, 0x0, 0x1f, 0x9f, 0x0, 0x0, 0x0,
    0x1f, 0x3e, 0x0, 0x0, 0x0, 0x3e, 0xfc, 0x0,
    0x0, 0x0, 0x7d, 0xf0, 0x0, 0x0, 0x0, 0x7f,
    0xe0, 0x0, 0x0, 0x0, 0xff, 0xc0, 0x0, 0x0,
    0x1, 0xff, 0x80, 0x0, 0x0, 0x3, 0xff, 0x0,
    0x0, 0x0, 0x7, 0xfe, 0x0, 0x0, 0x0, 0xf,
    0xfc, 0x0, 0x0, 0x0, 0x1f, 0xf8, 0x0, 0x0,
    0x0, 0x3f, 0xf0, 0x0, 0x0, 0x0, 0x7f, 0xe0,
    0x0, 0x0, 0x0, 0xff, 0xc0, 0x0, 0x0, 0x1,
    0xff, 0x80, 0x0, 0x0, 0x7, 0xcf, 0x80, 0x0,
    0x0, 0xf, 0x9f, 0x0, 0x0, 0x0, 0x1f, 0x3e,
    0x0, 0x0, 0x0, 0x3e, 0x3e, 0x0, 0x0, 0x0,
    0xf8, 0x7c, 0x0, 0x0, 0x1, 0xf0, 0xfc, 0x0,
    0x0, 0x7, 0xe0, 0xf8, 0x0, 0x0, 0xf, 0x81,
    0xf8, 0x0, 0x0, 0x3e, 0x1, 0xf8, 0x0, 0x0,
    0xfc, 0x1, 0xfc, 0x0, 0x3, 0xf0, 0x1, 0xfe,
    0x0, 0x3f, 0xc0, 0x1, 0xff, 0xff, 0xff, 0x0,
    0x1, 0xff, 0xff, 0xfc, 0x0, 0x0, 0xff, 0xff,
    0xe0, 0x0, 0x0, 0x7f, 0xfe, 0x0, 0x0, 0x0,
    0x3, 0x0, 0x0, 0x0,

    /* U+0050 "P" */
    0xff, 0xff, 0x80, 0x1f, 0xff, 0xfe, 0x3, 0xff,
    0xff, 0xf0, 0x7f, 0xff, 0xff, 0xf, 0x80, 0x1f,
    0xf1, 0xf0, 0x0, 0x7f, 0x3e, 0x0, 0x3, 0xf7,
    0xc0, 0x0, 0x3e, 0xf8, 0x0, 0x7, 0xdf, 0x0,
    0x0, 0x7f, 0xe0, 0x0, 0xf, 0xfc, 0x0, 0x1,
    0xff, 0x80, 0x0, 0x3f, 0xf0, 0x0, 0x7, 0xfe,
    0x0, 0x0, 0xff, 0xc0, 0x0, 0x1f, 0xf8, 0x0,
    0x7, 0xdf, 0x0, 0x0, 0xfb, 0xe0, 0x0, 0x3f,
    0x7c, 0x0, 0xf, 0xcf, 0x80, 0x3, 0xf9, 0xf0,
    0x3, 0xfe, 0x3f, 0xff, 0xff, 0x87, 0xff, 0xff,
    0xc0, 0xff, 0xff, 0xe0, 0x1f, 0xff, 0xe0, 0x3,
    0xe0, 0x0, 0x0, 0x7c, 0x0, 0x0, 0xf, 0x80,
    0x0, 0x1, 0xf0, 0x0, 0x0, 0x3e, 0x0, 0x0,
    0x7, 0xc0, 0x0, 0x0, 0xf8, 0x0, 0x0, 0x1f,
    0x0, 0x0, 0x3, 0xe0, 0x0, 0x0, 0x7c, 0x0,
    0x0, 0xf, 0x80, 0x0, 0x1, 0xf0, 0x0, 0x0,
    0x3e, 0x0, 0x0, 0x7, 0xc0, 0x0, 0x0, 0xf8,
    0x0, 0x0, 0x1f, 0x0, 0x0, 0x3, 0xe0, 0x0,
    0x0, 0x0,

    /* U+0051 "Q" */
    0x0, 0x0, 0x0, 0x0, 0x0, 0x0, 0x1f, 0xff,
    0xc0, 0x0, 0x0, 0xff, 0xff, 0xe0, 0x0, 0x7,
    0xff, 0xff, 0xf0, 0x0, 0x1f, 0xff, 0xff, 0xf0,
    0x0, 0x7f, 0xff, 0xff, 0xf0, 0x1, 0xff, 0x0,
    0xf, 0xf0, 0x7, 0xf0, 0x0, 0x7, 0xf0, 0x1f,
    0xc0, 0x0, 0x7, 0xe0, 0x3f, 0x0, 0x0, 0x7,
    0xe0, 0xfc, 0x0, 0x0, 0x7, 0xe1, 0xf8, 0x0,
    0x0, 0xf, 0xc7, 0xe0, 0x0, 0x0, 0xf, 0x8f,
    0xc0, 0x0, 0x0, 0x1f, 0x9f, 0x0, 0x0, 0x0,
    0x1f, 0x3e, 0x0, 0x0, 0x0, 0x3e, 0xfc, 0x0,
    0x0, 0x0, 0x7d, 0xf0, 0x0, 0x0, 0x0, 0x7f,
    0xe0, 0x0, 0x0, 0x0, 0xff, 0xc0, 0x0, 0x0,
    0x1, 0xff, 0x80, 0x0, 0x0, 0x3, 0xff, 0x0,
    0x0, 0x0, 0x7, 0xfe, 0x0, 0x0, 0x0, 0xf,
    0xfc, 0x0, 0x0, 0x0, 0x1f, 0xf8, 0x0, 0x0,
    0x0, 0x3f, 0xf0, 0x0, 0x0, 0x0, 0x7f, 0xe0,
    0x0, 0x0, 0x0, 0xff, 0xc0, 0x0, 0x0, 0x1,
    0xff, 0x80, 0x0, 0x0, 0x7, 0xef, 0x80, 0x0,
    0x0, 0xf, 0x9f, 0x0, 0x0, 0x0, 0x1f, 0x3e,
    0x0, 0x0, 0x0, 0x3e, 0x3e, 0x0, 0x0, 0x0,
    0xf8, 0x7c, 0x0, 0x0, 0x1, 0xf0, 0xfc, 0x0,
    0x0, 0x7, 0xe0, 0xf8, 0x0, 0x0, 0xf, 0x81,
    0xf8, 0x0, 0x0, 0x3f, 0x1, 0xf8, 0x0, 0x0,
    0xfc, 0x1, 0xfc, 0x0, 0x3, 0xf0, 0x1, 0xfe,
    0x0, 0x3f, 0xc0, 0x1, 0xff, 0xff, 0xff, 0x0,
    0x1, 0xff, 0xff, 0xfc, 0x0, 0x0, 0xff, 0xff,
    0xf0, 0x0, 0x0, 0x7f, 0xff, 0x0, 0x0, 0x0,
    0x3, 0xff, 0x0, 0x0, 0x0, 0x0, 0x7f, 0x0,
    0x0, 0x0, 0x0, 0x7f, 0x0, 0x0, 0x0, 0x0,
    0x7f, 0x0, 0x0, 0x0, 0x0, 0x7f, 0x0, 0x0,
    0x0, 0x0, 0x7f, 0x0, 0x0, 0x0, 0x0, 0xff,
    0x0, 0x0, 0x0, 0x0, 0xff, 0x0, 0x0, 0x0,
    0x0, 0xff, 0x0, 0x0, 0x0, 0x0, 0xff, 0x0,

    /* U+0052 "R" */
    0xff, 0xff, 0x80, 0x3, 0xff, 0xff, 0xe0, 0xf,
    0xff, 0xff, 0xe0, 0x3f, 0xff, 0xff, 0xc0, 0xf8,
    0x0, 0xff, 0x83, 0xe0, 0x0, 0x7e, 0xf, 0x80,
    0x0, 0xfc, 0x3e, 0x0, 0x1, 0xf0, 0xf8, 0x0,
    0x7, 0xe3, 0xe0, 0x0, 0xf, 0x8f, 0x80, 0x0,
    0x3e, 0x3e, 0x0, 0x0, 0xf8, 0xf8, 0x0, 0x3,
    0xe3, 0xe0, 0x0, 0xf, 0x8f, 0x80, 0x0, 0x3e,
    0x3e, 0x0, 0x0, 0xf8, 0xf8, 0x0, 0x7, 0xc3,
    0xe0, 0x0, 0x1f, 0xf, 0x80, 0x0, 0xfc, 0x3e,
    0x0, 0x7, 0xe0, 0xf8, 0x0, 0xff, 0x3, 0xff,
    0xff, 0xf8, 0xf, 0xff, 0xff, 0x80, 0x3f, 0xff,
    0xf8, 0x0, 0xff, 0xff, 0xe0, 0x3, 0xe0, 0xf,
    0xc0, 0xf, 0x80, 0x1f, 0x80, 0x3e, 0x0, 0x7e,
    0x0, 0xf8, 0x0, 0xfc, 0x3, 0xe0, 0x3, 0xf0,
    0xf, 0x80, 0x7, 0xe0, 0x3e, 0x0, 0xf, 0x80,
    0xf8, 0x0, 0x3f, 0x3, 0xe0, 0x0, 0x7e, 0xf,
    0x80, 0x1, 0xf8, 0x3e, 0x0, 0x3, 0xf0, 0xf8,
    0x0, 0xf, 0xc3, 0xe0, 0x0, 0x1f, 0x8f, 0x80,
    0x0, 0x3f, 0x3e, 0x0, 0x0, 0xfc, 0xf8, 0x0,
    0x1, 0xfb, 0xe0, 0x0, 0x7, 0xef, 0x80, 0x0,
    0xf, 0xc0,

    /* U+0053 "S" */
    0x0, 0x2, 0x0, 0x0, 0x1f, 0xff, 0x80, 0xf,
    0xff, 0xfe, 0x3, 0xff, 0xff, 0xe0, 0xff, 0xff,
    0xfc, 0x3f, 0xff, 0xff, 0xf, 0xe0, 0x1, 0xe1,
    0xf8, 0x0, 0x4, 0x7e, 0x0, 0x0, 0xf, 0x80,
    0x0, 0x1, 0xf0, 0x0, 0x0, 0x3e, 0x0, 0x0,
    0x7, 0xc0, 0x0, 0x0, 0xf8, 0x0, 0x0, 0x1f,
    0x0, 0x0, 0x3, 0xf0, 0x0, 0x0, 0x3f, 0x0,
    0x0, 0x7, 0xf0, 0x0, 0x0, 0x7f, 0x80, 0x0,
    0x7, 0xfc, 0x0, 0x0, 0x7f, 0xf0, 0x0, 0x7,
    0xff, 0x80, 0x0, 0x7f, 0xfc, 0x0, 0x3, 0xff,
    0xe0, 0x0, 0xf, 0xff, 0x0, 0x0, 0x7f, 0xf0,
    0x0, 0x1, 0xfe, 0x0, 0x0, 0xf, 0xe0, 0x0,
    0x0, 0xfc, 0x0, 0x0, 0xf, 0xc0, 0x0, 0x1,
    0xf8, 0x0, 0x0, 0x1f, 0x0, 0x0, 0x3, 0xe0,
    0x0, 0x0, 0x7c, 0x0, 0x0, 0xf, 0x80, 0x0,
    0x1, 0xf0, 0x0, 0x0, 0x7c, 0x0, 0x0, 0xf,
    0xb0, 0x0, 0x3, 0xe7, 0xc0, 0x1, 0xfc, 0xff,
    0xff, 0xff, 0x1f, 0xff, 0xff, 0xc3, 0xff, 0xff,
    0xe0, 0xf, 0xff, 0xf0, 0x0, 0x3, 0x80, 0x0,

    /* U+0054 "T" */
    0xff, 0xff, 0xff, 0xff, 0xff, 0xff, 0xff, 0xff,
    0xff, 0xff, 0xff, 0xff, 0xff, 0xff, 0xff, 0xff,
    0xff, 0xff, 0xff, 0xff, 0x0, 0x3, 0xe0, 0x0,
    0x0, 0x3, 0xe0, 0x0, 0x0, 0x3, 0xe0, 0x0,
    0x0, 0x3, 0xe0, 0x0, 0x0, 0x3, 0xe0, 0x0,
    0x0, 0x3, 0xe0, 0x0, 0x0, 0x3, 0xe0, 0x0,
    0x0, 0x3, 0xe0, 0x0, 0x0, 0x3, 0xe0, 0x0,
    0x0, 0x3, 0xe0, 0x0, 0x0, 0x3, 0xe0, 0x0,
    0x0, 0x3, 0xe0, 0x0, 0x0, 0x3, 0xe0, 0x0,
    0x0, 0x3, 0xe0, 0x0, 0x0, 0x3, 0xe0, 0x0,
    0x0, 0x3, 0xe0, 0x0, 0x0, 0x3, 0xe0, 0x0,
    0x0, 0x3, 0xe0, 0x0, 0x0, 0x3, 0xe0, 0x0,
    0x0, 0x3, 0xe0, 0x0, 0x0, 0x3, 0xe0, 0x0,
    0x0, 0x3, 0xe0, 0x0, 0x0, 0x3, 0xe0, 0x0,
    0x0, 0x3, 0xe0, 0x0, 0x0, 0x3, 0xe0, 0x0,
    0x0, 0x3, 0xe0, 0x0, 0x0, 0x3, 0xe0, 0x0,
    0x0, 0x3, 0xe0, 0x0, 0x0, 0x3, 0xe0, 0x0,
    0x0, 0x3, 0xe0, 0x0, 0x0, 0x3, 0xe0, 0x0,
    0x0, 0x3, 0xe0, 0x0, 0x0, 0x3, 0xe0, 0x0,
    0x0, 0x3, 0xe0, 0x0, 0x0, 0x3, 0xe0, 0x0,
    0x0, 0x3, 0xe0, 0x0, 0x0, 0x3, 0xe0, 0x0,
    0x0, 0x3, 0xe0, 0x0,

    /* U+0055 "U" */
    0xf8, 0x0, 0x0, 0xf, 0xfc, 0x0, 0x0, 0x7,
    0xfe, 0x0, 0x0, 0x3, 0xff, 0x0, 0x0, 0x1,
    0xff, 0x80, 0x0, 0x0, 0xff, 0xc0, 0x0, 0x0,
    0x7f, 0xe0, 0x0, 0x0, 0x3f, 0xf0, 0x0, 0x0,
    0x1f, 0xf8, 0x0, 0x0, 0xf, 0xfc, 0x0, 0x0,
    0x7, 0xfe, 0x0, 0x0, 0x3, 0xff, 0x0, 0x0,
    0x1, 0xff, 0x80, 0x0, 0x0, 0xff, 0xc0, 0x0,
    0x0, 0x7f, 0xe0, 0x0, 0x0, 0x3f, 0xf0, 0x0,
    0x0, 0x1f, 0xf8, 0x0, 0x0, 0xf, 0xfc, 0x0,
    0x0, 0x7, 0xfe, 0x0, 0x0, 0x3, 0xff, 0x0,
    0x0, 0x1, 0xff, 0x80, 0x0, 0x0, 0xff, 0xc0,
    0x0, 0x0, 0x7f, 0xe0, 0x0, 0x0, 0x3f, 0xf0,
    0x0, 0x0, 0x1f, 0xf8, 0x0, 0x0, 0xf, 0xfc,
    0x0, 0x0, 0x7, 0xfe, 0x0, 0x0, 0x3, 0xff,
    0x0, 0x0, 0x1, 0xff, 0x80, 0x0, 0x0, 0xff,
    0xc0, 0x0, 0x0, 0x7f, 0xe0, 0x0, 0x0, 0x3f,
    0xf0, 0x0, 0x0, 0x1f, 0x7c, 0x0, 0x0, 0x1f,
    0x3e, 0x0, 0x0, 0xf, 0x9f, 0x0, 0x0, 0x7,
    0xc7, 0xc0, 0x0, 0x7, 0xc3, 0xf0, 0x0, 0x7,
    0xe0, 0xfc, 0x0, 0x7, 0xe0, 0x3f, 0x80, 0xf,
    0xe0, 0x1f, 0xff, 0xff, 0xe0, 0x3, 0xff, 0xff,
    0xe0, 0x0, 0xff, 0xff, 0xe0, 0x0, 0xf, 0xff,
    0x80, 0x0, 0x0, 0x30, 0x0, 0x0,

    /* U+0056 "V" */
    0xfc, 0x0, 0x0, 0x3, 0xf7, 0xc0, 0x0, 0x0,
    0x3e, 0x7e, 0x0, 0x0, 0x7, 0xe7, 0xe0, 0x0,
    0x0, 0x7e, 0x3e, 0x0, 0x0, 0x7, 0xc3, 0xf0,
    0x0, 0x0, 0xfc, 0x3f, 0x0, 0x0, 0xf, 0xc1,
    0xf0, 0x0, 0x0, 0xf8, 0x1f, 0x80, 0x0, 0x1f,
    0x81, 0xf8, 0x0, 0x1, 0xf8, 0xf, 0x80, 0x0,
    0x1f, 0x0, 0xfc, 0x0, 0x3, 0xf0, 0xf, 0xc0,
    0x0, 0x3f, 0x0, 0x7c, 0x0, 0x3, 0xe0, 0x7,
    0xe0, 0x0, 0x7e, 0x0, 0x3e, 0x0, 0x7, 0xe0,
    0x3, 0xe0, 0x0, 0x7c, 0x0, 0x3f, 0x0, 0xf,
    0xc0, 0x1, 0xf0, 0x0, 0xf8, 0x0, 0x1f, 0x0,
    0x1f, 0x80, 0x1, 0xf8, 0x1, 0xf8, 0x0, 0xf,
    0x80, 0x1f, 0x0, 0x0, 0xfc, 0x3, 0xf0, 0x0,
    0xf, 0xc0, 0x3f, 0x0, 0x0, 0x7c, 0x3, 0xe0,
    0x0, 0x7, 0xe0, 0x7e, 0x0, 0x0, 0x7e, 0x7,
    0xe0, 0x0, 0x3, 0xe0, 0x7c, 0x0, 0x0, 0x3f,
    0xf, 0xc0, 0x0, 0x1, 0xf0, 0xfc, 0x0, 0x0,
    0x1f, 0xf, 0x80, 0x0, 0x1, 0xf9, 0xf8, 0x0,
    0x0, 0xf, 0x9f, 0x0, 0x0, 0x0, 0xf9, 0xf0,
    0x0, 0x0, 0xf, 0x9f, 0x0, 0x0, 0x0, 0x7f,
    0xe0, 0x0, 0x0, 0x7, 0xfe, 0x0, 0x0, 0x0,
    0x7f, 0xe0, 0x0, 0x0, 0x3, 0xfc, 0x0, 0x0,
    0x0, 0x3f, 0xc0, 0x0, 0x0, 0x3, 0xfc, 0x0,
    0x0, 0x0, 0x1f, 0x80, 0x0, 0x0, 0x1, 0xf8,
    0x0, 0x0,

    /* U+0057 "W" */
    0xf8, 0x0, 0x0, 0xfc, 0x0, 0x0, 0xff, 0xf0,
    0x0, 0x7, 0xf0, 0x0, 0x3, 0xff, 0xc0, 0x0,
    0x1f, 0xc0, 0x0, 0xf, 0x9f, 0x0, 0x0, 0x7f,
    0x80, 0x0, 0x7e, 0x7e, 0x0, 0x1, 0xfe, 0x0,
    0x1, 0xf9, 0xf8, 0x0, 0xf, 0xf8, 0x0, 0x7,
    0xe7, 0xe0, 0x0, 0x3f, 0xe0, 0x0, 0x1f, 0xf,
    0x80, 0x0, 0xf7, 0xc0, 0x0, 0xfc, 0x3f, 0x0,
    0x7, 0xdf, 0x0, 0x3, 0xf0, 0xfc, 0x0, 0x1f,
    0x7c, 0x0, 0xf, 0xc3, 0xf0, 0x0, 0x7c, 0xf8,
    0x0, 0x3e, 0x7, 0xc0, 0x1, 0xf3, 0xe0, 0x1,
    0xf8, 0x1f, 0x80, 0xf, 0x8f, 0x80, 0x7, 0xe0,
    0x7e, 0x0, 0x3e, 0x3f, 0x0, 0x1f, 0x0, 0xf8,
    0x0, 0xf8, 0x7c, 0x0, 0x7c, 0x3, 0xe0, 0x7,
    0xc1, 0xf0, 0x3, 0xf0, 0xf, 0xc0, 0x1f, 0x7,
    0xc0, 0xf, 0xc0, 0x3f, 0x0, 0x7c, 0xf, 0x80,
    0x3e, 0x0, 0x7c, 0x1, 0xf0, 0x3e, 0x0, 0xf8,
    0x1, 0xf0, 0xf, 0x80, 0xf8, 0x7, 0xe0, 0x7,
    0xe0, 0x3e, 0x1, 0xf0, 0x1f, 0x80, 0x1f, 0x80,
    0xf8, 0x7, 0xc0, 0x7c, 0x0, 0x3e, 0x7, 0xc0,
    0x1f, 0x1, 0xf0, 0x0, 0xf8, 0x1f, 0x0, 0x7e,
    0xf, 0xc0, 0x3, 0xf0, 0x7c, 0x0, 0xf8, 0x3f,
    0x0, 0xf, 0xc3, 0xf0, 0x3, 0xe0, 0xf8, 0x0,
    0x1f, 0xf, 0x80, 0xf, 0x83, 0xe0, 0x0, 0x7c,
    0x3e, 0x0, 0x1f, 0x1f, 0x80, 0x1, 0xf8, 0xf8,
    0x0, 0x7c, 0x7c, 0x0, 0x3, 0xe7, 0xc0, 0x1,
    0xf1, 0xf0, 0x0, 0xf, 0x9f, 0x0, 0x7, 0xe7,
    0xc0, 0x0, 0x3e, 0x7c, 0x0, 0xf, 0xbf, 0x0,
    0x0, 0xf9, 0xf0, 0x0, 0x3e, 0xf8, 0x0, 0x1,
    0xf7, 0x80, 0x0, 0xfb, 0xe0, 0x0, 0x7, 0xfe,
    0x0, 0x1, 0xef, 0x80, 0x0, 0x1f, 0xf8, 0x0,
    0x7, 0xbe, 0x0, 0x0, 0x7f, 0xc0, 0x0, 0x1f,
    0xf0, 0x0, 0x0, 0xff, 0x0, 0x0, 0x3f, 0xc0,
    0x0, 0x3, 0xfc, 0x0, 0x0, 0xff, 0x0, 0x0,
    0xf, 0xf0, 0x0, 0x3, 0xfc, 0x0, 0x0, 0x3f,
    0x80, 0x0, 0xf, 0xe0, 0x0, 0x0, 0x7e, 0x0,
    0x0, 0x1f, 0x80, 0x0, 0x1, 0xf8, 0x0, 0x0,
    0x7e, 0x0, 0x0,

    /* U+0058 "X" */
    0x7e, 0x0, 0x0, 0xf, 0xc7, 0xe0, 0x0, 0x3,
    0xf0, 0x7e, 0x0, 0x0, 0x7c, 0xf, 0xc0, 0x0,
    0x1f, 0x80, 0xfc, 0x0, 0x7, 0xe0, 0xf, 0xc0,
    0x0, 0xf8, 0x1, 0xf8, 0x0, 0x3f, 0x0, 0x1f,
    0x80, 0xf, 0xc0, 0x1, 0xf0, 0x1, 0xf0, 0x0,
    0x3f, 0x0, 0x7e, 0x0, 0x3, 0xf0, 0xf, 0x80,
    0x0, 0x3e, 0x3, 0xe0, 0x0, 0x7, 0xe0, 0xfc,
    0x0, 0x0, 0x7e, 0x1f, 0x0, 0x0, 0x7, 0xc7,
    0xe0, 0x0, 0x0, 0xfd, 0xf8, 0x0, 0x0, 0xf,
    0xbe, 0x0, 0x0, 0x1, 0xff, 0xc0, 0x0, 0x0,
    0x1f, 0xf0, 0x0, 0x0, 0x1, 0xfc, 0x0, 0x0,
    0x0, 0x3f, 0x80, 0x0, 0x0, 0x7, 0xf0, 0x0,
    0x0, 0x1, 0xff, 0x0, 0x0, 0x0, 0x3f, 0xf0,
    0x0, 0x0, 0xf, 0xbe, 0x0, 0x0, 0x3, 0xf7,
    0xe0, 0x0, 0x0, 0x7c, 0x7c, 0x0, 0x0, 0x1f,
    0x8f, 0xc0, 0x0, 0x7, 0xe0, 0xfc, 0x0, 0x0,
    0xf8, 0xf, 0x80, 0x0, 0x3f, 0x1, 0xf8, 0x0,
    0x7, 0xc0, 0x1f, 0x80, 0x1, 0xf0, 0x3, 0xf0,
    0x0, 0x7e, 0x0, 0x3f, 0x0, 0xf, 0x80, 0x3,
    0xf0, 0x3, 0xf0, 0x0, 0x7e, 0x0, 0xfc, 0x0,
    0x7, 0xe0, 0x1f, 0x0, 0x0, 0xfc, 0x7, 0xe0,
    0x0, 0xf, 0xc1, 0xf8, 0x0, 0x0, 0xfc, 0x3e,
    0x0, 0x0, 0x1f, 0x8f, 0xc0, 0x0, 0x1, 0xf9,
    0xf0, 0x0, 0x0, 0x3f, 0x80,

    /* U+0059 "Y" */
    0xfc, 0x0, 0x0, 0x1f, 0xbe, 0x0, 0x0, 0xf,
    0x9f, 0x80, 0x0, 0xf, 0xc7, 0xc0, 0x0, 0x7,
    0xc3, 0xf0, 0x0, 0x7, 0xe0, 0xf8, 0x0, 0x3,
    0xe0, 0x7e, 0x0, 0x3, 0xf0, 0x1f, 0x0, 0x1,
    0xf0, 0xf, 0xc0, 0x1, 0xf8, 0x3, 0xe0, 0x0,
    0xf8, 0x1, 0xf8, 0x0, 0xfc, 0x0, 0x7e, 0x0,
    0xfc, 0x0, 0x3f, 0x0, 0x7e, 0x0, 0xf, 0xc0,
    0x7e, 0x0, 0x3, 0xe0, 0x3e, 0x0, 0x1, 0xf8,
    0x3f, 0x0, 0x0, 0x7c, 0x1f, 0x0, 0x0, 0x3f,
    0x1f, 0x80, 0x0, 0xf, 0x8f, 0x80, 0x0, 0x7,
    0xef, 0xc0, 0x0, 0x1, 0xf7, 0xc0, 0x0, 0x0,
    0xff, 0xe0, 0x0, 0x0, 0x3f, 0xe0, 0x0, 0x0,
    0x1f, 0xf0, 0x0, 0x0, 0x7, 0xf0, 0x0, 0x0,
    0x3, 0xf0, 0x0, 0x0, 0x0, 0xf8, 0x0, 0x0,
    0x0, 0x7c, 0x0, 0x0, 0x0, 0x3e, 0x0, 0x0,
    0x0, 0x1f, 0x0, 0x0, 0x0, 0xf, 0x80, 0x0,
    0x0, 0x7, 0xc0, 0x0, 0x0, 0x3, 0xe0, 0x0,
    0x0, 0x1, 0xf0, 0x0, 0x0, 0x0, 0xf8, 0x0,
    0x0, 0x0, 0x7c, 0x0, 0x0, 0x0, 0x3e, 0x0,
    0x0, 0x0, 0x1f, 0x0, 0x0, 0x0, 0xf, 0x80,
    0x0, 0x0, 0x7, 0xc0, 0x0, 0x0, 0x3, 0xe0,
    0x0, 0x0, 0x1, 0xf0, 0x0, 0x0, 0x0, 0xf8,
    0x0, 0x0,

    /* U+005A "Z" */
    0x7f, 0xff, 0xff, 0xf9, 0xff, 0xff, 0xff, 0xe7,
    0xff, 0xff, 0xff, 0x9f, 0xff, 0xff, 0xfe, 0x7f,
    0xff, 0xff, 0xf8, 0x0, 0x0, 0xf, 0xc0, 0x0,
    0x0, 0x3f, 0x0, 0x0, 0x1, 0xf8, 0x0, 0x0,
    0xf, 0xc0, 0x0, 0x0, 0x3f, 0x0, 0x0, 0x1,
    0xf8, 0x0, 0x0, 0xf, 0xc0, 0x0, 0x0, 0x3f,
    0x0, 0x0, 0x1, 0xf8, 0x0, 0x0, 0xf, 0xc0,
    0x0, 0x0, 0x3f, 0x0, 0x0, 0x1, 0xf8, 0x0,
    0x0, 0xf, 0xc0, 0x0, 0x0, 0x3f, 0x0, 0x0,
    0x1, 0xf8, 0x0, 0x0, 0xf, 0xc0, 0x0, 0x0,
    0x3f, 0x0, 0x0, 0x1, 0xf8, 0x0, 0x0, 0xf,
    0xc0, 0x0, 0x0, 0x3f, 0x0, 0x0, 0x1, 0xf8,
    0x0, 0x0, 0xf, 0xc0, 0x0, 0x0, 0x3f, 0x0,
    0x0, 0x1, 0xf8, 0x0, 0x0, 0xf, 0xc0, 0x0,
    0x0, 0x3f, 0x0, 0x0, 0x1, 0xf8, 0x0, 0x0,
    0xf, 0xc0, 0x0, 0x0, 0x7f, 0x0, 0x0, 0x1,
    0xf8, 0x0, 0x0, 0xf, 0xc0, 0x0, 0x0, 0x7f,
    0x0, 0x0, 0x1, 0xf8, 0x0, 0x0, 0xf, 0xff,
    0xff, 0xff, 0xff, 0xff, 0xff, 0xff, 0xff, 0xff,
    0xff, 0xff, 0xff, 0xff, 0xff, 0xff, 0xff, 0xff,
    0xff, 0xc0,

    /* U+005B "[" */
    0xff, 0xff, 0xff, 0xff, 0xff, 0xff, 0xff, 0xf8,
    0x3, 0xe0, 0xf, 0x80, 0x3e, 0x0, 0xf8, 0x3,
    0xe0, 0xf, 0x80, 0x3e, 0x0, 0xf8, 0x3, 0xe0,
    0xf, 0x80, 0x3e, 0x0, 0xf8, 0x3, 0xe0, 0xf,
    0x80, 0x3e, 0x0, 0xf8, 0x3, 0xe0, 0xf, 0x80,
    0x3e, 0x0, 0xf8, 0x3, 0xe0, 0xf, 0x80, 0x3e,
    0x0, 0xf8, 0x3, 0xe0, 0xf, 0x80, 0x3e, 0x0,
    0xf8, 0x3, 0xe0, 0xf, 0x80, 0x3e, 0x0, 0xf8,
    0x3, 0xe0, 0xf, 0x80, 0x3e, 0x0, 0xf8, 0x3,
    0xe0, 0xf, 0x80, 0x3e, 0x0, 0xf8, 0x3, 0xe0,
    0xf, 0x80, 0x3e, 0x0, 0xff, 0xff, 0xff, 0xff,
    0xff, 0xff, 0xff,

    /* U+005C "\\" */
    0xf8, 0x0, 0x7, 0xc0, 0x0, 0x1f, 0x0, 0x0,
    0xf8, 0x0, 0x7, 0xc0, 0x0, 0x1f, 0x0, 0x0,
    0xf8, 0x0, 0x7, 0xe0, 0x0, 0x1f, 0x0, 0x0,
    0xf8, 0x0, 0x7, 0xe0, 0x0, 0x1f, 0x0, 0x0,
    0xf8, 0x0, 0x3, 0xe0, 0x0, 0x1f, 0x0, 0x0,
    0xfc, 0x0, 0x3, 0xe0, 0x0, 0x1f, 0x0, 0x0,
    0xfc, 0x0, 0x3, 0xe0, 0x0, 0x1f, 0x0, 0x0,
    0x7c, 0x0, 0x3, 0xe0, 0x0, 0x1f, 0x80, 0x0,
    0x7c, 0x0, 0x3, 0xe0, 0x0, 0x1f, 0x80, 0x0,
    0x7c, 0x0, 0x3, 0xe0, 0x0, 0xf, 0x80, 0x0,
    0x7c, 0x0, 0x3, 0xf0, 0x0, 0xf, 0x80, 0x0,
    0x7c, 0x0, 0x3, 0xf0, 0x0, 0xf, 0x80, 0x0,
    0x7c, 0x0, 0x1, 0xf0, 0x0, 0xf, 0x80, 0x0,
    0x7c, 0x0, 0x1, 0xf0, 0x0, 0xf, 0x80, 0x0,
    0x7e,

    /* U+005D "]" */
    0xff, 0xff, 0xff, 0xff, 0xff, 0xff, 0xff, 0x0,
    0x7c, 0x1, 0xf0, 0x7, 0xc0, 0x1f, 0x0, 0x7c,
    0x1, 0xf0, 0x7, 0xc0, 0x1f, 0x0, 0x7c, 0x1,
    0xf0, 0x7, 0xc0, 0x1f, 0x0, 0x7c, 0x1, 0xf0,
    0x7, 0xc0, 0x1f, 0x0, 0x7c, 0x1, 0xf0, 0x7,
    0xc0, 0x1f, 0x0, 0x7c, 0x1, 0xf0, 0x7, 0xc0,
    0x1f, 0x0, 0x7c, 0x1, 0xf0, 0x7, 0xc0, 0x1f,
    0x0, 0x7c, 0x1, 0xf0, 0x7, 0xc0, 0x1f, 0x0,
    0x7c, 0x1, 0xf0, 0x7, 0xc0, 0x1f, 0x0, 0x7c,
    0x1, 0xf0, 0x7, 0xc0, 0x1f, 0x0, 0x7c, 0x1,
    0xf0, 0x7, 0xc0, 0x1f, 0xff, 0xff, 0xff, 0xff,
    0xff, 0xff, 0xff,

    /* U+005E "^" */
    0x0, 0x7, 0x0, 0x0, 0x0, 0x1e, 0x0, 0x0,
    0x0, 0xf8, 0x0, 0x0, 0x3, 0xf0, 0x0, 0x0,
    0x1f, 0xc0, 0x0, 0x0, 0x7f, 0x80, 0x0, 0x3,
    0xde, 0x0, 0x0, 0xf, 0x7c, 0x0, 0x0, 0x7c,
    0xf0, 0x0, 0x1, 0xe3, 0xe0, 0x0, 0xf, 0x87,
    0x80, 0x0, 0x3c, 0x1f, 0x0, 0x1, 0xf0, 0x3c,
    0x0, 0x7, 0x80, 0xf8, 0x0, 0x1e, 0x1, 0xe0,
    0x0, 0xf0, 0x7, 0xc0, 0x3, 0xc0, 0xf, 0x0,
    0x1f, 0x0, 0x3e, 0x0, 0x78, 0x0, 0x78, 0x3,
    0xe0, 0x1, 0xf0, 0xf, 0x0, 0x3, 0xc0, 0x7c,
    0x0, 0xf, 0x81, 0xe0, 0x0, 0x1e, 0xf, 0x80,
    0x0, 0x7c, 0x3e, 0x0, 0x0, 0xf1, 0xf0, 0x0,
    0x3, 0xe7, 0xc0, 0x0, 0x7, 0x9e, 0x0, 0x0,
    0x1f,

    /* U+005F "_" */
    0xff, 0xff, 0xff, 0xff, 0xff, 0xff, 0xff, 0xff,
    0xff, 0xff, 0xff, 0xff, 0xff, 0xf0,

    /* U+0060 "`" */
    0xfc, 0xf, 0xe0, 0x7e, 0x3, 0xf0, 0x1f, 0x80,
    0xf8, 0x7, 0xc0, 0x3e, 0x1, 0xe0, 0xf,

    /* U+0061 "a" */
    0x0, 0x2, 0x0, 0x0, 0x7f, 0xfe, 0x0, 0x7f,
    0xff, 0xc0, 0x7f, 0xff, 0xfc, 0xf, 0xff, 0xff,
    0x3, 0xc0, 0xf, 0xe0, 0x0, 0x0, 0xf8, 0x0,
    0x0, 0x3f, 0x0, 0x0, 0x7, 0xc0, 0x0, 0x1,
    0xf0, 0x0, 0x0, 0x7c, 0x0, 0x0, 0x1f, 0x0,
    0x0, 0x7, 0xc0, 0xf, 0xff, 0xf0, 0x3f, 0xff,
    0xfc, 0x3f, 0xff, 0xff, 0x1f, 0xff, 0xff, 0xcf,
    0xf8, 0x1, 0xf7, 0xf0, 0x0, 0x7d, 0xf8, 0x0,
    0x1f, 0xfc, 0x0, 0x7, 0xfe, 0x0, 0x1, 0xff,
    0x80, 0x0, 0x7f, 0xe0, 0x0, 0x1f, 0xf8, 0x0,
    0xf, 0xfe, 0x0, 0x3, 0xff, 0x80, 0x1, 0xfd,
    0xf0, 0x0, 0xff, 0x7e, 0x0, 0xff, 0xcf, 0xff,
    0xfc, 0xf3, 0xff, 0xfe, 0x3c, 0x7f, 0xff, 0xf,
    0x7, 0xff, 0x3, 0xc0, 0x8, 0x0, 0x0,

    /* U+0062 "b" */
    0xf8, 0x0, 0x0, 0xf, 0x80, 0x0, 0x0, 0xf8,
    0x0, 0x0, 0xf, 0x80, 0x0, 0x0, 0xf8, 0x0,
    0x0, 0xf, 0x80, 0x0, 0x0, 0xf8, 0x0, 0x0,
    0xf, 0x80, 0x0, 0x0, 0xf8, 0x0, 0x0, 0xf,
    0x80, 0x0, 0x0, 0xf8, 0x0, 0x0, 0xf, 0x80,
    0x0, 0x0, 0xf8, 0x0, 0x0, 0xf, 0x80, 0x0,
    0x0, 0xf8, 0x7f, 0xf0, 0xf, 0x8f, 0xff, 0xc0,
    0xfb, 0xff, 0xfe, 0xf, 0xff, 0xff, 0xf0, 0xff,
    0x80, 0x3f, 0x8f, 0xf0, 0x0, 0xfc, 0xfe, 0x0,
    0x7, 0xcf, 0xc0, 0x0, 0x7e, 0xfc, 0x0, 0x3,
    0xef, 0xc0, 0x0, 0x3e, 0xf8, 0x0, 0x3, 0xff,
    0x80, 0x0, 0x1f, 0xf8, 0x0, 0x1, 0xff, 0x80,
    0x0, 0x1f, 0xf8, 0x0, 0x1, 0xff, 0x80, 0x0,
    0x1f, 0xf8, 0x0, 0x1, 0xff, 0x80, 0x0, 0x1f,
    0xf8, 0x0, 0x1, 0xff, 0x80, 0x0, 0x1f, 0xf8,
    0x0, 0x1, 0xff, 0xc0, 0x0, 0x3e, 0xfc, 0x0,
    0x3, 0xef, 0xc0, 0x0, 0x3e, 0xfe, 0x0, 0x7,
    0xef, 0xe0, 0x0, 0x7c, 0xff, 0x0, 0xf, 0xcf,
    0xf8, 0x3, 0xf8, 0xff, 0xff, 0xff, 0xf, 0x3f,
    0xff, 0xe0, 0xf0, 0xff, 0xfc, 0xf, 0x7, 0xff,
    0x0, 0x0, 0x2, 0x0, 0x0,

    /* U+0063 "c" */
    0x0, 0x0, 0x0, 0x0, 0x7f, 0xfc, 0x1, 0xff,
    0xfe, 0x7, 0xff, 0xfe, 0xf, 0xff, 0xfe, 0x1f,
    0xc0, 0xc, 0x1f, 0x80, 0x0, 0x3f, 0x0, 0x0,
    0x3e, 0x0, 0x0, 0x7c, 0x0, 0x0, 0x7c, 0x0,
    0x0, 0x7c, 0x0, 0x0, 0xf8, 0x0, 0x0, 0xf8,
    0x0, 0x0, 0xf8, 0x0, 0x0, 0xf8, 0x0, 0x0,
    0xf8, 0x0, 0x0, 0xf8, 0x0, 0x0, 0xf8, 0x0,
    0x0, 0xf8, 0x0, 0x0, 0xf8, 0x0, 0x0, 0xf8,
    0x0, 0x0, 0xfc, 0x0, 0x0, 0x7c, 0x0, 0x0,
    0x7c, 0x0, 0x0, 0x7e, 0x0, 0x0, 0x3f, 0x0,
    0x0, 0x3f, 0x0, 0x0, 0x1f, 0xc0, 0x6, 0xf,
    0xff, 0xfe, 0x7, 0xff, 0xfe, 0x1, 0xff, 0xfe,
    0x0, 0x7f, 0xfc, 0x0, 0x3, 0x0,

    /* U+0064 "d" */
    0x0, 0x0, 0x1, 0xf0, 0x0, 0x0, 0x1f, 0x0,
    0x0, 0x1, 0xf0, 0x0, 0x0, 0x1f, 0x0, 0x0,
    0x1, 0xf0, 0x0, 0x0, 0x1f, 0x0, 0x0, 0x1,
    0xf0, 0x0, 0x0, 0x1f, 0x0, 0x0, 0x1, 0xf0,
    0x0, 0x0, 0x1f, 0x0, 0x0, 0x1, 0xf0, 0x0,
    0x0, 0x1f, 0x0, 0x0, 0x1, 0xf0, 0x0, 0x0,
    0x1f, 0x0, 0xff, 0xe1, 0xf0, 0x3f, 0xff, 0x1f,
    0x7, 0xff, 0xfd, 0xf0, 0xff, 0xff, 0xff, 0x1f,
    0xc0, 0x3f, 0xf3, 0xf0, 0x0, 0xff, 0x3e, 0x0,
    0x7, 0xf7, 0xe0, 0x0, 0x7f, 0x7c, 0x0, 0x3,
    0xf7, 0xc0, 0x0, 0x3f, 0xfc, 0x0, 0x3, 0xff,
    0x80, 0x0, 0x1f, 0xf8, 0x0, 0x1, 0xff, 0x80,
    0x0, 0x1f, 0xf8, 0x0, 0x1, 0xff, 0x80, 0x0,
    0x1f, 0xf8, 0x0, 0x1, 0xff, 0x80, 0x0, 0x1f,
    0xf8, 0x0, 0x1, 0xff, 0x80, 0x0, 0x1f, 0xf8,
    0x0, 0x1, 0xff, 0xc0, 0x0, 0x1f, 0x7c, 0x0,
    0x3, 0xf7, 0xc0, 0x0, 0x3f, 0x7e, 0x0, 0x3,
    0xf3, 0xe0, 0x0, 0x7f, 0x3f, 0x0, 0xf, 0xf1,
    0xfc, 0x1, 0xff, 0xf, 0xff, 0xff, 0xf0, 0x7f,
    0xff, 0xcf, 0x3, 0xff, 0xf0, 0xf0, 0xf, 0xfe,
    0xf, 0x0, 0xc, 0x0, 0x0,

    /* U+0065 "e" */
    0x0, 0x0, 0x0, 0x0, 0xf, 0xfc, 0x0, 0x7,
    0xff, 0xe0, 0x3, 0xff, 0xff, 0x0, 0xff, 0xff,
    0xf0, 0x3f, 0x80, 0x7e, 0x7, 0xc0, 0x7, 0xe1,
    0xf0, 0x0, 0x7e, 0x3e, 0x0, 0x7, 0xcf, 0x80,
    0x0, 0xf9, 0xf0, 0x0, 0xf, 0xbc, 0x0, 0x1,
    0xff, 0x80, 0x0, 0x3f, 0xf0, 0x0, 0x7, 0xff,
    0xff, 0xff, 0xff, 0xff, 0xff, 0xff, 0xff, 0xff,
    0xff, 0xff, 0xff, 0xff, 0xff, 0xe0, 0x0, 0x0,
    0x7c, 0x0, 0x0, 0xf, 0x80, 0x0, 0x1, 0xf0,
    0x0, 0x0, 0x1f, 0x0, 0x0, 0x3, 0xe0, 0x0,
    0x0, 0x7c, 0x0, 0x0, 0x7, 0xc0, 0x0, 0x0,
    0xfc, 0x0, 0x0, 0xf, 0xc0, 0x0, 0x21, 0xfc,
    0x0, 0x3c, 0x1f, 0xff, 0xff, 0x81, 0xff, 0xff,
    0xf0, 0xf, 0xff, 0xfe, 0x0, 0x7f, 0xfe, 0x0,
    0x0, 0x60, 0x0,

    /* U+0066 "f" */
    0x0, 0x7, 0xf8, 0x0, 0xff, 0xf0, 0x7, 0xff,
    0xc0, 0x3f, 0xfe, 0x1, 0xfc, 0x18, 0x7, 0xe0,
    0x0, 0x1f, 0x0, 0x0, 0xfc, 0x0, 0x3, 0xe0,
    0x0, 0xf, 0x80, 0x0, 0x3e, 0x0, 0x0, 0xf8,
    0x0, 0x3, 0xe0, 0x0, 0xf, 0x80, 0x0, 0xff,
    0xfe, 0x3f, 0xff, 0xf8, 0xff, 0xff, 0xe3, 0xff,
    0xff, 0x80, 0x3e, 0x0, 0x0, 0xf8, 0x0, 0x3,
    0xe0, 0x0, 0xf, 0x80, 0x0, 0x3e, 0x0, 0x0,
    0xf8, 0x0, 0x3, 0xe0, 0x0, 0xf, 0x80, 0x0,
    0x3e, 0x0, 0x0, 0xf8, 0x0, 0x3, 0xe0, 0x0,
    0xf, 0x80, 0x0, 0x3e, 0x0, 0x0, 0xf8, 0x0,
    0x3, 0xe0, 0x0, 0xf, 0x80, 0x0, 0x3e, 0x0,
    0x0, 0xf8, 0x0, 0x3, 0xe0, 0x0, 0xf, 0x80,
    0x0, 0x3e, 0x0, 0x0, 0xf8, 0x0, 0x3, 0xe0,
    0x0, 0xf, 0x80, 0x0, 0x3e, 0x0, 0x0, 0xf8,
    0x0, 0x3, 0xe0, 0x0, 0xf, 0x80, 0x0,

    /* U+0067 "g" */
    0x0, 0x0, 0x0, 0x0, 0xf, 0xfc, 0xf, 0x3,
    0xff, 0xf0, 0xf0, 0x7f, 0xff, 0xdf, 0xf, 0xff,
    0xff, 0xf1, 0xfc, 0x3, 0xff, 0x3f, 0x0, 0xf,
    0xf3, 0xe0, 0x0, 0x7f, 0x7e, 0x0, 0x7, 0xf7,
    0xc0, 0x0, 0x3f, 0x7c, 0x0, 0x3, 0xf7, 0xc0,
    0x0, 0x3f, 0xf8, 0x0, 0x1, 0xff, 0x80, 0x0,
    0x1f, 0xf8, 0x0, 0x1, 0xff, 0x80, 0x0, 0x1f,
    0xf8, 0x0, 0x1, 0xff, 0x80, 0x0, 0x1f, 0xf8,
    0x0, 0x1, 0xff, 0x80, 0x0, 0x1f, 0xf8, 0x0,
    0x1, 0xff, 0x80, 0x0, 0x1f, 0xfc, 0x0, 0x1,
    0xf7, 0xc0, 0x0, 0x3f, 0x7c, 0x0, 0x3, 0xf7,
    0xe0, 0x0, 0x3f, 0x3e, 0x0, 0x7, 0xf3, 0xf0,
    0x0, 0xff, 0x1f, 0xc0, 0x1f, 0xf0, 0xff, 0xff,
    0xdf, 0x7, 0xff, 0xfd, 0xf0, 0x3f, 0xff, 0x1f,
    0x0, 0xff, 0xe1, 0xf0, 0x0, 0x80, 0x1f, 0x0,
    0x0, 0x1, 0xf0, 0x0, 0x0, 0x1f, 0x0, 0x0,
    0x1, 0xf0, 0x0, 0x0, 0x3f, 0x0, 0x0, 0x3,
    0xe0, 0x0, 0x0, 0x3e, 0x0, 0x0, 0x7, 0xe3,
    0x80, 0x0, 0xfc, 0x3f, 0x80, 0x7f, 0x83, 0xff,
    0xff, 0xf8, 0x3f, 0xff, 0xfe, 0x1, 0xff, 0xff,
    0xc0, 0x1, 0xff, 0xe0, 0x0,

    /* U+0068 "h" */
    0xf8, 0x0, 0x0, 0x1f, 0x0, 0x0, 0x3, 0xe0,
    0x0, 0x0, 0x7c, 0x0, 0x0, 0xf, 0x80, 0x0,
    0x1, 0xf0, 0x0, 0x0, 0x3e, 0x0, 0x0, 0x7,
    0xc0, 0x0, 0x0, 0xf8, 0x0, 0x0, 0x1f, 0x0,
    0x0, 0x3, 0xe0, 0x0, 0x0, 0x7c, 0x0, 0x0,
    0xf, 0x80, 0x0, 0x1, 0xf0, 0x2, 0x0, 0x3e,
    0xf, 0xfe, 0x7, 0xc7, 0xff, 0xf0, 0xfb, 0xff,
    0xff, 0x1f, 0x7f, 0xff, 0xf3, 0xfe, 0x0, 0x7f,
    0x7f, 0x80, 0x7, 0xef, 0xe0, 0x0, 0x7d, 0xf8,
    0x0, 0xf, 0xff, 0x0, 0x0, 0xff, 0xe0, 0x0,
    0x1f, 0xf8, 0x0, 0x3, 0xff, 0x0, 0x0, 0x7f,
    0xe0, 0x0, 0xf, 0xfc, 0x0, 0x1, 0xff, 0x80,
    0x0, 0x3f, 0xf0, 0x0, 0x7, 0xfe, 0x0, 0x0,
    0xff, 0xc0, 0x0, 0x1f, 0xf8, 0x0, 0x3, 0xff,
    0x0, 0x0, 0x7f, 0xe0, 0x0, 0xf, 0xfc, 0x0,
    0x1, 0xff, 0x80, 0x0, 0x3f, 0xf0, 0x0, 0x7,
    0xfe, 0x0, 0x0, 0xff, 0xc0, 0x0, 0x1f, 0xf8,
    0x0, 0x3, 0xff, 0x0, 0x0, 0x7f, 0xe0, 0x0,
    0xf, 0xfc, 0x0, 0x1, 0xff, 0x80, 0x0, 0x3f,
    0xf0, 0x0, 0x7, 0xc0,

    /* U+0069 "i" */
    0x7b, 0xff, 0xff, 0xff, 0xf7, 0x80, 0x0, 0x0,
    0x0, 0x1, 0xf7, 0xdf, 0x7d, 0xf7, 0xdf, 0x7d,
    0xf7, 0xdf, 0x7d, 0xf7, 0xdf, 0x7d, 0xf7, 0xdf,
    0x7d, 0xf7, 0xdf, 0x7d, 0xf7, 0xdf, 0x7d, 0xf7,
    0xdf, 0x7c,

    /* U+006A "j" */
    0x0, 0x78, 0x3, 0xf0, 0xf, 0xc0, 0x3f, 0x0,
    0xfc, 0x3, 0xf0, 0x7, 0x80, 0x0, 0x0, 0x0,
    0x0, 0x0, 0x0, 0x0, 0x0, 0x0, 0x0, 0x1,
    0xf0, 0x7, 0xc0, 0x1f, 0x0, 0x7c, 0x1, 0xf0,
    0x7, 0xc0, 0x1f, 0x0, 0x7c, 0x1, 0xf0, 0x7,
    0xc0, 0x1f, 0x0, 0x7c, 0x1, 0xf0, 0x7, 0xc0,
    0x1f, 0x0, 0x7c, 0x1, 0xf0, 0x7, 0xc0, 0x1f,
    0x0, 0x7c, 0x1, 0xf0, 0x7, 0xc0, 0x1f, 0x0,
    0x7c, 0x1, 0xf0, 0x7, 0xc0, 0x1f, 0x0, 0x7c,
    0x1, 0xf0, 0x7, 0xc0, 0x1f, 0x0, 0x7c, 0x1,
    0xf0, 0x7, 0xc0, 0x1f, 0x0, 0x7c, 0x1, 0xf0,
    0x7, 0xc0, 0x1f, 0x0, 0x7c, 0x3, 0xe0, 0x1f,
    0xbf, 0xfe, 0xff, 0xf3, 0xff, 0x8f, 0xf0, 0x0,

    /* U+006B "k" */
    0xf8, 0x0, 0x0, 0x3e, 0x0, 0x0, 0xf, 0x80,
    0x0, 0x3, 0xe0, 0x0, 0x0, 0xf8, 0x0, 0x0,
    0x3e, 0x0, 0x0, 0xf, 0x80, 0x0, 0x3, 0xe0,
    0x0, 0x0, 0xf8, 0x0, 0x0, 0x3e, 0x0, 0x0,
    0xf, 0x80, 0x0, 0x3, 0xe0, 0x0, 0x0, 0xf8,
    0x0, 0x0, 0x3e, 0x0, 0x0, 0xf, 0x80, 0x1,
    0xfb, 0xe0, 0x0, 0xfc, 0xf8, 0x0, 0x7e, 0x3e,
    0x0, 0x3f, 0xf, 0x80, 0x1f, 0x83, 0xe0, 0xf,
    0xc0, 0xf8, 0x7, 0xe0, 0x3e, 0x3, 0xf0, 0xf,
    0x81, 0xf8, 0x3, 0xe0, 0xfc, 0x0, 0xf8, 0x7e,
    0x0, 0x3e, 0x3f, 0x0, 0xf, 0x8f, 0xc0, 0x3,
    0xe7, 0xe0, 0x0, 0xfb, 0xf8, 0x0, 0x3f, 0xff,
    0x0, 0xf, 0xff, 0xe0, 0x3, 0xfd, 0xf8, 0x0,
    0xfe, 0x3f, 0x0, 0x3f, 0x7, 0xe0, 0xf, 0x81,
    0xfc, 0x3, 0xe0, 0x3f, 0x0, 0xf8, 0x7, 0xe0,
    0x3e, 0x0, 0xfc, 0xf, 0x80, 0x3f, 0x83, 0xe0,
    0x7, 0xe0, 0xf8, 0x0, 0xfc, 0x3e, 0x0, 0x1f,
    0x8f, 0x80, 0x7, 0xf3, 0xe0, 0x0, 0xfc, 0xf8,
    0x0, 0x1f, 0xbe, 0x0, 0x3, 0xf0,

    /* U+006C "l" */
    0xff, 0xff, 0xff, 0xff, 0xff, 0xff, 0xff, 0xff,
    0xff, 0xff, 0xff, 0xff, 0xff, 0xff, 0xff, 0xff,
    0xff, 0xff, 0xff, 0xff, 0xff, 0xff, 0xff, 0xff,
    0xff, 0xff, 0xff, 0xff, 0xfc,

    /* U+006D "m" */
    0x0, 0x0, 0x0, 0x0, 0x0, 0x1, 0xe0, 0x7f,
    0xf0, 0x7, 0xff, 0x83, 0xc3, 0xff, 0xf8, 0x3f,
    0xff, 0x87, 0x9f, 0xff, 0xf8, 0xff, 0xff, 0x8f,
    0xff, 0xff, 0xf3, 0xff, 0xff, 0x9f, 0xf0, 0x7,
    0xff, 0x80, 0x3f, 0xbf, 0xc0, 0x7, 0xfe, 0x0,
    0x3f, 0x7f, 0x0, 0x7, 0xf8, 0x0, 0x3e, 0xfc,
    0x0, 0xf, 0xe0, 0x0, 0x7f, 0xf8, 0x0, 0xf,
    0xc0, 0x0, 0x7f, 0xf0, 0x0, 0x1f, 0x80, 0x0,
    0xff, 0xc0, 0x0, 0x3e, 0x0, 0x1, 0xff, 0x80,
    0x0, 0x7c, 0x0, 0x3, 0xff, 0x0, 0x0, 0xf8,
    0x0, 0x7, 0xfe, 0x0, 0x1, 0xf0, 0x0, 0xf,
    0xfc, 0x0, 0x3, 0xe0, 0x0, 0x1f, 0xf8, 0x0,
    0x7, 0xc0, 0x0, 0x3f, 0xf0, 0x0, 0xf, 0x80,
    0x0, 0x7f, 0xe0, 0x0, 0x1f, 0x0, 0x0, 0xff,
    0xc0, 0x0, 0x3e, 0x0, 0x1, 0xff, 0x80, 0x0,
    0x7c, 0x0, 0x3, 0xff, 0x0, 0x0, 0xf8, 0x0,
    0x7, 0xfe, 0x0, 0x1, 0xf0, 0x0, 0xf, 0xfc,
    0x0, 0x3, 0xe0, 0x0, 0x1f, 0xf8, 0x0, 0x7,
    0xc0, 0x0, 0x3f, 0xf0, 0x0, 0xf, 0x80, 0x0,
    0x7f, 0xe0, 0x0, 0x1f, 0x0, 0x0, 0xff, 0xc0,
    0x0, 0x3e, 0x0, 0x1, 0xff, 0x80, 0x0, 0x7c,
    0x0, 0x3, 0xff, 0x0, 0x0, 0xf8, 0x0, 0x7,
    0xfe, 0x0, 0x1, 0xf0, 0x0, 0xf, 0xfc, 0x0,
    0x3, 0xe0, 0x0, 0x1f, 0xf8, 0x0, 0x7, 0xc0,
    0x0, 0x3e,

    /* U+006E "n" */
    0x0, 0x1, 0x0, 0x1e, 0x7, 0xff, 0x3, 0xc3,
    0xff, 0xf8, 0x79, 0xff, 0xff, 0x8f, 0xff, 0xff,
    0xf9, 0xff, 0x80, 0x3f, 0xbf, 0xc0, 0x3, 0xf7,
    0xf0, 0x0, 0x3e, 0xfc, 0x0, 0x7, 0xff, 0x80,
    0x0, 0x7f, 0xf0, 0x0, 0xf, 0xfc, 0x0, 0x1,
    0xff, 0x80, 0x0, 0x3f, 0xf0, 0x0, 0x7, 0xfe,
    0x0, 0x0, 0xff, 0xc0, 0x0, 0x1f, 0xf8, 0x0,
    0x3, 0xff, 0x0, 0x0, 0x7f, 0xe0, 0x0, 0xf,
    0xfc, 0x0, 0x1, 0xff, 0x80, 0x0, 0x3f, 0xf0,
    0x0, 0x7, 0xfe, 0x0, 0x0, 0xff, 0xc0, 0x0,
    0x1f, 0xf8, 0x0, 0x3, 0xff, 0x0, 0x0, 0x7f,
    0xe0, 0x0, 0xf, 0xfc, 0x0, 0x1, 0xff, 0x80,
    0x0, 0x3f, 0xf0, 0x0, 0x7, 0xfe, 0x0, 0x0,
    0xff, 0xc0, 0x0, 0x1f, 0xf8, 0x0, 0x3, 0xe0,

    /* U+006F "o" */
    0x0, 0x0, 0x0, 0x0, 0x1, 0xff, 0xe0, 0x0,
    0x1f, 0xff, 0xe0, 0x1, 0xff, 0xff, 0xc0, 0xf,
    0xff, 0xff, 0xc0, 0x7f, 0x0, 0x3f, 0x1, 0xf8,
    0x0, 0x7e, 0xf, 0xc0, 0x0, 0xfc, 0x3e, 0x0,
    0x1, 0xf1, 0xf0, 0x0, 0x3, 0xe7, 0xc0, 0x0,
    0xf, 0x9f, 0x0, 0x0, 0x3e, 0xf8, 0x0, 0x0,
    0x7f, 0xe0, 0x0, 0x1, 0xff, 0x80, 0x0, 0x7,
    0xfe, 0x0, 0x0, 0x1f, 0xf8, 0x0, 0x0, 0x7f,
    0xe0, 0x0, 0x1, 0xff, 0x80, 0x0, 0x7, 0xfe,
    0x0, 0x0, 0x1f, 0xf8, 0x0, 0x0, 0x7f, 0xe0,
    0x0, 0x1, 0xf7, 0xc0, 0x0, 0xf, 0x9f, 0x0,
    0x0, 0x3e, 0x7c, 0x0, 0x0, 0xf8, 0xf8, 0x0,
    0x7, 0xc3, 0xf0, 0x0, 0x3f, 0x7, 0xe0, 0x1,
    0xf8, 0xf, 0xc0, 0xf, 0xe0, 0x1f, 0xff, 0xff,
    0x0, 0x3f, 0xff, 0xf0, 0x0, 0x7f, 0xff, 0x80,
    0x0, 0x7f, 0xf8, 0x0, 0x0, 0x8, 0x0, 0x0,

    /* U+0070 "p" */
    0x0, 0x0, 0x0, 0xf, 0x7, 0xff, 0x0, 0xf0,
    0xff, 0xfc, 0xf, 0xbf, 0xff, 0xe0, 0xff, 0xff,
    0xff, 0xf, 0xf8, 0x3, 0xf8, 0xff, 0x0, 0xf,
    0xcf, 0xe0, 0x0, 0x7c, 0xfc, 0x0, 0x7, 0xef,
    0xc0, 0x0, 0x3e, 0xfc, 0x0, 0x3, 0xef, 0x80,
    0x0, 0x3f, 0xf8, 0x0, 0x1, 0xff, 0x80, 0x0,
    0x1f, 0xf8, 0x0, 0x1, 0xff, 0x80, 0x0, 0x1f,
    0xf8, 0x0, 0x1, 0xff, 0x80, 0x0, 0x1f, 0xf8,
    0x0, 0x1, 0xff, 0x80, 0x0, 0x1f, 0xf8, 0x0,
    0x1, 0xff, 0x80, 0x0, 0x1f, 0xfc, 0x0, 0x3,
    0xef, 0xc0, 0x0, 0x3e, 0xfc, 0x0, 0x3, 0xef,
    0xe0, 0x0, 0x7e, 0xfe, 0x0, 0xf, 0xcf, 0xf0,
    0x0, 0xfc, 0xff, 0xc0, 0x3f, 0x8f, 0xff, 0xff,
    0xf0, 0xfb, 0xff, 0xfe, 0xf, 0x8f, 0xff, 0xc0,
    0xf8, 0x7f, 0xf0, 0xf, 0x80, 0x20, 0x0, 0xf8,
    0x0, 0x0, 0xf, 0x80, 0x0, 0x0, 0xf8, 0x0,
    0x0, 0xf, 0x80, 0x0, 0x0, 0xf8, 0x0, 0x0,
    0xf, 0x80, 0x0, 0x0, 0xf8, 0x0, 0x0, 0xf,
    0x80, 0x0, 0x0, 0xf8, 0x0, 0x0, 0xf, 0x80,
    0x0, 0x0, 0xf8, 0x0, 0x0, 0xf, 0x80, 0x0,
    0x0, 0xf8, 0x0, 0x0, 0x0,

    /* U+0071 "q" */
    0x0, 0x4, 0x0, 0x0, 0xf, 0xfe, 0xf, 0x3,
    0xff, 0xf0, 0xf0, 0x7f, 0xff, 0xcf, 0xf, 0xff,
    0xff, 0xf1, 0xfc, 0x3, 0xff, 0x3f, 0x0, 0xf,
    0xf3, 0xe0, 0x0, 0x7f, 0x7e, 0x0, 0x7, 0xf7,
    0xc0, 0x0, 0x3f, 0x7c, 0x0, 0x3, 0xff, 0xc0,
    0x0, 0x3f, 0xf8, 0x0, 0x1, 0xff, 0x80, 0x0,
    0x1f, 0xf8, 0x0, 0x1, 0xff, 0x80, 0x0, 0x1f,
    0xf8, 0x0, 0x1, 0xff, 0x80, 0x0, 0x1f, 0xf8,
    0x0, 0x1, 0xff, 0x80, 0x0, 0x1f, 0xf8, 0x0,
    0x1, 0xff, 0x80, 0x0, 0x1f, 0xfc, 0x0, 0x1,
    0xf7, 0xc0, 0x0, 0x3f, 0x7c, 0x0, 0x3, 0xf7,
    0xe0, 0x0, 0x3f, 0x3e, 0x0, 0x7, 0xf3, 0xf0,
    0x0, 0xff, 0x1f, 0xc0, 0x1f, 0xf0, 0xff, 0xff,
    0xdf, 0x7, 0xff, 0xf9, 0xf0, 0x3f, 0xff, 0x1f,
    0x0, 0xff, 0xe1, 0xf0, 0x0, 0x80, 0x1f, 0x0,
    0x0, 0x1, 0xf0, 0x0, 0x0, 0x1f, 0x0, 0x0,
    0x1, 0xf0, 0x0, 0x0, 0x1f, 0x0, 0x0, 0x1,
    0xf0, 0x0, 0x0, 0x1f, 0x0, 0x0, 0x1, 0xf0,
    0x0, 0x0, 0x1f, 0x0, 0x0, 0x1, 0xf0, 0x0,
    0x0, 0x1f, 0x0, 0x0, 0x1, 0xf0, 0x0, 0x0,
    0x1f, 0x0, 0x0, 0x1, 0xf0,

    /* U+0072 "r" */
    0x0, 0x0, 0x1e, 0x7, 0xfb, 0xc1, 0xff, 0x78,
    0x7f, 0xef, 0x1f, 0xfd, 0xf7, 0xff, 0xbf, 0xf0,
    0x7, 0xfc, 0x0, 0xff, 0x0, 0x1f, 0xc0, 0x3,
    0xf0, 0x0, 0x7e, 0x0, 0xf, 0xc0, 0x1, 0xf0,
    0x0, 0x3e, 0x0, 0x7, 0xc0, 0x0, 0xf8, 0x0,
    0x1f, 0x0, 0x3, 0xe0, 0x0, 0x7c, 0x0, 0xf,
    0x80, 0x1, 0xf0, 0x0, 0x3e, 0x0, 0x7, 0xc0,
    0x0, 0xf8, 0x0, 0x1f, 0x0, 0x3, 0xe0, 0x0,
    0x7c, 0x0, 0xf, 0x80, 0x1, 0xf0, 0x0, 0x3e,
    0x0, 0x7, 0xc0, 0x0, 0xf8, 0x0, 0x0,

    /* U+0073 "s" */
    0x0, 0x0, 0x0, 0x7, 0xff, 0xc0, 0x3f, 0xff,
    0xf1, 0xff, 0xff, 0xe7, 0xff, 0xff, 0xcf, 0xc0,
    0x7, 0x3f, 0x0, 0x2, 0x7c, 0x0, 0x0, 0xf8,
    0x0, 0x1, 0xf0, 0x0, 0x3, 0xf0, 0x0, 0x7,
    0xf0, 0x0, 0x7, 0xf8, 0x0, 0xf, 0xfc, 0x0,
    0xf, 0xfe, 0x0, 0x7, 0xff, 0x80, 0x7, 0xff,
    0xc0, 0x3, 0xff, 0xe0, 0x0, 0xff, 0xe0, 0x0,
    0x7f, 0xe0, 0x0, 0x1f, 0xc0, 0x0, 0x1f, 0xc0,
    0x0, 0x1f, 0x80, 0x0, 0x1f, 0x0, 0x0, 0x3e,
    0x0, 0x0, 0x7c, 0x0, 0x0, 0xfc, 0x0, 0x3,
    0xef, 0x0, 0xf, 0xdf, 0xff, 0xff, 0x3f, 0xff,
    0xfc, 0x7f, 0xff, 0xf0, 0x3f, 0xff, 0x80, 0x0,
    0xc0, 0x0,

    /* U+0074 "t" */
    0x1, 0xc0, 0x0, 0x1c, 0x0, 0x3, 0xc0, 0x0,
    0x3c, 0x0, 0x3, 0xc0, 0x0, 0x7c, 0x0, 0x7,
    0xc0, 0x0, 0xfc, 0x0, 0x3f, 0xff, 0xef, 0xff,
    0xfe, 0xff, 0xff, 0xef, 0xff, 0xfe, 0x7, 0xc0,
    0x0, 0x7c, 0x0, 0x7, 0xc0, 0x0, 0x7c, 0x0,
    0x7, 0xc0, 0x0, 0x7c, 0x0, 0x7, 0xc0, 0x0,
    0x7c, 0x0, 0x7, 0xc0, 0x0, 0x7c, 0x0, 0x7,
    0xc0, 0x0, 0x7c, 0x0, 0x7, 0xc0, 0x0, 0x7c,
    0x0, 0x7, 0xc0, 0x0, 0x7c, 0x0, 0x7, 0xc0,
    0x0, 0x7c, 0x0, 0x7, 0xc0, 0x0, 0x7c, 0x0,
    0x7, 0xc0, 0x0, 0x7c, 0x0, 0x7, 0xe0, 0x0,
    0x3f, 0x0, 0x3, 0xff, 0xf0, 0x1f, 0xff, 0x0,
    0xff, 0xf0, 0x7, 0xff, 0x0, 0x6, 0x0,

    /* U+0075 "u" */
    0xf8, 0x0, 0x3, 0xff, 0x0, 0x0, 0x7f, 0xe0,
    0x0, 0xf, 0xfc, 0x0, 0x1, 0xff, 0x80, 0x0,
    0x3f, 0xf0, 0x0, 0x7, 0xfe, 0x0, 0x0, 0xff,
    0xc0, 0x0, 0x1f, 0xf8, 0x0, 0x3, 0xff, 0x0,
    0x0, 0x7f, 0xe0, 0x0, 0xf, 0xfc, 0x0, 0x1,
    0xff, 0x80, 0x0, 0x3f, 0xf0, 0x0, 0x7, 0xfe,
    0x0, 0x0, 0xff, 0xc0, 0x0, 0x1f, 0xf8, 0x0,
    0x3, 0xff, 0x0, 0x0, 0x7f, 0xe0, 0x0, 0xf,
    0xfc, 0x0, 0x1, 0xff, 0x80, 0x0, 0x3f, 0xf0,
    0x0, 0x7, 0xfe, 0x0, 0x1, 0xff, 0xc0, 0x0,
    0x3f, 0xfc, 0x0, 0xf, 0xef, 0x80, 0x1, 0xfd,
    0xf8, 0x0, 0x7f, 0xbf, 0x80, 0x3f, 0xf3, 0xff,
    0xff, 0xfe, 0x3f, 0xff, 0xf7, 0xc3, 0xff, 0xf8,
    0x78, 0x1f, 0xfc, 0xf, 0x0, 0x18, 0x0, 0x0,

    /* U+0076 "v" */
    0xfc, 0x0, 0x0, 0x7d, 0xf0, 0x0, 0x3, 0xf7,
    0xe0, 0x0, 0xf, 0xdf, 0x80, 0x0, 0x3e, 0x3e,
    0x0, 0x1, 0xf8, 0xfc, 0x0, 0x7, 0xc3, 0xf0,
    0x0, 0x3f, 0x7, 0xc0, 0x0, 0xfc, 0x1f, 0x80,
    0x3, 0xe0, 0x3e, 0x0, 0x1f, 0x80, 0xf8, 0x0,
    0x7c, 0x3, 0xf0, 0x1, 0xf0, 0x7, 0xc0, 0xf,
    0xc0, 0x1f, 0x80, 0x3e, 0x0, 0x3e, 0x0, 0xf8,
    0x0, 0xf8, 0x7, 0xe0, 0x3, 0xf0, 0x1f, 0x0,
    0x7, 0xc0, 0xfc, 0x0, 0x1f, 0x3, 0xe0, 0x0,
    0x7e, 0xf, 0x80, 0x0, 0xf8, 0x7e, 0x0, 0x3,
    0xe1, 0xf0, 0x0, 0x7, 0xc7, 0xc0, 0x0, 0x1f,
    0x3f, 0x0, 0x0, 0x7c, 0xf8, 0x0, 0x0, 0xfb,
    0xe0, 0x0, 0x3, 0xff, 0x0, 0x0, 0xf, 0xfc,
    0x0, 0x0, 0x1f, 0xf0, 0x0, 0x0, 0x7f, 0x80,
    0x0, 0x0, 0xfe, 0x0, 0x0, 0x3, 0xf0, 0x0,

    /* U+0077 "w" */
    0xf8, 0x0, 0xf, 0xc0, 0x0, 0xfb, 0xf0, 0x0,
    0x7f, 0x0, 0x3, 0xef, 0xc0, 0x1, 0xfc, 0x0,
    0x1f, 0x9f, 0x0, 0x7, 0xf8, 0x0, 0x7e, 0x7c,
    0x0, 0x3f, 0xe0, 0x1, 0xf1, 0xf8, 0x0, 0xff,
    0x80, 0x7, 0xc7, 0xe0, 0x3, 0xdf, 0x0, 0x3f,
    0xf, 0x80, 0x1f, 0x7c, 0x0, 0xf8, 0x3e, 0x0,
    0x7d, 0xf0, 0x3, 0xe0, 0xfc, 0x1, 0xf3, 0xc0,
    0xf, 0x81, 0xf0, 0xf, 0x8f, 0x80, 0x7e, 0x7,
    0xc0, 0x3e, 0x3e, 0x1, 0xf0, 0x1f, 0x0, 0xf8,
    0xf8, 0x7, 0xc0, 0x7e, 0x7, 0xc1, 0xf0, 0x1f,
    0x0, 0xf8, 0x1f, 0x7, 0xc0, 0xf8, 0x3, 0xe0,
    0x7c, 0x1f, 0x3, 0xe0, 0xf, 0x81, 0xe0, 0x3e,
    0xf, 0x80, 0x3f, 0xf, 0x80, 0xf8, 0x7e, 0x0,
    0x7c, 0x3e, 0x3, 0xe1, 0xf0, 0x1, 0xf0, 0xf0,
    0x7, 0x87, 0xc0, 0x7, 0xc7, 0xc0, 0x1f, 0x1f,
    0x0, 0xf, 0x9f, 0x0, 0x7c, 0xfc, 0x0, 0x3e,
    0x7c, 0x1, 0xf3, 0xe0, 0x0, 0xf9, 0xe0, 0x3,
    0xef, 0x80, 0x3, 0xef, 0x80, 0xf, 0xbe, 0x0,
    0x7, 0xfe, 0x0, 0x3e, 0xf0, 0x0, 0x1f, 0xf0,
    0x0, 0x7f, 0xc0, 0x0, 0x7f, 0xc0, 0x1, 0xff,
    0x0, 0x0, 0xff, 0x0, 0x7, 0xfc, 0x0, 0x3,
    0xf8, 0x0, 0xf, 0xe0, 0x0, 0xf, 0xe0, 0x0,
    0x3f, 0x80, 0x0, 0x3f, 0x80, 0x0, 0xfe, 0x0,

    /* U+0078 "x" */
    0x7e, 0x0, 0x1, 0xf8, 0xfc, 0x0, 0xf, 0xc3,
    0xf0, 0x0, 0x7e, 0x7, 0xe0, 0x1, 0xf8, 0xf,
    0xc0, 0xf, 0xc0, 0x1f, 0x0, 0x7e, 0x0, 0x7e,
    0x1, 0xf0, 0x0, 0xfc, 0xf, 0xc0, 0x1, 0xf0,
    0x7e, 0x0, 0x7, 0xe1, 0xf0, 0x0, 0xf, 0xcf,
    0xc0, 0x0, 0x1f, 0xfe, 0x0, 0x0, 0x7f, 0xf0,
    0x0, 0x0, 0xff, 0x80, 0x0, 0x1, 0xfe, 0x0,
    0x0, 0x3, 0xf0, 0x0, 0x0, 0x1f, 0xe0, 0x0,
    0x0, 0xff, 0x80, 0x0, 0x3, 0xff, 0x0, 0x0,
    0x1f, 0xfe, 0x0, 0x0, 0xfc, 0xf8, 0x0, 0x3,
    0xe3, 0xf0, 0x0, 0x1f, 0x87, 0xe0, 0x0, 0xfc,
    0xf, 0xc0, 0x7, 0xe0, 0x1f, 0x0, 0x1f, 0x80,
    0x7e, 0x0, 0xfc, 0x0, 0xfc, 0x7, 0xe0, 0x1,
    0xf0, 0x1f, 0x0, 0x7, 0xe0, 0xfc, 0x0, 0xf,
    0xc7, 0xe0, 0x0, 0x1f, 0xbf, 0x0, 0x0, 0x7e,

    /* U+0079 "y" */
    0x7c, 0x0, 0x0, 0x7e, 0xfc, 0x0, 0x0, 0xf9,
    0xf8, 0x0, 0x3, 0xf1, 0xf0, 0x0, 0x7, 0xe3,
    0xf0, 0x0, 0xf, 0x83, 0xe0, 0x0, 0x3f, 0x7,
    0xe0, 0x0, 0x7c, 0xf, 0xc0, 0x0, 0xf8, 0xf,
    0x80, 0x3, 0xf0, 0x1f, 0x80, 0x7, 0xc0, 0x1f,
    0x0, 0x1f, 0x80, 0x3e, 0x0, 0x3f, 0x0, 0x7e,
    0x0, 0x7c, 0x0, 0x7c, 0x1, 0xf8, 0x0, 0xfc,
    0x3, 0xe0, 0x0, 0xf8, 0x7, 0xc0, 0x1, 0xf0,
    0x1f, 0x80, 0x3, 0xf0, 0x3e, 0x0, 0x3, 0xe0,
    0x7c, 0x0, 0x7, 0xc1, 0xf0, 0x0, 0x7, 0xc3,
    0xe0, 0x0, 0xf, 0x87, 0xc0, 0x0, 0x1f, 0x9f,
    0x0, 0x0, 0x1f, 0x3e, 0x0, 0x0, 0x3e, 0x7c,
    0x0, 0x0, 0x3d, 0xf0, 0x0, 0x0, 0x7f, 0xe0,
    0x0, 0x0, 0xff, 0x80, 0x0, 0x0, 0xff, 0x0,
    0x0, 0x1, 0xfe, 0x0, 0x0, 0x1, 0xf8, 0x0,
    0x0, 0x3, 0xf0, 0x0, 0x0, 0x7, 0xc0, 0x0,
    0x0, 0xf, 0x80, 0x0, 0x0, 0x3f, 0x0, 0x0,
    0x0, 0x7c, 0x0, 0x0, 0x0, 0xf8, 0x0, 0x0,
    0x3, 0xf0, 0x0, 0x0, 0x7, 0xc0, 0x0, 0x0,
    0x1f, 0x80, 0x0, 0x0, 0x7e, 0x0, 0x0, 0x3,
    0xf8, 0x0, 0x1, 0xff, 0xf0, 0x0, 0x3, 0xff,
    0xc0, 0x0, 0x7, 0xfe, 0x0, 0x0, 0xf, 0xf0,
    0x0, 0x0, 0x0,

    /* U+007A "z" */
    0x7f, 0xff, 0xfe, 0x7f, 0xff, 0xfe, 0x7f, 0xff,
    0xfe, 0x7f, 0xff, 0xfe, 0x0, 0x0, 0x7e, 0x0,
    0x0, 0xfc, 0x0, 0x1, 0xf8, 0x0, 0x1, 0xf0,
    0x0, 0x3, 0xf0, 0x0, 0x7, 0xe0, 0x0, 0x7,
    0xc0, 0x0, 0xf, 0xc0, 0x0, 0x1f, 0x80, 0x0,
    0x1f, 0x0, 0x0, 0x3f, 0x0, 0x0, 0x7e, 0x0,
    0x0, 0xfc, 0x0, 0x0, 0xf8, 0x0, 0x1, 0xf8,
    0x0, 0x3, 0xf0, 0x0, 0x3, 0xe0, 0x0, 0x7,
    0xe0, 0x0, 0xf, 0xc0, 0x0, 0xf, 0x80, 0x0,
    0x1f, 0x0, 0x0, 0x3f, 0x0, 0x0, 0x7e, 0x0,
    0x0, 0x7c, 0x0, 0x0, 0xff, 0xff, 0xff, 0xff,
    0xff, 0xff, 0xff, 0xff, 0xff, 0xff, 0xff, 0xff,

    /* U+007B "{" */
    0x0, 0x0, 0xf0, 0x0, 0x7f, 0x0, 0x1f, 0xf0,
    0x3, 0xff, 0x0, 0x7f, 0x80, 0x7, 0xe0, 0x0,
    0xfc, 0x0, 0xf, 0x80, 0x0, 0xf8, 0x0, 0xf,
    0x80, 0x0, 0xf8, 0x0, 0xf, 0x80, 0x0, 0xf8,
    0x0, 0xf, 0x80, 0x0, 0xf8, 0x0, 0xf, 0x80,
    0x0, 0xf8, 0x0, 0xf, 0x80, 0x0, 0xf8, 0x0,
    0xf, 0x80, 0x0, 0xf8, 0x0, 0x1f, 0x0, 0x3,
    0xf0, 0x0, 0xfe, 0x0, 0xff, 0xc0, 0xf, 0xf0,
    0x0, 0xff, 0x0, 0xf, 0xfc, 0x0, 0xf, 0xe0,
    0x0, 0x3f, 0x0, 0x1, 0xf8, 0x0, 0xf, 0x80,
    0x0, 0xf8, 0x0, 0xf, 0x80, 0x0, 0xf8, 0x0,
    0xf, 0x80, 0x0, 0xf8, 0x0, 0xf, 0x80, 0x0,
    0xf8, 0x0, 0xf, 0x80, 0x0, 0xf8, 0x0, 0xf,
    0x80, 0x0, 0xf8, 0x0, 0xf, 0x80, 0x0, 0xf8,
    0x0, 0xf, 0xc0, 0x0, 0x7e, 0x0, 0x7, 0xf8,
    0x0, 0x3f, 0xf0, 0x1, 0xff, 0x0, 0xf, 0xf0,
    0x0, 0x1f,

    /* U+007C "|" */
    0xff, 0xff, 0xff, 0xff, 0xff, 0xff, 0xff, 0xff,
    0xff, 0xff, 0xff, 0xff, 0xff, 0xff, 0xff, 0xff,
    0xff, 0xff, 0xff, 0xff, 0xff, 0xff, 0xff, 0xff,
    0xff, 0xff, 0xff, 0xff, 0xff, 0xff, 0xff, 0xff,
    0xff, 0xff, 0xff, 0xff, 0xff, 0xff, 0x80,

    /* U+007D "}" */
    0xf8, 0x0, 0xf, 0xf0, 0x0, 0xff, 0x80, 0xf,
    0xfc, 0x0, 0xf, 0xe0, 0x0, 0x7e, 0x0, 0x3,
    0xf0, 0x0, 0x1f, 0x0, 0x1, 0xf0, 0x0, 0x1f,
    0x0, 0x1, 0xf0, 0x0, 0x1f, 0x0, 0x1, 0xf0,
    0x0, 0x1f, 0x0, 0x1, 0xf0, 0x0, 0x1f, 0x0,
    0x1, 0xf0, 0x0, 0x1f, 0x0, 0x1, 0xf0, 0x0,
    0x1f, 0x0, 0x1, 0xf0, 0x0, 0x1f, 0x80, 0x0,
    0xfc, 0x0, 0x7, 0xf0, 0x0, 0x3f, 0xf0, 0x0,
    0xff, 0x0, 0xf, 0xf0, 0x3, 0xff, 0x0, 0x7f,
    0x0, 0xf, 0xc0, 0x1, 0xf8, 0x0, 0x1f, 0x0,
    0x1, 0xf0, 0x0, 0x1f, 0x0, 0x1, 0xf0, 0x0,
    0x1f, 0x0, 0x1, 0xf0, 0x0, 0x1f, 0x0, 0x1,
    0xf0, 0x0, 0x1f, 0x0, 0x1, 0xf0, 0x0, 0x1f,
    0x0, 0x1, 0xf0, 0x0, 0x1f, 0x0, 0x1, 0xf0,
    0x0, 0x3f, 0x0, 0x7, 0xe0, 0x0, 0xfe, 0x0,
    0xff, 0xc0, 0xf, 0xf8, 0x0, 0xfe, 0x0, 0xf,
    0x80, 0x0,

    /* U+007E "~" */
    0xf, 0xe0, 0x0, 0x3, 0xff, 0xc0, 0x1, 0x7f,
    0xff, 0x0, 0x7f, 0xff, 0xfc, 0x1f, 0xf8, 0x3f,
    0xff, 0xfe, 0x0, 0xff, 0xfe, 0x80, 0x3, 0xff,
    0xc0, 0x0, 0x7, 0xf0,

    /* U+00A0 " " */
    0x0,

    /* U+00A1 "¡" */
    0x10, 0xfb, 0xff, 0xff, 0xff, 0xff, 0xbe, 0x10,
    0x0, 0x0, 0x0, 0x7, 0xe, 0x1c, 0x38, 0x70,
    0xe3, 0xc7, 0x8f, 0x1f, 0x3e, 0x7c, 0xf9, 0xf3,
    0xe7, 0xcf, 0x9f, 0x3e, 0x7c, 0xf9, 0xf3, 0xe7,
    0xcf, 0x9f, 0x3e, 0x7d, 0xfb, 0xf7, 0xe0,

    /* U+00A2 "¢" */
    0x0, 0xf, 0x0, 0x0, 0xf, 0x0, 0x0, 0xf,
    0x0, 0x0, 0xf, 0x0, 0x0, 0xf, 0x0, 0x0,
    0xf, 0x0, 0x0, 0x3f, 0xf0, 0x0, 0xff, 0xff,
    0x3, 0xff, 0xfe, 0xf, 0xff, 0xfe, 0xf, 0xe0,
    0x3c, 0x1f, 0x80, 0x0, 0x3f, 0x0, 0x0, 0x3e,
    0x0, 0x0, 0x7e, 0x0, 0x0, 0x7c, 0x0, 0x0,
    0x7c, 0x0, 0x0, 0xf8, 0x0, 0x0, 0xf8, 0x0,
    0x0, 0xf8, 0x0, 0x0, 0xf8, 0x0, 0x0, 0xf8,
    0x0, 0x0, 0xf8, 0x0, 0x0, 0xf8, 0x0, 0x0,
    0xf8, 0x0, 0x0, 0xf8, 0x0, 0x0, 0xf8, 0x0,
    0x0, 0xf8, 0x0, 0x0, 0x7c, 0x0, 0x0, 0x7c,
    0x0, 0x0, 0x7c, 0x0, 0x0, 0x3e, 0x0, 0x0,
    0x3f, 0x0, 0x0, 0x1f, 0x80, 0x2, 0x1f, 0xe0,
    0x1e, 0xf, 0xff, 0xfe, 0x3, 0xff, 0xfe, 0x1,
    0xff, 0xfe, 0x0, 0x3f, 0xf0, 0x0, 0xf, 0x0,
    0x0, 0xf, 0x0, 0x0, 0xf, 0x0, 0x0, 0xf,
    0x0, 0x0, 0xf, 0x0, 0x0, 0xf, 0x0,

    /* U+00A3 "£" */
    0x0, 0x0, 0x0, 0x0, 0x0, 0x1f, 0xfe, 0x0,
    0x1, 0xff, 0xff, 0x0, 0x1f, 0xff, 0xfc, 0x0,
    0xff, 0xff, 0xf0, 0x3, 0xf0, 0x7, 0x80, 0x1f,
    0x80, 0x2, 0x0, 0x7c, 0x0, 0x0, 0x3, 0xf0,
    0x0, 0x0, 0xf, 0x80, 0x0, 0x0, 0x3e, 0x0,
    0x0, 0x0, 0xf8, 0x0, 0x0, 0x3, 0xe0, 0x0,
    0x0, 0xf, 0x80, 0x0, 0x0, 0x3e, 0x0, 0x0,
    0x0, 0xf8, 0x0, 0x0, 0x3, 0xe0, 0x0, 0x0,
    0xf, 0x80, 0x0, 0x0, 0x3e, 0x0, 0x0, 0x0,
    0xf8, 0x0, 0x0, 0x3, 0xe0, 0x0, 0x3, 0xff,
    0xff, 0xf8, 0xf, 0xff, 0xff, 0xe0, 0x3f, 0xff,
    0xff, 0x80, 0xff, 0xff, 0xfe, 0x0, 0xf, 0x80,
    0x0, 0x0, 0x3e, 0x0, 0x0, 0x0, 0xf8, 0x0,
    0x0, 0x3, 0xe0, 0x0, 0x0, 0xf, 0x80, 0x0,
    0x0, 0x3e, 0x0, 0x0, 0x0, 0xf8, 0x0, 0x0,
    0x3, 0xe0, 0x0, 0x0, 0xf, 0x80, 0x0, 0x0,
    0x3e, 0x0, 0x0, 0x1, 0xf0, 0x0, 0x0, 0x7,
    0xc0, 0x0, 0x0, 0x3e, 0x0, 0x0, 0x3, 0xf0,
    0x0, 0x0, 0x3f, 0xff, 0xff, 0xff, 0xff, 0xff,
    0xff, 0xff, 0xff, 0xff, 0xff, 0xff, 0xff, 0xff,
    0xff, 0xff, 0xff, 0xff, 0xff,

    /* U+00A5 "¥" */
    0x7c, 0x0, 0x0, 0x1f, 0x3f, 0x0, 0x0, 0x1f,
    0x8f, 0x80, 0x0, 0xf, 0x87, 0xe0, 0x0, 0xf,
    0xc1, 0xf0, 0x0, 0x7, 0xc0, 0xfc, 0x0, 0x7,
    0xe0, 0x3e, 0x0, 0x3, 0xe0, 0x1f, 0x80, 0x3,
    0xf0, 0x7, 0xc0, 0x1, 0xf0, 0x1, 0xf0, 0x1,
    0xf0, 0x0, 0xf8, 0x0, 0xf8, 0x0, 0x3e, 0x0,
    0xf8, 0x0, 0x1f, 0x0, 0x7c, 0x0, 0x7, 0xc0,
    0x7c, 0x0, 0x3, 0xe0, 0x3e, 0x0, 0x0, 0xf8,
    0x3e, 0x0, 0x0, 0x7c, 0x1f, 0x0, 0x0, 0x1f,
    0x1f, 0x0, 0x0, 0xf, 0x8f, 0x80, 0x0, 0x3,
    0xef, 0x80, 0x0, 0x1, 0xf7, 0x80, 0x0, 0x0,
    0x7f, 0xc0, 0x0, 0x1f, 0xff, 0xff, 0xc0, 0xf,
    0xff, 0xff, 0xe0, 0x7, 0xff, 0xff, 0xf0, 0x3,
    0xff, 0xff, 0xf8, 0x0, 0x0, 0xf8, 0x0, 0x0,
    0x0, 0x7c, 0x0, 0x0, 0x0, 0x3e, 0x0, 0x0,
    0x0, 0x1f, 0x0, 0x0, 0x0, 0xf, 0x80, 0x0,
    0xf, 0xff, 0xff, 0xe0, 0x7, 0xff, 0xff, 0xf0,
    0x3, 0xff, 0xff, 0xf8, 0x1, 0xff, 0xff, 0xfc,
    0x0, 0x0, 0x7c, 0x0, 0x0, 0x0, 0x3e, 0x0,
    0x0, 0x0, 0x1f, 0x0, 0x0, 0x0, 0xf, 0x80,
    0x0, 0x0, 0x7, 0xc0, 0x0, 0x0, 0x3, 0xe0,
    0x0, 0x0, 0x1, 0xf0, 0x0, 0x0, 0x0, 0xf8,
    0x0, 0x0,

    /* U+00A7 "§" */
    0x0, 0xff, 0xe0, 0x7, 0xff, 0xfc, 0x1f, 0xff,
    0xfe, 0x3f, 0xff, 0xfe, 0x3f, 0x0, 0x7c, 0x7e,
    0x0, 0xc, 0x7c, 0x0, 0x0, 0x7c, 0x0, 0x0,
    0x7c, 0x0, 0x0, 0x7e, 0x0, 0x0, 0x3f, 0x0,
    0x0, 0x3f, 0xc0, 0x0, 0x1f, 0xf0, 0x0, 0xf,
    0xfe, 0x0, 0x3, 0xff, 0x80, 0xf, 0xff, 0xe0,
    0x1f, 0xbf, 0xf8, 0x3f, 0x7, 0xfc, 0x3e, 0x1,
    0xfe, 0x7c, 0x0, 0x7e, 0x7c, 0x0, 0x3f, 0x7c,
    0x0, 0x1f, 0x7c, 0x0, 0x1f, 0x7c, 0x0, 0x1f,
    0x7e, 0x0, 0x1f, 0x3f, 0x0, 0x1f, 0x3f, 0xc0,
    0x3e, 0x1f, 0xf0, 0x7e, 0xf, 0xfc, 0xfc, 0x3,
    0xff, 0xf8, 0x0, 0xff, 0xe0, 0x0, 0x3f, 0xf0,
    0x0, 0x7, 0xfc, 0x0, 0x1, 0xfe, 0x0, 0x0,
    0x7e, 0x0, 0x0, 0x3f, 0x0, 0x0, 0x1f, 0x0,
    0x0, 0x1f, 0x0, 0x0, 0x1f, 0x0, 0x0, 0x3f,
    0xe0, 0x0, 0x3e, 0xfe, 0x1, 0xfe, 0xff, 0xff,
    0xfc, 0xff, 0xff, 0xf8, 0x7f, 0xff, 0xe0, 0x7,
    0xff, 0x0,

    /* U+00A9 "©" */
    0x0, 0x0, 0x7f, 0xe0, 0x0, 0x0, 0x0, 0x3f,
    0xff, 0xc0, 0x0, 0x0, 0x1f, 0xff, 0xff, 0x0,
    0x0, 0x3, 0xf8, 0x1, 0xfc, 0x0, 0x0, 0xfc,
    0x0, 0x3, 0xf0, 0x0, 0x1f, 0x0, 0x0, 0xf,
    0x80, 0x3, 0xe0, 0x0, 0x0, 0x7c, 0x0, 0x78,
    0x0, 0x0, 0x3, 0xe0, 0xf, 0x0, 0x1f, 0xe0,
    0xf, 0x0, 0xe0, 0x7, 0xff, 0xc0, 0xf0, 0x1e,
    0x1, 0xff, 0xfe, 0x7, 0x83, 0xc0, 0x3f, 0xff,
    0xc0, 0x38, 0x38, 0x3, 0xf8, 0x3c, 0x1, 0xc7,
    0x80, 0x7e, 0x0, 0x0, 0x1c, 0x70, 0xf, 0xc0,
    0x0, 0x0, 0xe7, 0x0, 0xf8, 0x0, 0x0, 0xe,
    0x70, 0xf, 0x80, 0x0, 0x0, 0xee, 0x1, 0xf0,
    0x0, 0x0, 0xf, 0xe0, 0x1f, 0x0, 0x0, 0x0,
    0x7e, 0x1, 0xf0, 0x0, 0x0, 0x7, 0xe0, 0x1f,
    0x0, 0x0, 0x0, 0x7e, 0x1, 0xf0, 0x0, 0x0,
    0x7, 0xe0, 0x1f, 0x0, 0x0, 0x0, 0x7e, 0x1,
    0xf0, 0x0, 0x0, 0x7, 0xe0, 0x1f, 0x0, 0x0,
    0x0, 0x7e, 0x1, 0xf0, 0x0, 0x0, 0x7, 0xe0,
    0xf, 0x80, 0x0, 0x0, 0xf7, 0x0, 0xf8, 0x0,
    0x0, 0xe, 0x70, 0xf, 0xc0, 0x0, 0x0, 0xe7,
    0x0, 0x7e, 0x0, 0x0, 0xe, 0x78, 0x7, 0xf0,
    0x1c, 0x1, 0xe3, 0x80, 0x3f, 0xff, 0xc0, 0x1c,
    0x3c, 0x1, 0xff, 0xfc, 0x3, 0xc1, 0xe0, 0x7,
    0xff, 0xc0, 0x78, 0xf, 0x0, 0x1f, 0xe0, 0xf,
    0x0, 0xf0, 0x0, 0x0, 0x0, 0xf0, 0x7, 0x80,
    0x0, 0x0, 0x3e, 0x0, 0x3e, 0x0, 0x0, 0x7,
    0xc0, 0x1, 0xf0, 0x0, 0x0, 0xf8, 0x0, 0xf,
    0xc0, 0x0, 0x3f, 0x0, 0x0, 0x3f, 0xc0, 0x3f,
    0xc0, 0x0, 0x1, 0xff, 0xff, 0xf8, 0x0, 0x0,
    0x7, 0xff, 0xfe, 0x0, 0x0, 0x0, 0x7, 0xfe,
    0x0, 0x0,

    /* U+00AA "ª" */
    0xf, 0xf8, 0x3f, 0xff, 0xf, 0x7, 0xc4, 0x1,
    0xe0, 0x0, 0x78, 0x0, 0x3c, 0x0, 0x1e, 0x0,
    0xf, 0x7, 0xff, 0x8f, 0xff, 0xdf, 0x1, 0xef,
    0x0, 0xff, 0x0, 0x7f, 0x80, 0x3f, 0xc0, 0x1f,
    0xe0, 0x1f, 0xf0, 0x1f, 0xbc, 0x1f, 0xcf, 0xff,
    0xe3, 0xf8, 0x70,

    /* U+00AB "«" */
    0x0, 0x70, 0x7, 0x0, 0x1f, 0x1, 0xf0, 0xf,
    0x80, 0xf8, 0x7, 0xe0, 0x7c, 0x3, 0xf0, 0x3f,
    0x1, 0xf8, 0x1f, 0x80, 0xfc, 0xf, 0xc0, 0x7e,
    0x7, 0xe0, 0x1f, 0x1, 0xf0, 0xf, 0xc0, 0xfc,
    0x7, 0xe0, 0x7e, 0x3, 0xf0, 0x3f, 0x0, 0xfc,
    0xf, 0xc0, 0x1f, 0x81, 0xf8, 0x3, 0xf0, 0x3f,
    0x0, 0x7c, 0x7, 0xc0, 0x1f, 0x81, 0xf8, 0x3,
    0xf0, 0x3f, 0x0, 0x7e, 0x7, 0xe0, 0xf, 0xc0,
    0xfc, 0x1, 0xf0, 0x1f, 0x0, 0x3e, 0x3, 0xe0,
    0xf, 0xc0, 0xfc, 0x1, 0xc0, 0x1c, 0x0, 0x0,
    0x0, 0x0,

    /* U+00AC "¬" */
    0xff, 0xff, 0xff, 0xff, 0xff, 0xff, 0xff, 0xff,
    0xff, 0xff, 0xff, 0xff, 0xff, 0xff, 0xf0, 0x0,
    0x0, 0xf, 0x80, 0x0, 0x0, 0x7c, 0x0, 0x0,
    0x3, 0xe0, 0x0, 0x0, 0x1f, 0x0, 0x0, 0x0,
    0xf8, 0x0, 0x0, 0x7, 0xc0, 0x0, 0x0, 0x3e,
    0x0, 0x0, 0x1, 0xf0, 0x0, 0x0, 0xf, 0x80,
    0x0, 0x0, 0x7c, 0x0, 0x0, 0x3, 0xe0, 0x0,
    0x0, 0x1f,

    /* U+00AD "­" */
    0xff, 0xff, 0xff, 0xff, 0xff, 0xff, 0xff, 0xf0,

    /* U+00AE "®" */
    0x0, 0x0, 0x7f, 0xe0, 0x0, 0x0, 0x0, 0x3f,
    0xff, 0xc0, 0x0, 0x0, 0x1f, 0xff, 0xff, 0x0,
    0x0, 0x3, 0xf8, 0x1, 0xfc, 0x0, 0x0, 0xfc,
    0x0, 0x3, 0xf0, 0x0, 0x1f, 0x0, 0x0, 0xf,
    0x80, 0x3, 0xe0, 0x0, 0x0, 0x7c, 0x0, 0x78,
    0x0, 0x0, 0x3, 0xe0, 0xf, 0x0, 0x0, 0x0,
    0xf, 0x0, 0xe0, 0x3f, 0xfc, 0x0, 0xf0, 0x1e,
    0x3, 0xff, 0xf0, 0x7, 0x83, 0xc0, 0x3f, 0xff,
    0x80, 0x38, 0x38, 0x3, 0xff, 0xfc, 0x1, 0xc7,
    0x80, 0x3e, 0xf, 0xc0, 0x1c, 0x70, 0x3, 0xe0,
    0x7e, 0x0, 0xe7, 0x0, 0x3e, 0x3, 0xe0, 0xe,
    0x70, 0x3, 0xe0, 0x3e, 0x0, 0xee, 0x0, 0x3e,
    0x3, 0xe0, 0xf, 0xe0, 0x3, 0xe0, 0x3e, 0x0,
    0x7e, 0x0, 0x3e, 0x7, 0xe0, 0x7, 0xe0, 0x3,
    0xe0, 0xfc, 0x0, 0x7e, 0x0, 0x3f, 0xff, 0x80,
    0x7, 0xe0, 0x3, 0xff, 0xf0, 0x0, 0x7e, 0x0,
    0x3f, 0xfc, 0x0, 0x7, 0xe0, 0x3, 0xff, 0xe0,
    0x0, 0x7e, 0x0, 0x3e, 0x1e, 0x0, 0x7, 0xe0,
    0x3, 0xe1, 0xf0, 0x0, 0xf7, 0x0, 0x3e, 0xf,
    0x0, 0xe, 0x70, 0x3, 0xe0, 0xf8, 0x0, 0xe7,
    0x0, 0x3e, 0x7, 0xc0, 0xe, 0x78, 0x3, 0xe0,
    0x7c, 0x1, 0xe3, 0x80, 0x3e, 0x3, 0xe0, 0x1c,
    0x3c, 0x3, 0xe0, 0x3f, 0x3, 0xc1, 0xe0, 0x3e,
    0x1, 0xf0, 0x78, 0xf, 0x3, 0xe0, 0x1f, 0x8f,
    0x0, 0xf0, 0x0, 0x0, 0x0, 0xf0, 0x7, 0x80,
    0x0, 0x0, 0x3e, 0x0, 0x3e, 0x0, 0x0, 0x7,
    0xc0, 0x1, 0xf0, 0x0, 0x0, 0xf8, 0x0, 0xf,
    0xc0, 0x0, 0x3f, 0x0, 0x0, 0x3f, 0xc0, 0x3f,
    0xc0, 0x0, 0x1, 0xff, 0xff, 0xf8, 0x0, 0x0,
    0x7, 0xff, 0xfe, 0x0, 0x0, 0x0, 0x7, 0xfe,
    0x0, 0x0,

    /* U+00AF "¯" */
    0xff, 0xff, 0xff, 0xff, 0xff, 0xff, 0xff, 0xff,
    0xff, 0xff, 0xff, 0xff, 0xff, 0xff, 0xff,

    /* U+00B0 "°" */
    0x3, 0xf8, 0x1, 0xff, 0xc0, 0x7f, 0xfc, 0x1f,
    0xff, 0xc7, 0xe0, 0xfc, 0xf0, 0x7, 0xbe, 0x0,
    0xff, 0x80, 0xf, 0xf0, 0x1, 0xfe, 0x0, 0x3f,
    0xc0, 0x7, 0xf8, 0x0, 0xff, 0x80, 0x3e, 0xf0,
    0x7, 0x9f, 0x83, 0xf1, 0xff, 0xfc, 0x1f, 0xff,
    0x1, 0xff, 0xc0, 0xf, 0xe0, 0x0,

    /* U+00B1 "±" */
    0x0, 0xf, 0x80, 0x0, 0x0, 0xf8, 0x0, 0x0,
    0xf, 0x80, 0x0, 0x0, 0xf8, 0x0, 0x0, 0xf,
    0x80, 0x0, 0x0, 0xf8, 0x0, 0x0, 0xf, 0x80,
    0x0, 0x0, 0xf8, 0x0, 0x0, 0xf, 0x80, 0x0,
    0x0, 0xf8, 0x0, 0x0, 0xf, 0x80, 0x0, 0x0,
    0xf8, 0x0, 0x0, 0xf, 0x80, 0xf, 0xff, 0xff,
    0xff, 0xff, 0xff, 0xff, 0xff, 0xff, 0xff, 0xff,
    0xff, 0xff, 0xff, 0xf0, 0x0, 0xf8, 0x0, 0x0,
    0xf, 0x80, 0x0, 0x0, 0xf8, 0x0, 0x0, 0xf,
    0x80, 0x0, 0x0, 0xf8, 0x0, 0x0, 0xf, 0x80,
    0x0, 0x0, 0xf8, 0x0, 0x0, 0xf, 0x80, 0x0,
    0x0, 0xf8, 0x0, 0x0, 0xf, 0x80, 0x0, 0x0,
    0xf8, 0x0, 0x0, 0xf, 0x80, 0x0, 0x0, 0x0,
    0x0, 0x0, 0x0, 0x0, 0x0, 0x0, 0x0, 0x0,
    0xff, 0xff, 0xff, 0xff, 0xff, 0xff, 0xff, 0xff,
    0xff, 0xff, 0xff, 0xff, 0xff, 0xff,

    /* U+00B2 "²" */
    0xf, 0xf0, 0x3f, 0xfe, 0x1f, 0x7, 0x8e, 0x1,
    0xe2, 0x0, 0x70, 0x0, 0x3c, 0x0, 0x1e, 0x0,
    0xf, 0x0, 0x7, 0x80, 0x7, 0xc0, 0x3, 0xe0,
    0x3, 0xe0, 0x1, 0xf0, 0x1, 0xf0, 0x1, 0xf0,
    0x1, 0xf0, 0x1, 0xf8, 0x1, 0xf8, 0x1, 0xf8,
    0x1, 0xf8, 0x1, 0xf8, 0x0, 0xf8, 0x0, 0xf8,
    0x0, 0xf8, 0x0, 0xff, 0xff, 0xff, 0xff, 0xc0,

    /* U+00B3 "³" */
    0xf, 0xf0, 0x1f, 0xff, 0x7, 0xc1, 0xe1, 0xc0,
    0x3c, 0x20, 0x7, 0x80, 0x1, 0xe0, 0x0, 0x78,
    0x0, 0x1e, 0x0, 0x7, 0x80, 0x3, 0xc0, 0x0,
    0xf0, 0x0, 0xf8, 0xf, 0xfc, 0x3, 0xff, 0x0,
    0x1, 0xf0, 0x0, 0x1e, 0x0, 0x7, 0xc0, 0x0,
    0xf0, 0x0, 0x3c, 0x0, 0xf, 0x0, 0x3, 0xc0,
    0x0, 0xf0, 0x0, 0x7b, 0x0, 0x3e, 0xf8, 0x1f,
    0x3f, 0xff, 0x83, 0xff, 0x0,

    /* U+00B4 "´" */
    0x3, 0xf0, 0x7f, 0x7, 0xe0, 0xfc, 0x1f, 0x81,
    0xf0, 0x3e, 0x7, 0xc0, 0x78, 0xf, 0x0,

    /* U+00B5 "µ" */
    0xf8, 0x0, 0x3, 0xff, 0x0, 0x0, 0x7f, 0xe0,
    0x0, 0xf, 0xfc, 0x0, 0x1, 0xff, 0x80, 0x0,
    0x3f, 0xf0, 0x0, 0x7, 0xfe, 0x0, 0x0, 0xff,
    0xc0, 0x0, 0x1f, 0xf8, 0x0, 0x3, 0xff, 0x0,
    0x0, 0x7f, 0xe0, 0x0, 0xf, 0xfc, 0x0, 0x1,
    0xff, 0x80, 0x0, 0x3f, 0xf0, 0x0, 0x7, 0xfe,
    0x0, 0x0, 0xff, 0xc0, 0x0, 0x1f, 0xf8, 0x0,
    0x3, 0xff, 0x0, 0x0, 0x7f, 0xe0, 0x0, 0xf,
    0xfc, 0x0, 0x1, 0xff, 0x80, 0x0, 0x3f, 0xf0,
    0x0, 0x7, 0xfe, 0x0, 0x1, 0xff, 0xc0, 0x0,
    0x3f, 0xfc, 0x0, 0x7, 0xff, 0x80, 0x1, 0xff,
    0xf8, 0x0, 0x7f, 0xff, 0x80, 0x3f, 0xff, 0xff,
    0xff, 0xbf, 0xff, 0xff, 0xf7, 0xfe, 0xff, 0xf8,
    0x7f, 0xcf, 0xfc, 0xf, 0xf8, 0x18, 0x0, 0x1f,
    0x0, 0x0, 0x3, 0xe0, 0x0, 0x0, 0x7c, 0x0,
    0x0, 0xf, 0x80, 0x0, 0x1, 0xf0, 0x0, 0x0,
    0x3e, 0x0, 0x0, 0x7, 0xc0, 0x0, 0x0, 0xf8,
    0x0, 0x0, 0x1f, 0x0, 0x0, 0x3, 0xe0, 0x0,
    0x0, 0x7c, 0x0, 0x0, 0xf, 0x80, 0x0, 0x1,
    0xf0, 0x0, 0x0, 0x0,

    /* U+00B6 "¶" */
    0x0, 0x7f, 0xff, 0xfc, 0x7, 0xff, 0xff, 0xf0,
    0x7f, 0xff, 0xff, 0xc3, 0xff, 0xff, 0xff, 0x1f,
    0xff, 0xf0, 0x1c, 0xff, 0xff, 0xc0, 0x73, 0xff,
    0xff, 0x1, 0xcf, 0xff, 0xfc, 0x7, 0x7f, 0xff,
    0xf0, 0x1d, 0xff, 0xff, 0xc0, 0x77, 0xff, 0xff,
    0x1, 0xdf, 0xff, 0xfc, 0x7, 0x7f, 0xff, 0xf0,
    0x1d, 0xff, 0xff, 0xc0, 0x7f, 0xff, 0xff, 0x1,
    0xff, 0xff, 0xfc, 0x7, 0x7f, 0xff, 0xf0, 0x1d,
    0xff, 0xff, 0xc0, 0x77, 0xff, 0xff, 0x1, 0xdf,
    0xff, 0xfc, 0x7, 0x7f, 0xff, 0xf0, 0x1d, 0xff,
    0xff, 0xc0, 0x77, 0xff, 0xff, 0x1, 0xcf, 0xff,
    0xfc, 0x7, 0x3f, 0xff, 0xf0, 0x1c, 0x7f, 0xff,
    0xc0, 0x71, 0xff, 0xff, 0x1, 0xc3, 0xff, 0xfc,
    0x7, 0x7, 0xff, 0xf0, 0x1c, 0x7, 0xff, 0xc0,
    0x70, 0x0, 0x7, 0x1, 0xc0, 0x0, 0x1c, 0x7,
    0x0, 0x0, 0x70, 0x1c, 0x0, 0x1, 0xc0, 0x70,
    0x0, 0x7, 0x1, 0xc0, 0x0, 0x1c, 0x7, 0x0,
    0x0, 0x70, 0x1c, 0x0, 0x1, 0xc0, 0x70, 0x0,
    0x7, 0x1, 0xc0, 0x0, 0x1c, 0x7, 0x0, 0x0,
    0x70, 0x1c, 0x0, 0x1, 0xc0, 0x70, 0x0, 0x7,
    0x1, 0xc0, 0x0, 0x1c, 0x7, 0x0, 0x0, 0x70,
    0x1c, 0x0, 0x1, 0xc0, 0x70, 0x0, 0x7, 0x1,
    0xc0, 0x0, 0x1c, 0x7, 0x0, 0x0, 0x70, 0x1c,
    0x0, 0x1, 0xc0, 0x70, 0x0, 0x7, 0x1, 0xc0,
    0x0, 0x1c, 0x7, 0x0, 0x0, 0x70, 0x1c, 0x0,
    0x1, 0xc0, 0x70,

    /* U+00B7 "·" */
    0x38, 0xfb, 0xff, 0xff, 0xff, 0xdf, 0x1c,

    /* U+00B8 "¸" */
    0x7, 0x80, 0x38, 0x3, 0xc0, 0x1c, 0x1, 0xfc,
    0xf, 0xf8, 0x7, 0xc0, 0x1f, 0x0, 0xf8, 0x7,
    0xc0, 0x7f, 0xff, 0xef, 0xff, 0x7f, 0xe3, 0xfc,
    0x0,

    /* U+00B9 "¹" */
    0x1, 0xf0, 0x3f, 0xf, 0xf1, 0xff, 0x3e, 0xff,
    0xcf, 0x78, 0xf7, 0xf, 0x0, 0xf0, 0xf, 0x0,
    0xf0, 0xf, 0x0, 0xf0, 0xf, 0x0, 0xf0, 0xf,
    0x0, 0xf0, 0xf, 0x0, 0xf0, 0xf, 0x0, 0xf0,
    0xf, 0x0, 0xf0, 0xf, 0x0, 0xf0, 0xf,

    /* U+00BA "º" */
    0x3, 0xf8, 0x1, 0xff, 0xc0, 0x78, 0x3c, 0x1e,
    0x3, 0xc7, 0x80, 0x3c, 0xf0, 0x7, 0xbc, 0x0,
    0x7f, 0x80, 0xf, 0xf0, 0x1, 0xfe, 0x0, 0x3f,
    0xc0, 0x7, 0xf8, 0x0, 0xff, 0x0, 0x1f, 0xe0,
    0x3, 0xde, 0x0, 0xf3, 0xc0, 0x1e, 0x3c, 0x7,
    0x83, 0xc1, 0xe0, 0x3f, 0xf8, 0x1, 0xfc, 0x0,

    /* U+00BB "»" */
    0x38, 0x3, 0x80, 0x3f, 0x3, 0xe0, 0x7, 0xc0,
    0x7c, 0x0, 0xf8, 0x1f, 0x80, 0x3f, 0x3, 0xf0,
    0x7, 0xe0, 0x7e, 0x0, 0xfc, 0xf, 0xc0, 0x1f,
    0x81, 0xf0, 0x3, 0xe0, 0x3e, 0x0, 0xfc, 0xf,
    0xc0, 0x1f, 0x81, 0xf8, 0x3, 0xf0, 0x3f, 0x0,
    0xfc, 0xf, 0xc0, 0x7e, 0x7, 0xe0, 0x1f, 0x3,
    0xf0, 0xf, 0x80, 0xf8, 0x7, 0xe0, 0x7e, 0x3,
    0xf0, 0x3f, 0x1, 0xf8, 0x1f, 0x80, 0xfc, 0xf,
    0xc0, 0x3e, 0x3, 0xe0, 0x1f, 0x1, 0xf0, 0xf,
    0xc0, 0xfc, 0x0, 0xe0, 0xe, 0x0, 0x0, 0x0,
    0x0, 0x0,

    /* U+00C0 "À" */
    0x0, 0x1f, 0xc0, 0x0, 0x0, 0x0, 0x3f, 0x0,
    0x0, 0x0, 0x0, 0xfe, 0x0, 0x0, 0x0, 0x1,
    0xf8, 0x0, 0x0, 0x0, 0x3, 0xf0, 0x0, 0x0,
    0x0, 0x7, 0xe0, 0x0, 0x0, 0x0, 0xf, 0x80,
    0x0, 0x0, 0x0, 0x1f, 0x0, 0x0, 0x0, 0x0,
    0x3e, 0x0, 0x0, 0x0, 0x0, 0x78, 0x0, 0x0,
    0x0, 0x0, 0x0, 0x0, 0x0, 0x0, 0x0, 0x0,
    0x0, 0x0, 0x0, 0x0, 0x0, 0x0, 0x0, 0x0,
    0x0, 0x0, 0x0, 0x0, 0xf, 0x80, 0x0, 0x0,
    0x0, 0x3f, 0x0, 0x0, 0x0, 0x1, 0xfc, 0x0,
    0x0, 0x0, 0x7, 0xf8, 0x0, 0x0, 0x0, 0x1f,
    0xe0, 0x0, 0x0, 0x0, 0xff, 0x80, 0x0, 0x0,
    0x3, 0xff, 0x0, 0x0, 0x0, 0x1f, 0x7c, 0x0,
    0x0, 0x0, 0x7c, 0xf8, 0x0, 0x0, 0x1, 0xf3,
    0xe0, 0x0, 0x0, 0xf, 0x8f, 0x80, 0x0, 0x0,
    0x3e, 0x1f, 0x0, 0x0, 0x0, 0xf8, 0x7c, 0x0,
    0x0, 0x7, 0xc1, 0xf8, 0x0, 0x0, 0x1f, 0x3,
    0xe0, 0x0, 0x0, 0xfc, 0xf, 0x80, 0x0, 0x3,
    0xe0, 0x3f, 0x0, 0x0, 0xf, 0x80, 0x7c, 0x0,
    0x0, 0x7e, 0x1, 0xf0, 0x0, 0x1, 0xf0, 0x3,
    0xe0, 0x0, 0xf, 0xc0, 0xf, 0x80, 0x0, 0x3e,
    0x0, 0x3f, 0x0, 0x0, 0xf8, 0x0, 0x7c, 0x0,
    0x7, 0xe0, 0x1, 0xf0, 0x0, 0x1f, 0x0, 0x7,
    0xe0, 0x0, 0x7f, 0xff, 0xff, 0x80, 0x3, 0xff,
    0xff, 0xff, 0x0, 0xf, 0xff, 0xff, 0xfc, 0x0,
    0x7f, 0xff, 0xff, 0xf0, 0x1, 0xff, 0xff, 0xff,
    0xe0, 0x7, 0xc0, 0x0, 0x1f, 0x80, 0x3f, 0x0,
    0x0, 0x3e, 0x0, 0xf8, 0x0, 0x0, 0xfc, 0x7,
    0xe0, 0x0, 0x1, 0xf0, 0x1f, 0x80, 0x0, 0x7,
    0xe0, 0x7c, 0x0, 0x0, 0x1f, 0x83, 0xf0, 0x0,
    0x0, 0x3e, 0xf, 0x80, 0x0, 0x0, 0xfc, 0x7e,
    0x0, 0x0, 0x1, 0xf1, 0xf8, 0x0, 0x0, 0x7,
    0xe7, 0xc0, 0x0, 0x0, 0x1f, 0xbf, 0x0, 0x0,
    0x0, 0x3e, 0xf8, 0x0, 0x0, 0x0, 0xfc,

    /* U+00C1 "Á" */
    0x0, 0x0, 0x7, 0xf0, 0x0, 0x0, 0x0, 0x1f,
    0x80, 0x0, 0x0, 0x0, 0xfe, 0x0, 0x0, 0x0,
    0x3, 0xf0, 0x0, 0x0, 0x0, 0x1f, 0x80, 0x0,
    0x0, 0x0, 0xfc, 0x0, 0x0, 0x0, 0x3, 0xe0,
    0x0, 0x0, 0x0, 0x1f, 0x0, 0x0, 0x0, 0x0,
    0xf8, 0x0, 0x0, 0x0, 0x3, 0x80, 0x0, 0x0,
    0x0, 0x0, 0x0, 0x0, 0x0, 0x0, 0x0, 0x0,
    0x0, 0x0, 0x0, 0x0, 0x0, 0x0, 0x0, 0x0,
    0x0, 0x0, 0x0, 0x0, 0x7, 0xc0, 0x0, 0x0,
    0x0, 0x3f, 0x0, 0x0, 0x0, 0x0, 0xfe, 0x0,
    0x0, 0x0, 0x7, 0xf8, 0x0, 0x0, 0x0, 0x1f,
    0xe0, 0x0, 0x0, 0x0, 0x7f, 0xc0, 0x0, 0x0,
    0x3, 0xff, 0x0, 0x0, 0x0, 0xf, 0xbe, 0x0,
    0x0, 0x0, 0x7c, 0xf8, 0x0, 0x0, 0x1, 0xf3,
    0xe0, 0x0, 0x0, 0x7, 0xc7, 0xc0, 0x0, 0x0,
    0x3e, 0x1f, 0x0, 0x0, 0x0, 0xf8, 0x7e, 0x0,
    0x0, 0x3, 0xe0, 0xf8, 0x0, 0x0, 0x1f, 0x3,
    0xe0, 0x0, 0x0, 0x7c, 0xf, 0xc0, 0x0, 0x3,
    0xf0, 0x1f, 0x0, 0x0, 0xf, 0x80, 0x7c, 0x0,
    0x0, 0x3e, 0x0, 0xf8, 0x0, 0x1, 0xf8, 0x3,
    0xe0, 0x0, 0x7, 0xc0, 0xf, 0xc0, 0x0, 0x3f,
    0x0, 0x1f, 0x0, 0x0, 0xf8, 0x0, 0x7c, 0x0,
    0x3, 0xe0, 0x1, 0xf8, 0x0, 0x1f, 0x80, 0x3,
    0xe0, 0x0, 0x7f, 0xff, 0xff, 0xc0, 0x3, 0xff,
    0xff, 0xff, 0x0, 0xf, 0xff, 0xff, 0xfc, 0x0,
    0x3f, 0xff, 0xff, 0xf8, 0x1, 0xff, 0xff, 0xff,
    0xe0, 0x7, 0xc0, 0x0, 0xf, 0x80, 0x1f, 0x0,
    0x0, 0x3f, 0x0, 0xfc, 0x0, 0x0, 0x7c, 0x3,
    0xe0, 0x0, 0x1, 0xf8, 0x1f, 0x80, 0x0, 0x7,
    0xe0, 0x7e, 0x0, 0x0, 0xf, 0x81, 0xf0, 0x0,
    0x0, 0x3f, 0xf, 0xc0, 0x0, 0x0, 0x7c, 0x3e,
    0x0, 0x0, 0x1, 0xf9, 0xf8, 0x0, 0x0, 0x7,
    0xe7, 0xe0, 0x0, 0x0, 0xf, 0x9f, 0x0, 0x0,
    0x0, 0x3f, 0xfc, 0x0, 0x0, 0x0, 0x7c,

    /* U+00C2 "Â" */
    0x0, 0x0, 0xfc, 0x0, 0x0, 0x0, 0x7, 0xf8,
    0x0, 0x0, 0x0, 0x1f, 0xe0, 0x0, 0x0, 0x0,
    0xff, 0xc0, 0x0, 0x0, 0x7, 0xff, 0x80, 0x0,
    0x0, 0x3f, 0x3f, 0x0, 0x0, 0x1, 0xf0, 0x7e,
    0x0, 0x0, 0xf, 0x80, 0x7c, 0x0, 0x0, 0x7c,
    0x0, 0xf8, 0x0, 0x1, 0xe0, 0x1, 0xe0, 0x0,
    0x0, 0x0, 0x0, 0x0, 0x0, 0x0, 0x0, 0x0,
    0x0, 0x0, 0x0, 0x0, 0x0, 0x0, 0x0, 0x0,
    0x0, 0x0, 0x0, 0x0, 0xf, 0xc0, 0x0, 0x0,
    0x0, 0x3f, 0x0, 0x0, 0x0, 0x0, 0xfc, 0x0,
    0x0, 0x0, 0x7, 0xf8, 0x0, 0x0, 0x0, 0x1f,
    0xe0, 0x0, 0x0, 0x0, 0x7f, 0xc0, 0x0, 0x0,
    0x3, 0xff, 0x0, 0x0, 0x0, 0xf, 0xbc, 0x0,
    0x0, 0x0, 0x7c, 0xf8, 0x0, 0x0, 0x1, 0xf3,
    0xe0, 0x0, 0x0, 0x7, 0xcf, 0xc0, 0x0, 0x0,
    0x3e, 0x1f, 0x0, 0x0, 0x0, 0xf8, 0x7c, 0x0,
    0x0, 0x7, 0xe0, 0xf8, 0x0, 0x0, 0x1f, 0x3,
    0xe0, 0x0, 0x0, 0x7c, 0xf, 0x80, 0x0, 0x3,
    0xf0, 0x1f, 0x0, 0x0, 0xf, 0x80, 0x7c, 0x0,
    0x0, 0x3e, 0x1, 0xf8, 0x0, 0x1, 0xf0, 0x3,
    0xe0, 0x0, 0x7, 0xc0, 0xf, 0x80, 0x0, 0x3f,
    0x0, 0x3f, 0x0, 0x0, 0xf8, 0x0, 0x7c, 0x0,
    0x3, 0xe0, 0x1, 0xf8, 0x0, 0x1f, 0x80, 0x3,
    0xe0, 0x0, 0x7f, 0xff, 0xff, 0x80, 0x3, 0xff,
    0xff, 0xff, 0x0, 0xf, 0xff, 0xff, 0xfc, 0x0,
    0x3f, 0xff, 0xff, 0xf0, 0x1, 0xff, 0xff, 0xff,
    0xe0, 0x7, 0xc0, 0x0, 0xf, 0x80, 0x3f, 0x0,
    0x0, 0x3f, 0x0, 0xfc, 0x0, 0x0, 0xfc, 0x3,
    0xe0, 0x0, 0x1, 0xf0, 0x1f, 0x80, 0x0, 0x7,
    0xe0, 0x7c, 0x0, 0x0, 0xf, 0x81, 0xf0, 0x0,
    0x0, 0x3f, 0xf, 0xc0, 0x0, 0x0, 0xfc, 0x3e,
    0x0, 0x0, 0x1, 0xf1, 0xf8, 0x0, 0x0, 0x7,
    0xe7, 0xc0, 0x0, 0x0, 0x1f, 0x9f, 0x0, 0x0,
    0x0, 0x3e, 0xfc, 0x0, 0x0, 0x0, 0xfc,

    /* U+00C3 "Ã" */
    0x0, 0xf, 0x80, 0x1c, 0x0, 0x0, 0x7f, 0xc0,
    0xf0, 0x0, 0x3, 0xff, 0xc3, 0xc0, 0x0, 0x1f,
    0xff, 0xfe, 0x0, 0x0, 0x78, 0x7f, 0xf8, 0x0,
    0x3, 0xc0, 0x7f, 0xc0, 0x0, 0xe, 0x0, 0x7c,
    0x0, 0x0, 0x0, 0x0, 0x0, 0x0, 0x0, 0x0,
    0x0, 0x0, 0x0, 0x0, 0x0, 0x0, 0x0, 0x0,
    0x0, 0x0, 0x0, 0x0, 0x0, 0x0, 0x0, 0x0,
    0x0, 0x0, 0x0, 0x7c, 0x0, 0x0, 0x0, 0x3,
    0xf0, 0x0, 0x0, 0x0, 0xf, 0xe0, 0x0, 0x0,
    0x0, 0x7f, 0x80, 0x0, 0x0, 0x1, 0xfe, 0x0,
    0x0, 0x0, 0x7, 0xfc, 0x0, 0x0, 0x0, 0x3f,
    0xf0, 0x0, 0x0, 0x0, 0xfb, 0xc0, 0x0, 0x0,
    0x7, 0xcf, 0x80, 0x0, 0x0, 0x1f, 0x3e, 0x0,
    0x0, 0x0, 0x7c, 0x7c, 0x0, 0x0, 0x3, 0xe1,
    0xf0, 0x0, 0x0, 0xf, 0x87, 0xc0, 0x0, 0x0,
    0x7e, 0xf, 0x80, 0x0, 0x1, 0xf0, 0x3e, 0x0,
    0x0, 0x7, 0xc0, 0xfc, 0x0, 0x0, 0x3f, 0x1,
    0xf0, 0x0, 0x0, 0xf8, 0x7, 0xc0, 0x0, 0x3,
    0xe0, 0xf, 0x80, 0x0, 0x1f, 0x0, 0x3e, 0x0,
    0x0, 0x7c, 0x0, 0xfc, 0x0, 0x3, 0xf0, 0x1,
    0xf0, 0x0, 0xf, 0x80, 0x7, 0xc0, 0x0, 0x3e,
    0x0, 0x1f, 0x80, 0x1, 0xf8, 0x0, 0x3e, 0x0,
    0x7, 0xff, 0xff, 0xf8, 0x0, 0x3f, 0xff, 0xff,
    0xf0, 0x0, 0xff, 0xff, 0xff, 0xc0, 0x3, 0xff,
    0xff, 0xff, 0x80, 0x1f, 0xff, 0xff, 0xfe, 0x0,
    0x7c, 0x0, 0x0, 0xf8, 0x3, 0xf0, 0x0, 0x3,
    0xf0, 0xf, 0xc0, 0x0, 0x7, 0xc0, 0x3e, 0x0,
    0x0, 0x1f, 0x81, 0xf8, 0x0, 0x0, 0x7e, 0x7,
    0xc0, 0x0, 0x0, 0xf8, 0x1f, 0x0, 0x0, 0x3,
    0xf0, 0xfc, 0x0, 0x0, 0x7, 0xc3, 0xe0, 0x0,
    0x0, 0x1f, 0x9f, 0x80, 0x0, 0x0, 0x7e, 0x7c,
    0x0, 0x0, 0x0, 0xf9, 0xf0, 0x0, 0x0, 0x3,
    0xff, 0xc0, 0x0, 0x0, 0xf, 0xc0,

    /* U+00C4 "Ä" */
    0x0, 0xe, 0x0, 0xe0, 0x0, 0x0, 0x3e, 0x3,
    0xe0, 0x0, 0x0, 0x7c, 0x7, 0xc0, 0x0, 0x0,
    0xf8, 0xf, 0x80, 0x0, 0x1, 0xf0, 0x1f, 0x0,
    0x0, 0x1, 0xc0, 0x1c, 0x0, 0x0, 0x0, 0x0,
    0x0, 0x0, 0x0, 0x0, 0x0, 0x0, 0x0, 0x0,
    0x0, 0x0, 0x0, 0x0, 0x0, 0x0, 0x0, 0x0,
    0x0, 0x0, 0x0, 0x0, 0x0, 0x0, 0x0, 0x0,
    0x0, 0x0, 0x0, 0x0, 0xf, 0xe0, 0x0, 0x0,
    0x0, 0x1f, 0xc0, 0x0, 0x0, 0x0, 0x3f, 0x80,
    0x0, 0x0, 0x0, 0xff, 0x80, 0x0, 0x0, 0x1,
    0xff, 0x0, 0x0, 0x0, 0x7, 0xff, 0x0, 0x0,
    0x0, 0xf, 0xbe, 0x0, 0x0, 0x0, 0x1f, 0x7c,
    0x0, 0x0, 0x0, 0x7e, 0xfc, 0x0, 0x0, 0x0,
    0xf8, 0xf8, 0x0, 0x0, 0x1, 0xf1, 0xf8, 0x0,
    0x0, 0x7, 0xe3, 0xf0, 0x0, 0x0, 0xf, 0x83,
    0xe0, 0x0, 0x0, 0x3f, 0x7, 0xe0, 0x0, 0x0,
    0x7e, 0xf, 0xc0, 0x0, 0x0, 0xf8, 0xf, 0x80,
    0x0, 0x3, 0xf0, 0x1f, 0x80, 0x0, 0x7, 0xc0,
    0x1f, 0x0, 0x0, 0xf, 0x80, 0x3f, 0x0, 0x0,
    0x3f, 0x0, 0x7e, 0x0, 0x0, 0x7c, 0x0, 0x7c,
    0x0, 0x1, 0xf8, 0x0, 0xfc, 0x0, 0x3, 0xe0,
    0x0, 0xf8, 0x0, 0x7, 0xc0, 0x1, 0xf0, 0x0,
    0x1f, 0x80, 0x3, 0xf0, 0x0, 0x3f, 0xff, 0xff,
    0xe0, 0x0, 0x7f, 0xff, 0xff, 0xe0, 0x1, 0xff,
    0xff, 0xff, 0xc0, 0x3, 0xff, 0xff, 0xff, 0x80,
    0xf, 0xff, 0xff, 0xff, 0x80, 0x1f, 0x80, 0x0,
    0x3f, 0x0, 0x3e, 0x0, 0x0, 0x3e, 0x0, 0xfc,
    0x0, 0x0, 0x7e, 0x1, 0xf8, 0x0, 0x0, 0xfc,
    0x7, 0xe0, 0x0, 0x0, 0xfc, 0xf, 0xc0, 0x0,
    0x1, 0xf8, 0x1f, 0x0, 0x0, 0x1, 0xf0, 0x7e,
    0x0, 0x0, 0x3, 0xf0, 0xfc, 0x0, 0x0, 0x7,
    0xe1, 0xf0, 0x0, 0x0, 0x7, 0xc7, 0xe0, 0x0,
    0x0, 0xf, 0xcf, 0x80, 0x0, 0x0, 0xf, 0xbf,
    0x0, 0x0, 0x0, 0x1f, 0x80,

    /* U+00C5 "Å" */
    0x0, 0x0, 0xf8, 0x0, 0x0, 0x0, 0xf, 0xf8,
    0x0, 0x0, 0x0, 0x7f, 0xf0, 0x0, 0x0, 0x1,
    0xe3, 0xc0, 0x0, 0x0, 0xf, 0x7, 0x80, 0x0,
    0x0, 0x38, 0xe, 0x0, 0x0, 0x0, 0xe0, 0x38,
    0x0, 0x0, 0x3, 0x80, 0xe0, 0x0, 0x0, 0xe,
    0x7, 0x80, 0x0, 0x0, 0x1c, 0x3c, 0x0, 0x0,
    0x0, 0x7f, 0xf0, 0x0, 0x0, 0x0, 0xff, 0x80,
    0x0, 0x0, 0x1, 0xfc, 0x0, 0x0, 0x0, 0x7,
    0xf8, 0x0, 0x0, 0x0, 0x3f, 0xe0, 0x0, 0x0,
    0x0, 0xff, 0x80, 0x0, 0x0, 0x3, 0xdf, 0x0,
    0x0, 0x0, 0x1f, 0x7c, 0x0, 0x0, 0x0, 0x7d,
    0xf0, 0x0, 0x0, 0x3, 0xf3, 0xe0, 0x0, 0x0,
    0xf, 0x8f, 0x80, 0x0, 0x0, 0x3e, 0x3f, 0x0,
    0x0, 0x1, 0xf8, 0x7c, 0x0, 0x0, 0x7, 0xc1,
    0xf0, 0x0, 0x0, 0x1f, 0x7, 0xe0, 0x0, 0x0,
    0xf8, 0xf, 0x80, 0x0, 0x3, 0xe0, 0x3e, 0x0,
    0x0, 0x1f, 0x80, 0x7c, 0x0, 0x0, 0x7c, 0x1,
    0xf0, 0x0, 0x1, 0xf0, 0x7, 0xe0, 0x0, 0xf,
    0xc0, 0xf, 0x80, 0x0, 0x3e, 0x0, 0x3e, 0x0,
    0x1, 0xf8, 0x0, 0xfc, 0x0, 0x7, 0xc0, 0x1,
    0xf0, 0x0, 0x1f, 0x0, 0x7, 0xe0, 0x0, 0xff,
    0xff, 0xff, 0x80, 0x3, 0xff, 0xff, 0xfe, 0x0,
    0x1f, 0xff, 0xff, 0xfc, 0x0, 0x7f, 0xff, 0xff,
    0xf0, 0x1, 0xff, 0xff, 0xff, 0xc0, 0xf, 0xc0,
    0x0, 0x1f, 0x80, 0x3e, 0x0, 0x0, 0x7e, 0x0,
    0xf8, 0x0, 0x0, 0xfc, 0x7, 0xe0, 0x0, 0x3,
    0xf0, 0x1f, 0x0, 0x0, 0x7, 0xc0, 0xfc, 0x0,
    0x0, 0x1f, 0x83, 0xf0, 0x0, 0x0, 0x7e, 0xf,
    0x80, 0x0, 0x0, 0xfc, 0x7e, 0x0, 0x0, 0x3,
    0xf1, 0xf0, 0x0, 0x0, 0x7, 0xcf, 0xc0, 0x0,
    0x0, 0x1f, 0xbf, 0x0, 0x0, 0x0, 0x7e, 0xf8,
    0x0, 0x0, 0x0, 0xf8,

    /* U+00C6 "Æ" */
    0x0, 0x0, 0xf, 0xff, 0xff, 0xff, 0xc0, 0x0,
    0x3, 0xff, 0xff, 0xff, 0xf0, 0x0, 0x1, 0xff,
    0xff, 0xff, 0xfc, 0x0, 0x0, 0x7f, 0xff, 0xff,
    0xff, 0x0, 0x0, 0x3f, 0xff, 0xff, 0xff, 0xc0,
    0x0, 0xf, 0x87, 0xc0, 0x0, 0x0, 0x0, 0x7,
    0xe1, 0xf0, 0x0, 0x0, 0x0, 0x1, 0xf0, 0x7c,
    0x0, 0x0, 0x0, 0x0, 0xfc, 0x1f, 0x0, 0x0,
    0x0, 0x0, 0x3e, 0x7, 0xc0, 0x0, 0x0, 0x0,
    0x1f, 0x81, 0xf0, 0x0, 0x0, 0x0, 0x7, 0xc0,
    0x7c, 0x0, 0x0, 0x0, 0x3, 0xf0, 0x1f, 0x0,
    0x0, 0x0, 0x0, 0xfc, 0x7, 0xc0, 0x0, 0x0,
    0x0, 0x7e, 0x1, 0xf0, 0x0, 0x0, 0x0, 0x1f,
    0x80, 0x7c, 0x0, 0x0, 0x0, 0x7, 0xc0, 0x1f,
    0x0, 0x0, 0x0, 0x3, 0xf0, 0x7, 0xc0, 0x0,
    0x0, 0x0, 0xf8, 0x1, 0xff, 0xff, 0xf0, 0x0,
    0x7e, 0x0, 0x7f, 0xff, 0xfc, 0x0, 0x1f, 0x0,
    0x1f, 0xff, 0xff, 0x0, 0xf, 0xc0, 0x7, 0xff,
    0xff, 0xc0, 0x3, 0xe0, 0x1, 0xf0, 0x0, 0x0,
    0x1, 0xf8, 0x0, 0x7c, 0x0, 0x0, 0x0, 0x7c,
    0x0, 0x1f, 0x0, 0x0, 0x0, 0x3f, 0xff, 0xff,
    0xc0, 0x0, 0x0, 0xf, 0xff, 0xff, 0xf0, 0x0,
    0x0, 0x7, 0xff, 0xff, 0xfc, 0x0, 0x0, 0x1,
    0xff, 0xff, 0xff, 0x0, 0x0, 0x0, 0xff, 0xff,
    0xff, 0xc0, 0x0, 0x0, 0x3f, 0x0, 0x1, 0xf0,
    0x0, 0x0, 0x1f, 0x80, 0x0, 0x7c, 0x0, 0x0,
    0x7, 0xe0, 0x0, 0x1f, 0x0, 0x0, 0x3, 0xf0,
    0x0, 0x7, 0xc0, 0x0, 0x0, 0xfc, 0x0, 0x1,
    0xf0, 0x0, 0x0, 0x3e, 0x0, 0x0, 0x7c, 0x0,
    0x0, 0x1f, 0x80, 0x0, 0x1f, 0x0, 0x0, 0x7,
    0xc0, 0x0, 0x7, 0xc0, 0x0, 0x3, 0xf0, 0x0,
    0x1, 0xff, 0xff, 0xfc, 0xf8, 0x0, 0x0, 0x7f,
    0xff, 0xff, 0x7e, 0x0, 0x0, 0x1f, 0xff, 0xff,
    0xdf, 0x0, 0x0, 0x7, 0xff, 0xff, 0xff, 0xc0,
    0x0, 0x1, 0xff, 0xff, 0xfc,

    /* U+00C7 "Ç" */
    0x0, 0x0, 0x8, 0x0, 0x0, 0x7, 0xff, 0xf0,
    0x0, 0x1f, 0xff, 0xfe, 0x0, 0x7f, 0xff, 0xff,
    0x0, 0xff, 0xff, 0xff, 0x3, 0xff, 0xff, 0xfe,
    0x7, 0xfc, 0x0, 0x3e, 0x7, 0xf0, 0x0, 0x4,
    0xf, 0xe0, 0x0, 0x0, 0x1f, 0xc0, 0x0, 0x0,
    0x1f, 0x80, 0x0, 0x0, 0x3f, 0x0, 0x0, 0x0,
    0x3e, 0x0, 0x0, 0x0, 0x7e, 0x0, 0x0, 0x0,
    0x7c, 0x0, 0x0, 0x0, 0x7c, 0x0, 0x0, 0x0,
    0x7c, 0x0, 0x0, 0x0, 0xf8, 0x0, 0x0, 0x0,
    0xf8, 0x0, 0x0, 0x0, 0xf8, 0x0, 0x0, 0x0,
    0xf8, 0x0, 0x0, 0x0, 0xf8, 0x0, 0x0, 0x0,
    0xf8, 0x0, 0x0, 0x0, 0xf8, 0x0, 0x0, 0x0,
    0xf8, 0x0, 0x0, 0x0, 0xf8, 0x0, 0x0, 0x0,
    0xf8, 0x0, 0x0, 0x0, 0xf8, 0x0, 0x0, 0x0,
    0xfc, 0x0, 0x0, 0x0, 0x7c, 0x0, 0x0, 0x0,
    0x7c, 0x0, 0x0, 0x0, 0x7e, 0x0, 0x0, 0x0,
    0x3e, 0x0, 0x0, 0x0, 0x3f, 0x0, 0x0, 0x0,
    0x3f, 0x0, 0x0, 0x0, 0x1f, 0x80, 0x0, 0x0,
    0x1f, 0xc0, 0x0, 0x0, 0xf, 0xf0, 0x0, 0x0,
    0x7, 0xfc, 0x0, 0xe, 0x3, 0xff, 0xff, 0xfe,
    0x1, 0xff, 0xff, 0xfe, 0x0, 0xff, 0xff, 0xfe,
    0x0, 0x3f, 0xff, 0xfe, 0x0, 0xf, 0xff, 0xf0,
    0x0, 0x0, 0x78, 0x0, 0x0, 0x0, 0x78, 0x0,
    0x0, 0x0, 0xf0, 0x0, 0x0, 0x0, 0xfc, 0x0,
    0x0, 0x1, 0xff, 0x0, 0x0, 0x0, 0x1f, 0x0,
    0x0, 0x0, 0x7, 0x80, 0x0, 0x0, 0x7, 0x80,
    0x0, 0x0, 0x7, 0x80, 0x0, 0x0, 0xf, 0x80,
    0x0, 0x7, 0xff, 0x0, 0x0, 0x7, 0xff, 0x0,
    0x0, 0x7, 0xfe, 0x0, 0x0, 0x7, 0xf0, 0x0,

    /* U+00C8 "È" */
    0xf, 0xe0, 0x0, 0x7, 0xf0, 0x0, 0x3, 0xf0,
    0x0, 0x1, 0xf8, 0x0, 0x0, 0xfc, 0x0, 0x0,
    0x7c, 0x0, 0x0, 0x3e, 0x0, 0x0, 0x1f, 0x0,
    0x0, 0xf, 0x80, 0x0, 0x7, 0x80, 0x0, 0x0,
    0x0, 0x0, 0x0, 0x0, 0x0, 0x0, 0x0, 0x0,
    0x0, 0x0, 0xff, 0xff, 0xff, 0xff, 0xff, 0xff,
    0xff, 0xff, 0xff, 0xff, 0xff, 0xff, 0xff, 0xff,
    0xff, 0xf8, 0x0, 0x0, 0xf8, 0x0, 0x0, 0xf8,
    0x0, 0x0, 0xf8, 0x0, 0x0, 0xf8, 0x0, 0x0,
    0xf8, 0x0, 0x0, 0xf8, 0x0, 0x0, 0xf8, 0x0,
    0x0, 0xf8, 0x0, 0x0, 0xf8, 0x0, 0x0, 0xf8,
    0x0, 0x0, 0xf8, 0x0, 0x0, 0xf8, 0x0, 0x0,
    0xff, 0xff, 0xfe, 0xff, 0xff, 0xfe, 0xff, 0xff,
    0xfe, 0xff, 0xff, 0xfe, 0xf8, 0x0, 0x0, 0xf8,
    0x0, 0x0, 0xf8, 0x0, 0x0, 0xf8, 0x0, 0x0,
    0xf8, 0x0, 0x0, 0xf8, 0x0, 0x0, 0xf8, 0x0,
    0x0, 0xf8, 0x0, 0x0, 0xf8, 0x0, 0x0, 0xf8,
    0x0, 0x0, 0xf8, 0x0, 0x0, 0xf8, 0x0, 0x0,
    0xf8, 0x0, 0x0, 0xf8, 0x0, 0x0, 0xf8, 0x0,
    0x0, 0xf8, 0x0, 0x0, 0xff, 0xff, 0xff, 0xff,
    0xff, 0xff, 0xff, 0xff, 0xff, 0xff, 0xff, 0xff,
    0xff, 0xff, 0xff,

    /* U+00C9 "É" */
    0x0, 0x1, 0xfc, 0x0, 0x3, 0xf8, 0x0, 0x3,
    0xf0, 0x0, 0x7, 0xe0, 0x0, 0xf, 0xc0, 0x0,
    0xf, 0x80, 0x0, 0x1f, 0x0, 0x0, 0x3e, 0x0,
    0x0, 0x3c, 0x0, 0x0, 0x78, 0x0, 0x0, 0x0,
    0x0, 0x0, 0x0, 0x0, 0x0, 0x0, 0x0, 0x0,
    0x0, 0x0, 0xff, 0xff, 0xff, 0xff, 0xff, 0xff,
    0xff, 0xff, 0xff, 0xff, 0xff, 0xff, 0xff, 0xff,
    0xff, 0xf8, 0x0, 0x0, 0xf8, 0x0, 0x0, 0xf8,
    0x0, 0x0, 0xf8, 0x0, 0x0, 0xf8, 0x0, 0x0,
    0xf8, 0x0, 0x0, 0xf8, 0x0, 0x0, 0xf8, 0x0,
    0x0, 0xf8, 0x0, 0x0, 0xf8, 0x0, 0x0, 0xf8,
    0x0, 0x0, 0xf8, 0x0, 0x0, 0xf8, 0x0, 0x0,
    0xff, 0xff, 0xfe, 0xff, 0xff, 0xfe, 0xff, 0xff,
    0xfe, 0xff, 0xff, 0xfe, 0xf8, 0x0, 0x0, 0xf8,
    0x0, 0x0, 0xf8, 0x0, 0x0, 0xf8, 0x0, 0x0,
    0xf8, 0x0, 0x0, 0xf8, 0x0, 0x0, 0xf8, 0x0,
    0x0, 0xf8, 0x0, 0x0, 0xf8, 0x0, 0x0, 0xf8,
    0x0, 0x0, 0xf8, 0x0, 0x0, 0xf8, 0x0, 0x0,
    0xf8, 0x0, 0x0, 0xf8, 0x0, 0x0, 0xf8, 0x0,
    0x0, 0xf8, 0x0, 0x0, 0xff, 0xff, 0xff, 0xff,
    0xff, 0xff, 0xff, 0xff, 0xff, 0xff, 0xff, 0xff,
    0xff, 0xff, 0xff,

    /* U+00CA "Ê" */
    0x0, 0x7e, 0x0, 0x0, 0xff, 0x0, 0x0, 0xff,
    0x0, 0x1, 0xff, 0x80, 0x3, 0xff, 0xc0, 0x7,
    0xc7, 0xe0, 0xf, 0x83, 0xf0, 0x1f, 0x0, 0xf8,
    0x3e, 0x0, 0x7c, 0x3c, 0x0, 0x3c, 0x0, 0x0,
    0x0, 0x0, 0x0, 0x0, 0x0, 0x0, 0x0, 0x0,
    0x0, 0x0, 0xff, 0xff, 0xff, 0xff, 0xff, 0xff,
    0xff, 0xff, 0xff, 0xff, 0xff, 0xff, 0xff, 0xff,
    0xff, 0xf8, 0x0, 0x0, 0xf8, 0x0, 0x0, 0xf8,
    0x0, 0x0, 0xf8, 0x0, 0x0, 0xf8, 0x0, 0x0,
    0xf8, 0x0, 0x0, 0xf8, 0x0, 0x0, 0xf8, 0x0,
    0x0, 0xf8, 0x0, 0x0, 0xf8, 0x0, 0x0, 0xf8,
    0x0, 0x0, 0xf8, 0x0, 0x0, 0xf8, 0x0, 0x0,
    0xff, 0xff, 0xfe, 0xff, 0xff, 0xfe, 0xff, 0xff,
    0xfe, 0xff, 0xff, 0xfe, 0xf8, 0x0, 0x0, 0xf8,
    0x0, 0x0, 0xf8, 0x0, 0x0, 0xf8, 0x0, 0x0,
    0xf8, 0x0, 0x0, 0xf8, 0x0, 0x0, 0xf8, 0x0,
    0x0, 0xf8, 0x0, 0x0, 0xf8, 0x0, 0x0, 0xf8,
    0x0, 0x0, 0xf8, 0x0, 0x0, 0xf8, 0x0, 0x0,
    0xf8, 0x0, 0x0, 0xf8, 0x0, 0x0, 0xf8, 0x0,
    0x0, 0xf8, 0x0, 0x0, 0xff, 0xff, 0xff, 0xff,
    0xff, 0xff, 0xff, 0xff, 0xff, 0xff, 0xff, 0xff,
    0xff, 0xff, 0xff,

    /* U+00CB "Ë" */
    0x7, 0x0, 0x70, 0xf, 0x80, 0xf8, 0xf, 0x80,
    0xf8, 0xf, 0x80, 0xf8, 0xf, 0x80, 0xf8, 0x7,
    0x0, 0x70, 0x0, 0x0, 0x0, 0x0, 0x0, 0x0,
    0x0, 0x0, 0x0, 0x0, 0x0, 0x0, 0x0, 0x0,
    0x0, 0x0, 0x0, 0x0, 0xff, 0xff, 0xff, 0xff,
    0xff, 0xff, 0xff, 0xff, 0xff, 0xff, 0xff, 0xff,
    0xff, 0xff, 0xff, 0xf8, 0x0, 0x0, 0xf8, 0x0,
    0x0, 0xf8, 0x0, 0x0, 0xf8, 0x0, 0x0, 0xf8,
    0x0, 0x0, 0xf8, 0x0, 0x0, 0xf8, 0x0, 0x0,
    0xf8, 0x0, 0x0, 0xf8, 0x0, 0x0, 0xf8, 0x0,
    0x0, 0xf8, 0x0, 0x0, 0xf8, 0x0, 0x0, 0xf8,
    0x0, 0x0, 0xff, 0xff, 0xfe, 0xff, 0xff, 0xfe,
    0xff, 0xff, 0xfe, 0xff, 0xff, 0xfe, 0xf8, 0x0,
    0x0, 0xf8, 0x0, 0x0, 0xf8, 0x0, 0x0, 0xf8,
    0x0, 0x0, 0xf8, 0x0, 0x0, 0xf8, 0x0, 0x0,
    0xf8, 0x0, 0x0, 0xf8, 0x0, 0x0, 0xf8, 0x0,
    0x0, 0xf8, 0x0, 0x0, 0xf8, 0x0, 0x0, 0xf8,
    0x0, 0x0, 0xf8, 0x0, 0x0, 0xf8, 0x0, 0x0,
    0xf8, 0x0, 0x0, 0xf8, 0x0, 0x0, 0xff, 0xff,
    0xff, 0xff, 0xff, 0xff, 0xff, 0xff, 0xff, 0xff,
    0xff, 0xff, 0xff, 0xff, 0xff,

    /* U+00CC "Ì" */
    0xfc, 0x0, 0xfc, 0x1, 0xf8, 0x1, 0xf8, 0x1,
    0xf8, 0x1, 0xf0, 0x1, 0xf0, 0x1, 0xf0, 0x1,
    0xe0, 0x1, 0xe0, 0x0, 0x0, 0x0, 0x0, 0x0,
    0x0, 0x0, 0x3f, 0xff, 0xff, 0xff, 0xff, 0xfe,
    0xff, 0xf0, 0x1f, 0x0, 0x3e, 0x0, 0x7c, 0x0,
    0xf8, 0x1, 0xf0, 0x3, 0xe0, 0x7, 0xc0, 0xf,
    0x80, 0x1f, 0x0, 0x3e, 0x0, 0x7c, 0x0, 0xf8,
    0x1, 0xf0, 0x3, 0xe0, 0x7, 0xc0, 0xf, 0x80,
    0x1f, 0x0, 0x3e, 0x0, 0x7c, 0x0, 0xf8, 0x1,
    0xf0, 0x3, 0xe0, 0x7, 0xc0, 0xf, 0x80, 0x1f,
    0x0, 0x3e, 0x0, 0x7c, 0x0, 0xf8, 0x1, 0xf0,
    0x3, 0xe0, 0x7, 0xc0, 0xf, 0x80, 0x1f, 0x0,
    0x3e, 0x0, 0x7c, 0x7, 0xff, 0x3f, 0xff, 0xff,
    0xff, 0xff, 0xfe,

    /* U+00CD "Í" */
    0x0, 0x3f, 0x80, 0x3f, 0x80, 0x1f, 0x80, 0x1f,
    0x80, 0x1f, 0x80, 0xf, 0x80, 0xf, 0x80, 0xf,
    0x80, 0x7, 0x80, 0x3, 0x80, 0x0, 0x0, 0x0,
    0x0, 0x0, 0x0, 0x0, 0x0, 0x3, 0xff, 0xf9,
    0xff, 0xfc, 0xff, 0xfe, 0x3f, 0xfc, 0x1, 0xf0,
    0x0, 0xf8, 0x0, 0x7c, 0x0, 0x3e, 0x0, 0x1f,
    0x0, 0xf, 0x80, 0x7, 0xc0, 0x3, 0xe0, 0x1,
    0xf0, 0x0, 0xf8, 0x0, 0x7c, 0x0, 0x3e, 0x0,
    0x1f, 0x0, 0xf, 0x80, 0x7, 0xc0, 0x3, 0xe0,
    0x1, 0xf0, 0x0, 0xf8, 0x0, 0x7c, 0x0, 0x3e,
    0x0, 0x1f, 0x0, 0xf, 0x80, 0x7, 0xc0, 0x3,
    0xe0, 0x1, 0xf0, 0x0, 0xf8, 0x0, 0x7c, 0x0,
    0x3e, 0x0, 0x1f, 0x0, 0xf, 0x80, 0x7, 0xc0,
    0x3, 0xe0, 0x1, 0xf0, 0x0, 0xf8, 0x0, 0x7c,
    0x1, 0xff, 0xc3, 0xff, 0xf9, 0xff, 0xfc, 0xff,
    0xfe, 0x0,

    /* U+00CE "Î" */
    0x0, 0xf8, 0x0, 0x1f, 0xc0, 0x3, 0xfe, 0x0,
    0x7f, 0xe0, 0xf, 0xdf, 0x1, 0xf8, 0xf8, 0x3f,
    0x7, 0xc7, 0xe0, 0x3e, 0xfc, 0x1, 0xff, 0x0,
    0x7, 0x0, 0x0, 0x0, 0x0, 0x0, 0x0, 0x0,
    0x0, 0x0, 0x0, 0x1f, 0xff, 0xc1, 0xff, 0xfc,
    0x1f, 0xff, 0xc0, 0xff, 0xf0, 0x0, 0xf8, 0x0,
    0xf, 0x80, 0x0, 0xf8, 0x0, 0xf, 0x80, 0x0,
    0xf8, 0x0, 0xf, 0x80, 0x0, 0xf8, 0x0, 0xf,
    0x80, 0x0, 0xf8, 0x0, 0xf, 0x80, 0x0, 0xf8,
    0x0, 0xf, 0x80, 0x0, 0xf8, 0x0, 0xf, 0x80,
    0x0, 0xf8, 0x0, 0xf, 0x80, 0x0, 0xf8, 0x0,
    0xf, 0x80, 0x0, 0xf8, 0x0, 0xf, 0x80, 0x0,
    0xf8, 0x0, 0xf, 0x80, 0x0, 0xf8, 0x0, 0xf,
    0x80, 0x0, 0xf8, 0x0, 0xf, 0x80, 0x0, 0xf8,
    0x0, 0xf, 0x80, 0x0, 0xf8, 0x0, 0xf, 0x80,
    0x0, 0xf8, 0x0, 0xf, 0x80, 0x0, 0xf8, 0x0,
    0xf, 0x80, 0x0, 0xf8, 0x0, 0x7f, 0xf0, 0x1f,
    0xff, 0xc1, 0xff, 0xfc, 0x1f, 0xff, 0xc0,

    /* U+00CF "Ï" */
    0x70, 0x7, 0x7c, 0x7, 0xfe, 0x3, 0xff, 0x1,
    0xff, 0x80, 0xfb, 0x80, 0x38, 0x0, 0x0, 0x0,
    0x0, 0x0, 0x0, 0x0, 0x0, 0x0, 0x0, 0x0,
    0x0, 0x7, 0xff, 0xf3, 0xff, 0xf9, 0xff, 0xfc,
    0x7f, 0xf8, 0x3, 0xe0, 0x1, 0xf0, 0x0, 0xf8,
    0x0, 0x7c, 0x0, 0x3e, 0x0, 0x1f, 0x0, 0xf,
    0x80, 0x7, 0xc0, 0x3, 0xe0, 0x1, 0xf0, 0x0,
    0xf8, 0x0, 0x7c, 0x0, 0x3e, 0x0, 0x1f, 0x0,
    0xf, 0x80, 0x7, 0xc0, 0x3, 0xe0, 0x1, 0xf0,
    0x0, 0xf8, 0x0, 0x7c, 0x0, 0x3e, 0x0, 0x1f,
    0x0, 0xf, 0x80, 0x7, 0xc0, 0x3, 0xe0, 0x1,
    0xf0, 0x0, 0xf8, 0x0, 0x7c, 0x0, 0x3e, 0x0,
    0x1f, 0x0, 0xf, 0x80, 0x7, 0xc0, 0x3, 0xe0,
    0x1, 0xf0, 0x0, 0xf8, 0x3, 0xff, 0x87, 0xff,
    0xf3, 0xff, 0xf9, 0xff, 0xfc,

    /* U+00D0 "Ð" */
    0x7, 0xff, 0xfe, 0x0, 0x0, 0x1f, 0xff, 0xff,
    0x0, 0x0, 0x7f, 0xff, 0xff, 0x0, 0x1, 0xff,
    0xff, 0xff, 0x0, 0x7, 0xc0, 0x3, 0xfe, 0x0,
    0x1f, 0x0, 0x1, 0xfe, 0x0, 0x7c, 0x0, 0x1,
    0xf8, 0x1, 0xf0, 0x0, 0x3, 0xf0, 0x7, 0xc0,
    0x0, 0x7, 0xe0, 0x1f, 0x0, 0x0, 0xf, 0x80,
    0x7c, 0x0, 0x0, 0x3f, 0x1, 0xf0, 0x0, 0x0,
    0x7c, 0x7, 0xc0, 0x0, 0x0, 0xf8, 0x1f, 0x0,
    0x0, 0x3, 0xe0, 0x7c, 0x0, 0x0, 0xf, 0x81,
    0xf0, 0x0, 0x0, 0x3f, 0x7, 0xc0, 0x0, 0x0,
    0x7c, 0x1f, 0x0, 0x0, 0x1, 0xf0, 0x7c, 0x0,
    0x0, 0x7, 0xc1, 0xf0, 0x0, 0x0, 0x1f, 0xff,
    0xff, 0xf8, 0x0, 0x7f, 0xff, 0xff, 0xe0, 0x1,
    0xff, 0xff, 0xff, 0x80, 0x7, 0xff, 0xff, 0xfe,
    0x0, 0x1f, 0x7, 0xc0, 0x0, 0x0, 0x7c, 0x1f,
    0x0, 0x0, 0x1, 0xf0, 0x7c, 0x0, 0x0, 0x7,
    0xc1, 0xf0, 0x0, 0x0, 0x3e, 0x7, 0xc0, 0x0,
    0x0, 0xf8, 0x1f, 0x0, 0x0, 0x3, 0xe0, 0x7c,
    0x0, 0x0, 0x1f, 0x81, 0xf0, 0x0, 0x0, 0x7c,
    0x7, 0xc0, 0x0, 0x3, 0xf0, 0x1f, 0x0, 0x0,
    0xf, 0x80, 0x7c, 0x0, 0x0, 0x7e, 0x1, 0xf0,
    0x0, 0x3, 0xf0, 0x7, 0xc0, 0x0, 0x3f, 0x80,
    0x1f, 0x0, 0x3, 0xfc, 0x0, 0x7c, 0x0, 0x7f,
    0xe0, 0x1, 0xff, 0xff, 0xff, 0x0, 0x7, 0xff,
    0xff, 0xf0, 0x0, 0x1f, 0xff, 0xff, 0x0, 0x0,
    0x7f, 0xff, 0xc0, 0x0, 0x0,

    /* U+00D1 "Ñ" */
    0x0, 0x3e, 0x0, 0x70, 0x0, 0x1f, 0xf0, 0x3c,
    0x0, 0xf, 0xff, 0x1e, 0x0, 0x7, 0xff, 0xff,
    0x80, 0x1, 0xe1, 0xff, 0xc0, 0x0, 0xf0, 0x1f,
    0xf0, 0x0, 0x38, 0x1, 0xf0, 0x0, 0x0, 0x0,
    0x0, 0x0, 0x0, 0x0, 0x0, 0x0, 0x0, 0x0,
    0x0, 0x0, 0x0, 0x0, 0x0, 0x0, 0x0, 0x0,
    0x0, 0x0, 0x0, 0xfe, 0x0, 0x0, 0x7, 0xff,
    0x80, 0x0, 0x1, 0xff, 0xf0, 0x0, 0x0, 0x7f,
    0xfe, 0x0, 0x0, 0x1f, 0xff, 0x80, 0x0, 0x7,
    0xff, 0xf0, 0x0, 0x1, 0xff, 0xfc, 0x0, 0x0,
    0x7f, 0xff, 0x80, 0x0, 0x1f, 0xfb, 0xf0, 0x0,
    0x7, 0xfe, 0xfc, 0x0, 0x1, 0xff, 0x9f, 0x80,
    0x0, 0x7f, 0xe3, 0xf0, 0x0, 0x1f, 0xf8, 0xfc,
    0x0, 0x7, 0xfe, 0x1f, 0x80, 0x1, 0xff, 0x83,
    0xf0, 0x0, 0x7f, 0xe0, 0xfc, 0x0, 0x1f, 0xf8,
    0x1f, 0x80, 0x7, 0xfe, 0x7, 0xe0, 0x1, 0xff,
    0x80, 0xfc, 0x0, 0x7f, 0xe0, 0x1f, 0x80, 0x1f,
    0xf8, 0x7, 0xe0, 0x7, 0xfe, 0x0, 0xfc, 0x1,
    0xff, 0x80, 0x1f, 0x80, 0x7f, 0xe0, 0x7, 0xe0,
    0x1f, 0xf8, 0x0, 0xfc, 0x7, 0xfe, 0x0, 0x3f,
    0x1, 0xff, 0x80, 0x7, 0xe0, 0x7f, 0xe0, 0x0,
    0xfc, 0x1f, 0xf8, 0x0, 0x3f, 0x7, 0xfe, 0x0,
    0x7, 0xe1, 0xff, 0x80, 0x0, 0xfc, 0x7f, 0xe0,
    0x0, 0x3f, 0x1f, 0xf8, 0x0, 0x7, 0xe7, 0xfe,
    0x0, 0x0, 0xf9, 0xff, 0x80, 0x0, 0x3f, 0x7f,
    0xe0, 0x0, 0x7, 0xff, 0xf8, 0x0, 0x1, 0xff,
    0xfe, 0x0, 0x0, 0x3f, 0xff, 0x80, 0x0, 0x7,
    0xff, 0xe0, 0x0, 0x1, 0xff, 0xf8, 0x0, 0x0,
    0x3f, 0xfe, 0x0, 0x0, 0x7, 0xff, 0x80, 0x0,
    0x1, 0xfc,

    /* U+00D2 "Ò" */
    0x0, 0x1f, 0xc0, 0x0, 0x0, 0x0, 0x1f, 0xc0,
    0x0, 0x0, 0x0, 0x1f, 0x80, 0x0, 0x0, 0x0,
    0x1f, 0x80, 0x0, 0x0, 0x0, 0x1f, 0x80, 0x0,
    0x0, 0x0, 0x1f, 0x0, 0x0, 0x0, 0x0, 0x1f,
    0x0, 0x0, 0x0, 0x0, 0x1f, 0x0, 0x0, 0x0,
    0x0, 0x1f, 0x0, 0x0, 0x0, 0x0, 0x1e, 0x0,
    0x0, 0x0, 0x0, 0x0, 0x0, 0x0, 0x0, 0x0,
    0x0, 0x0, 0x0, 0x0, 0x0, 0x0, 0x0, 0x0,
    0x0, 0x0, 0x0, 0x0, 0x0, 0x3, 0xff, 0xf8,
    0x0, 0x0, 0x1f, 0xff, 0xfc, 0x0, 0x0, 0xff,
    0xff, 0xfe, 0x0, 0x3, 0xff, 0xff, 0xfe, 0x0,
    0xf, 0xff, 0xff, 0xfe, 0x0, 0x3f, 0xe0, 0x1,
    0xfe, 0x0, 0xfe, 0x0, 0x0, 0xfe, 0x3, 0xf8,
    0x0, 0x0, 0xfe, 0x7, 0xe0, 0x0, 0x0, 0xfc,
    0x1f, 0x80, 0x0, 0x0, 0xfc, 0x3f, 0x0, 0x0,
    0x1, 0xf8, 0xfc, 0x0, 0x0, 0x1, 0xf1, 0xf8,
    0x0, 0x0, 0x3, 0xf3, 0xe0, 0x0, 0x0, 0x3,
    0xe7, 0xc0, 0x0, 0x0, 0x7, 0xdf, 0x80, 0x0,
    0x0, 0xf, 0xbe, 0x0, 0x0, 0x0, 0xf, 0xfc,
    0x0, 0x0, 0x0, 0x1f, 0xf8, 0x0, 0x0, 0x0,
    0x3f, 0xf0, 0x0, 0x0, 0x0, 0x7f, 0xe0, 0x0,
    0x0, 0x0, 0xff, 0xc0, 0x0, 0x0, 0x1, 0xff,
    0x80, 0x0, 0x0, 0x3, 0xff, 0x0, 0x0, 0x0,
    0x7, 0xfe, 0x0, 0x0, 0x0, 0xf, 0xfc, 0x0,
    0x0, 0x0, 0x1f, 0xf8, 0x0, 0x0, 0x0, 0x3f,
    0xf0, 0x0, 0x0, 0x0, 0xf9, 0xf0, 0x0, 0x0,
    0x1, 0xf3, 0xe0, 0x0, 0x0, 0x3, 0xe7, 0xc0,
    0x0, 0x0, 0x7, 0xc7, 0xc0, 0x0, 0x0, 0x1f,
    0xf, 0x80, 0x0, 0x0, 0x3e, 0x1f, 0x80, 0x0,
    0x0, 0xfc, 0x1f, 0x0, 0x0, 0x1, 0xf0, 0x3f,
    0x0, 0x0, 0x7, 0xc0, 0x3f, 0x0, 0x0, 0x1f,
    0x80, 0x3f, 0x80, 0x0, 0x7e, 0x0, 0x3f, 0xc0,
    0x7, 0xf8, 0x0, 0x3f, 0xff, 0xff, 0xe0, 0x0,
    0x3f, 0xff, 0xff, 0x80, 0x0, 0x1f, 0xff, 0xfc,
    0x0, 0x0, 0xf, 0xff, 0xc0, 0x0, 0x0, 0x0,
    0x60, 0x0, 0x0,

    /* U+00D3 "Ó" */
    0x0, 0x0, 0x3, 0xf8, 0x0, 0x0, 0x0, 0xf,
    0xe0, 0x0, 0x0, 0x0, 0x1f, 0x80, 0x0, 0x0,
    0x0, 0x7e, 0x0, 0x0, 0x0, 0x1, 0xf8, 0x0,
    0x0, 0x0, 0x3, 0xe0, 0x0, 0x0, 0x0, 0xf,
    0x80, 0x0, 0x0, 0x0, 0x3e, 0x0, 0x0, 0x0,
    0x0, 0xf8, 0x0, 0x0, 0x0, 0x1, 0xe0, 0x0,
    0x0, 0x0, 0x0, 0x0, 0x0, 0x0, 0x0, 0x0,
    0x0, 0x0, 0x0, 0x0, 0x0, 0x0, 0x0, 0x0,
    0x0, 0x0, 0x0, 0x0, 0x0, 0x3, 0xff, 0xf8,
    0x0, 0x0, 0x1f, 0xff, 0xfc, 0x0, 0x0, 0xff,
    0xff, 0xfe, 0x0, 0x3, 0xff, 0xff, 0xfe, 0x0,
    0xf, 0xff, 0xff, 0xfe, 0x0, 0x3f, 0xe0, 0x1,
    0xfe, 0x0, 0xfe, 0x0, 0x0, 0xfe, 0x3, 0xf8,
    0x0, 0x0, 0xfe, 0x7, 0xe0, 0x0, 0x0, 0xfc,
    0x1f, 0x80, 0x0, 0x0, 0xfc, 0x3f, 0x0, 0x0,
    0x1, 0xf8, 0xfc, 0x0, 0x0, 0x1, 0xf1, 0xf8,
    0x0, 0x0, 0x3, 0xf3, 0xe0, 0x0, 0x0, 0x3,
    0xe7, 0xc0, 0x0, 0x0, 0x7, 0xdf, 0x80, 0x0,
    0x0, 0xf, 0xbe, 0x0, 0x0, 0x0, 0xf, 0xfc,
    0x0, 0x0, 0x0, 0x1f, 0xf8, 0x0, 0x0, 0x0,
    0x3f, 0xf0, 0x0, 0x0, 0x0, 0x7f, 0xe0, 0x0,
    0x0, 0x0, 0xff, 0xc0, 0x0, 0x0, 0x1, 0xff,
    0x80, 0x0, 0x0, 0x3, 0xff, 0x0, 0x0, 0x0,
    0x7, 0xfe, 0x0, 0x0, 0x0, 0xf, 0xfc, 0x0,
    0x0, 0x0, 0x1f, 0xf8, 0x0, 0x0, 0x0, 0x3f,
    0xf0, 0x0, 0x0, 0x0, 0xf9, 0xf0, 0x0, 0x0,
    0x1, 0xf3, 0xe0, 0x0, 0x0, 0x3, 0xe7, 0xc0,
    0x0, 0x0, 0x7, 0xc7, 0xc0, 0x0, 0x0, 0x1f,
    0xf, 0x80, 0x0, 0x0, 0x3e, 0x1f, 0x80, 0x0,
    0x0, 0xfc, 0x1f, 0x0, 0x0, 0x1, 0xf0, 0x3f,
    0x0, 0x0, 0x7, 0xc0, 0x3f, 0x0, 0x0, 0x1f,
    0x80, 0x3f, 0x80, 0x0, 0x7e, 0x0, 0x3f, 0xc0,
    0x7, 0xf8, 0x0, 0x3f, 0xff, 0xff, 0xe0, 0x0,
    0x3f, 0xff, 0xff, 0x80, 0x0, 0x1f, 0xff, 0xfc,
    0x0, 0x0, 0xf, 0xff, 0xc0, 0x0, 0x0, 0x0,
    0x60, 0x0, 0x0,

    /* U+00D4 "Ô" */
    0x0, 0x0, 0x7e, 0x0, 0x0, 0x0, 0x1, 0xfe,
    0x0, 0x0, 0x0, 0x3, 0xfc, 0x0, 0x0, 0x0,
    0xf, 0xfc, 0x0, 0x0, 0x0, 0x3f, 0xfc, 0x0,
    0x0, 0x0, 0xfc, 0xfc, 0x0, 0x0, 0x3, 0xe0,
    0xfc, 0x0, 0x0, 0xf, 0x80, 0x7c, 0x0, 0x0,
    0x3e, 0x0, 0x7c, 0x0, 0x0, 0x78, 0x0, 0x78,
    0x0, 0x0, 0x0, 0x0, 0x0, 0x0, 0x0, 0x0,
    0x0, 0x0, 0x0, 0x0, 0x0, 0x0, 0x0, 0x0,
    0x0, 0x0, 0x0, 0x0, 0x0, 0x3, 0xff, 0xf8,
    0x0, 0x0, 0x1f, 0xff, 0xfc, 0x0, 0x0, 0xff,
    0xff, 0xfe, 0x0, 0x3, 0xff, 0xff, 0xfe, 0x0,
    0xf, 0xff, 0xff, 0xfe, 0x0, 0x3f, 0xe0, 0x1,
    0xfe, 0x0, 0xfe, 0x0, 0x0, 0xfe, 0x3, 0xf8,
    0x0, 0x0, 0xfe, 0x7, 0xe0, 0x0, 0x0, 0xfc,
    0x1f, 0x80, 0x0, 0x0, 0xfc, 0x3f, 0x0, 0x0,
    0x1, 0xf8, 0xfc, 0x0, 0x0, 0x1, 0xf1, 0xf8,
    0x0, 0x0, 0x3, 0xf3, 0xe0, 0x0, 0x0, 0x3,
    0xe7, 0xc0, 0x0, 0x0, 0x7, 0xdf, 0x80, 0x0,
    0x0, 0xf, 0xbe, 0x0, 0x0, 0x0, 0xf, 0xfc,
    0x0, 0x0, 0x0, 0x1f, 0xf8, 0x0, 0x0, 0x0,
    0x3f, 0xf0, 0x0, 0x0, 0x0, 0x7f, 0xe0, 0x0,
    0x0, 0x0, 0xff, 0xc0, 0x0, 0x0, 0x1, 0xff,
    0x80, 0x0, 0x0, 0x3, 0xff, 0x0, 0x0, 0x0,
    0x7, 0xfe, 0x0, 0x0, 0x0, 0xf, 0xfc, 0x0,
    0x0, 0x0, 0x1f, 0xf8, 0x0, 0x0, 0x0, 0x3f,
    0xf0, 0x0, 0x0, 0x0, 0xf9, 0xf0, 0x0, 0x0,
    0x1, 0xf3, 0xe0, 0x0, 0x0, 0x3, 0xe7, 0xc0,
    0x0, 0x0, 0x7, 0xc7, 0xc0, 0x0, 0x0, 0x1f,
    0xf, 0x80, 0x0, 0x0, 0x3e, 0x1f, 0x80, 0x0,
    0x0, 0xfc, 0x1f, 0x0, 0x0, 0x1, 0xf0, 0x3f,
    0x0, 0x0, 0x7, 0xc0, 0x3f, 0x0, 0x0, 0x1f,
    0x80, 0x3f, 0x80, 0x0, 0x7e, 0x0, 0x3f, 0xc0,
    0x7, 0xf8, 0x0, 0x3f, 0xff, 0xff, 0xe0, 0x0,
    0x3f, 0xff, 0xff, 0x80, 0x0, 0x1f, 0xff, 0xfc,
    0x0, 0x0, 0xf, 0xff, 0xc0, 0x0, 0x0, 0x0,
    0x60, 0x0, 0x0,

    /* U+00D5 "Õ" */
    0x0, 0xf, 0xc0, 0xe, 0x0, 0x0, 0x3f, 0xe0,
    0x3c, 0x0, 0x0, 0xff, 0xf0, 0xf0, 0x0, 0x3,
    0xff, 0xff, 0xe0, 0x0, 0x7, 0x87, 0xff, 0x80,
    0x0, 0x1e, 0x3, 0xfe, 0x0, 0x0, 0x3c, 0x0,
    0xf8, 0x0, 0x0, 0x0, 0x0, 0x0, 0x0, 0x0,
    0x0, 0x0, 0x0, 0x0, 0x0, 0x0, 0x0, 0x0,
    0x0, 0x0, 0x0, 0x0, 0x0, 0x0, 0x0, 0x0,
    0x0, 0x0, 0x0, 0x0, 0xff, 0xfe, 0x0, 0x0,
    0x7, 0xff, 0xff, 0x0, 0x0, 0x3f, 0xff, 0xff,
    0x80, 0x0, 0xff, 0xff, 0xff, 0x80, 0x3, 0xff,
    0xff, 0xff, 0x80, 0xf, 0xf8, 0x0, 0x7f, 0x80,
    0x3f, 0x80, 0x0, 0x3f, 0x80, 0xfe, 0x0, 0x0,
    0x3f, 0x81, 0xf8, 0x0, 0x0, 0x3f, 0x7, 0xe0,
    0x0, 0x0, 0x3f, 0xf, 0xc0, 0x0, 0x0, 0x7e,
    0x3f, 0x0, 0x0, 0x0, 0x7c, 0x7e, 0x0, 0x0,
    0x0, 0xfc, 0xf8, 0x0, 0x0, 0x0, 0xf9, 0xf0,
    0x0, 0x0, 0x1, 0xf7, 0xe0, 0x0, 0x0, 0x3,
    0xef, 0x80, 0x0, 0x0, 0x3, 0xff, 0x0, 0x0,
    0x0, 0x7, 0xfe, 0x0, 0x0, 0x0, 0xf, 0xfc,
    0x0, 0x0, 0x0, 0x1f, 0xf8, 0x0, 0x0, 0x0,
    0x3f, 0xf0, 0x0, 0x0, 0x0, 0x7f, 0xe0, 0x0,
    0x0, 0x0, 0xff, 0xc0, 0x0, 0x0, 0x1, 0xff,
    0x80, 0x0, 0x0, 0x3, 0xff, 0x0, 0x0, 0x0,
    0x7, 0xfe, 0x0, 0x0, 0x0, 0xf, 0xfc, 0x0,
    0x0, 0x0, 0x3e, 0x7c, 0x0, 0x0, 0x0, 0x7c,
    0xf8, 0x0, 0x0, 0x0, 0xf9, 0xf0, 0x0, 0x0,
    0x1, 0xf1, 0xf0, 0x0, 0x0, 0x7, 0xc3, 0xe0,
    0x0, 0x0, 0xf, 0x87, 0xe0, 0x0, 0x0, 0x3f,
    0x7, 0xc0, 0x0, 0x0, 0x7c, 0xf, 0xc0, 0x0,
    0x1, 0xf0, 0xf, 0xc0, 0x0, 0x7, 0xe0, 0xf,
    0xe0, 0x0, 0x1f, 0x80, 0xf, 0xf0, 0x1, 0xfe,
    0x0, 0xf, 0xff, 0xff, 0xf8, 0x0, 0xf, 0xff,
    0xff, 0xe0, 0x0, 0x7, 0xff, 0xff, 0x0, 0x0,
    0x3, 0xff, 0xf0, 0x0, 0x0, 0x0, 0x18, 0x0,
    0x0,

    /* U+00D6 "Ö" */
    0x0, 0x7, 0x0, 0xe0, 0x0, 0x0, 0x1f, 0x3,
    0xe0, 0x0, 0x0, 0x3e, 0x7, 0xc0, 0x0, 0x0,
    0x7c, 0xf, 0x80, 0x0, 0x0, 0xf8, 0x1f, 0x0,
    0x0, 0x0, 0xe0, 0x1c, 0x0, 0x0, 0x0, 0x0,
    0x0, 0x0, 0x0, 0x0, 0x0, 0x0, 0x0, 0x0,
    0x0, 0x0, 0x0, 0x0, 0x0, 0x0, 0x0, 0x0,
    0x0, 0x0, 0x0, 0x0, 0x0, 0x0, 0x0, 0x0,
    0x0, 0x0, 0x0, 0x0, 0xff, 0xfe, 0x0, 0x0,
    0x7, 0xff, 0xff, 0x0, 0x0, 0x3f, 0xff, 0xff,
    0x80, 0x0, 0xff, 0xff, 0xff, 0x80, 0x3, 0xff,
    0xff, 0xff, 0x80, 0xf, 0xf8, 0x0, 0x7f, 0x80,
    0x3f, 0x80, 0x0, 0x3f, 0x80, 0xfe, 0x0, 0x0,
    0x3f, 0x81, 0xf8, 0x0, 0x0, 0x3f, 0x7, 0xe0,
    0x0, 0x0, 0x3f, 0xf, 0xc0, 0x0, 0x0, 0x7e,
    0x3f, 0x0, 0x0, 0x0, 0x7c, 0x7e, 0x0, 0x0,
    0x0, 0xfc, 0xf8, 0x0, 0x0, 0x0, 0xf9, 0xf0,
    0x0, 0x0, 0x1, 0xf7, 0xe0, 0x0, 0x0, 0x3,
    0xef, 0x80, 0x0, 0x0, 0x3, 0xff, 0x0, 0x0,
    0x0, 0x7, 0xfe, 0x0, 0x0, 0x0, 0xf, 0xfc,
    0x0, 0x0, 0x0, 0x1f, 0xf8, 0x0, 0x0, 0x0,
    0x3f, 0xf0, 0x0, 0x0, 0x0, 0x7f, 0xe0, 0x0,
    0x0, 0x0, 0xff, 0xc0, 0x0, 0x0, 0x1, 0xff,
    0x80, 0x0, 0x0, 0x3, 0xff, 0x0, 0x0, 0x0,
    0x7, 0xfe, 0x0, 0x0, 0x0, 0xf, 0xfc, 0x0,
    0x0, 0x0, 0x3e, 0x7c, 0x0, 0x0, 0x0, 0x7c,
    0xf8, 0x0, 0x0, 0x0, 0xf9, 0xf0, 0x0, 0x0,
    0x1, 0xf1, 0xf0, 0x0, 0x0, 0x7, 0xc3, 0xe0,
    0x0, 0x0, 0xf, 0x87, 0xe0, 0x0, 0x0, 0x3f,
    0x7, 0xc0, 0x0, 0x0, 0x7c, 0xf, 0xc0, 0x0,
    0x1, 0xf0, 0xf, 0xc0, 0x0, 0x7, 0xe0, 0xf,
    0xe0, 0x0, 0x1f, 0x80, 0xf, 0xf0, 0x1, 0xfe,
    0x0, 0xf, 0xff, 0xff, 0xf8, 0x0, 0xf, 0xff,
    0xff, 0xe0, 0x0, 0x7, 0xff, 0xff, 0x0, 0x0,
    0x3, 0xff, 0xf0, 0x0, 0x0, 0x0, 0x18, 0x0,
    0x0,

    /* U+00D7 "×" */
    0x0, 0x0, 0x1, 0xc, 0x0, 0x0, 0xe7, 0x80,
    0x0, 0x7f, 0xf0, 0x0, 0x3f, 0x7e, 0x0, 0x1f,
    0x8f, 0xc0, 0xf, 0xc1, 0xf8, 0x7, 0xe0, 0x3f,
    0x3, 0xf0, 0x7, 0xe1, 0xf8, 0x0, 0xfc, 0xfc,
    0x0, 0x1f, 0xfe, 0x0, 0x3, 0xff, 0x0, 0x0,
    0x7f, 0x80, 0x0, 0xf, 0xc0, 0x0, 0x7, 0xf8,
    0x0, 0x3, 0xff, 0x0, 0x1, 0xff, 0xe0, 0x0,
    0xfc, 0xfc, 0x0, 0x7e, 0x1f, 0x80, 0x3f, 0x3,
    0xf0, 0x1f, 0x80, 0x7e, 0xf, 0xc0, 0xf, 0xc7,
    0xe0, 0x1, 0xfb, 0xf0, 0x0, 0x3f, 0xfc, 0x0,
    0x7, 0xde, 0x0, 0x0, 0xe3, 0x0, 0x0, 0x10,

    /* U+00D8 "Ø" */
    0x0, 0x0, 0x0, 0x0, 0x40, 0x0, 0x0, 0x0,
    0x0, 0xc0, 0x0, 0x1f, 0xff, 0x3, 0xc0, 0x1,
    0xff, 0xff, 0xcf, 0x80, 0xf, 0xff, 0xff, 0xff,
    0x0, 0x3f, 0xff, 0xff, 0xfc, 0x0, 0xff, 0xff,
    0xff, 0xf8, 0x3, 0xfe, 0x0, 0x3f, 0xe0, 0xf,
    0xe0, 0x0, 0x1f, 0xe0, 0x1f, 0x80, 0x0, 0x3f,
    0xe0, 0x7e, 0x0, 0x0, 0xff, 0xc1, 0xf8, 0x0,
    0x1, 0xff, 0xc3, 0xf0, 0x0, 0x7, 0xdf, 0x87,
    0xc0, 0x0, 0x1f, 0x9f, 0x1f, 0x80, 0x0, 0x7e,
    0x3f, 0x3e, 0x0, 0x0, 0xf8, 0x3e, 0x7c, 0x0,
    0x3, 0xe0, 0x7c, 0xf8, 0x0, 0xf, 0xc0, 0xfb,
    0xe0, 0x0, 0x3f, 0x0, 0xff, 0xc0, 0x0, 0x7c,
    0x1, 0xff, 0x80, 0x1, 0xf8, 0x3, 0xff, 0x0,
    0x7, 0xe0, 0x7, 0xfe, 0x0, 0xf, 0x80, 0xf,
    0xfc, 0x0, 0x3e, 0x0, 0x1f, 0xf8, 0x0, 0xfc,
    0x0, 0x3f, 0xf0, 0x3, 0xf0, 0x0, 0x7f, 0xe0,
    0x7, 0xc0, 0x0, 0xff, 0xc0, 0x1f, 0x0, 0x1,
    0xff, 0x80, 0x7e, 0x0, 0x3, 0xff, 0x0, 0xf8,
    0x0, 0xf, 0x9f, 0x3, 0xe0, 0x0, 0x1f, 0x3e,
    0xf, 0xc0, 0x0, 0x3e, 0x7c, 0x3f, 0x0, 0x0,
    0x7c, 0xfc, 0x7c, 0x0, 0x1, 0xf1, 0xf9, 0xf0,
    0x0, 0x3, 0xe1, 0xff, 0xe0, 0x0, 0xf, 0xc3,
    0xff, 0x80, 0x0, 0x1f, 0x3, 0xfe, 0x0, 0x0,
    0x7c, 0x7, 0xfc, 0x0, 0x1, 0xf8, 0x7, 0xf8,
    0x0, 0x7, 0xe0, 0x7, 0xfc, 0x0, 0x7f, 0x80,
    0x1f, 0xff, 0xff, 0xfe, 0x0, 0x7f, 0xff, 0xff,
    0xf8, 0x0, 0xfb, 0xff, 0xff, 0xc0, 0x3, 0xe1,
    0xff, 0xfc, 0x0, 0x3, 0x80, 0x6, 0x0, 0x0,
    0x0, 0x0, 0x0, 0x0, 0x0, 0x0,

    /* U+00D9 "Ù" */
    0x0, 0xfe, 0x0, 0x0, 0x0, 0x3f, 0x80, 0x0,
    0x0, 0xf, 0xc0, 0x0, 0x0, 0x3, 0xf0, 0x0,
    0x0, 0x0, 0xfc, 0x0, 0x0, 0x0, 0x3e, 0x0,
    0x0, 0x0, 0xf, 0x80, 0x0, 0x0, 0x3, 0xe0,
    0x0, 0x0, 0x0, 0xf8, 0x0, 0x0, 0x0, 0x3c,
    0x0, 0x0, 0x0, 0x0, 0x0, 0x0, 0x0, 0x0,
    0x0, 0x0, 0x0, 0x0, 0x0, 0x0, 0x0, 0x0,
    0x0, 0x3, 0xe0, 0x0, 0x0, 0x3f, 0xf0, 0x0,
    0x0, 0x1f, 0xf8, 0x0, 0x0, 0xf, 0xfc, 0x0,
    0x0, 0x7, 0xfe, 0x0, 0x0, 0x3, 0xff, 0x0,
    0x0, 0x1, 0xff, 0x80, 0x0, 0x0, 0xff, 0xc0,
    0x0, 0x0, 0x7f, 0xe0, 0x0, 0x0, 0x3f, 0xf0,
    0x0, 0x0, 0x1f, 0xf8, 0x0, 0x0, 0xf, 0xfc,
    0x0, 0x0, 0x7, 0xfe, 0x0, 0x0, 0x3, 0xff,
    0x0, 0x0, 0x1, 0xff, 0x80, 0x0, 0x0, 0xff,
    0xc0, 0x0, 0x0, 0x7f, 0xe0, 0x0, 0x0, 0x3f,
    0xf0, 0x0, 0x0, 0x1f, 0xf8, 0x0, 0x0, 0xf,
    0xfc, 0x0, 0x0, 0x7, 0xfe, 0x0, 0x0, 0x3,
    0xff, 0x0, 0x0, 0x1, 0xff, 0x80, 0x0, 0x0,
    0xff, 0xc0, 0x0, 0x0, 0x7f, 0xe0, 0x0, 0x0,
    0x3f, 0xf0, 0x0, 0x0, 0x1f, 0xf8, 0x0, 0x0,
    0xf, 0xfc, 0x0, 0x0, 0x7, 0xfe, 0x0, 0x0,
    0x3, 0xff, 0x0, 0x0, 0x1, 0xff, 0x80, 0x0,
    0x0, 0xff, 0xc0, 0x0, 0x0, 0x7d, 0xf0, 0x0,
    0x0, 0x7c, 0xf8, 0x0, 0x0, 0x3e, 0x7c, 0x0,
    0x0, 0x1f, 0x1f, 0x0, 0x0, 0x1f, 0xf, 0xc0,
    0x0, 0x1f, 0x83, 0xf0, 0x0, 0x1f, 0x80, 0xfe,
    0x0, 0x3f, 0x80, 0x7f, 0xff, 0xff, 0x80, 0xf,
    0xff, 0xff, 0x80, 0x3, 0xff, 0xff, 0x80, 0x0,
    0x3f, 0xfe, 0x0, 0x0, 0x0, 0xc0, 0x0, 0x0,

    /* U+00DA "Ú" */
    0x0, 0x0, 0x1f, 0xc0, 0x0, 0x0, 0x1f, 0xc0,
    0x0, 0x0, 0xf, 0xc0, 0x0, 0x0, 0xf, 0xc0,
    0x0, 0x0, 0xf, 0xc0, 0x0, 0x0, 0x7, 0xc0,
    0x0, 0x0, 0x7, 0xc0, 0x0, 0x0, 0x7, 0xc0,
    0x0, 0x0, 0x7, 0xc0, 0x0, 0x0, 0x3, 0xc0,
    0x0, 0x0, 0x0, 0x0, 0x0, 0x0, 0x0, 0x0,
    0x0, 0x0, 0x0, 0x0, 0x0, 0x0, 0x0, 0x0,
    0x0, 0x3, 0xe0, 0x0, 0x0, 0x3f, 0xf0, 0x0,
    0x0, 0x1f, 0xf8, 0x0, 0x0, 0xf, 0xfc, 0x0,
    0x0, 0x7, 0xfe, 0x0, 0x0, 0x3, 0xff, 0x0,
    0x0, 0x1, 0xff, 0x80, 0x0, 0x0, 0xff, 0xc0,
    0x0, 0x0, 0x7f, 0xe0, 0x0, 0x0, 0x3f, 0xf0,
    0x0, 0x0, 0x1f, 0xf8, 0x0, 0x0, 0xf, 0xfc,
    0x0, 0x0, 0x7, 0xfe, 0x0, 0x0, 0x3, 0xff,
    0x0, 0x0, 0x1, 0xff, 0x80, 0x0, 0x0, 0xff,
    0xc0, 0x0, 0x0, 0x7f, 0xe0, 0x0, 0x0, 0x3f,
    0xf0, 0x0, 0x0, 0x1f, 0xf8, 0x0, 0x0, 0xf,
    0xfc, 0x0, 0x0, 0x7, 0xfe, 0x0, 0x0, 0x3,
    0xff, 0x0, 0x0, 0x1, 0xff, 0x80, 0x0, 0x0,
    0xff, 0xc0, 0x0, 0x0, 0x7f, 0xe0, 0x0, 0x0,
    0x3f, 0xf0, 0x0, 0x0, 0x1f, 0xf8, 0x0, 0x0,
    0xf, 0xfc, 0x0, 0x0, 0x7, 0xfe, 0x0, 0x0,
    0x3, 0xff, 0x0, 0x0, 0x1, 0xff, 0x80, 0x0,
    0x0, 0xff, 0xc0, 0x0, 0x0, 0x7d, 0xf0, 0x0,
    0x0, 0x7c, 0xf8, 0x0, 0x0, 0x3e, 0x7c, 0x0,
    0x0, 0x1f, 0x1f, 0x0, 0x0, 0x1f, 0xf, 0xc0,
    0x0, 0x1f, 0x83, 0xf0, 0x0, 0x1f, 0x80, 0xfe,
    0x0, 0x3f, 0x80, 0x7f, 0xff, 0xff, 0x80, 0xf,
    0xff, 0xff, 0x80, 0x3, 0xff, 0xff, 0x80, 0x0,
    0x3f, 0xfe, 0x0, 0x0, 0x0, 0xc0, 0x0, 0x0,

    /* U+00DB "Û" */
    0x0, 0x3, 0xf0, 0x0, 0x0, 0x3, 0xfc, 0x0,
    0x0, 0x1, 0xfe, 0x0, 0x0, 0x1, 0xff, 0x80,
    0x0, 0x1, 0xff, 0xe0, 0x0, 0x1, 0xf9, 0xf8,
    0x0, 0x1, 0xf0, 0x7e, 0x0, 0x1, 0xf0, 0xf,
    0x80, 0x1, 0xf0, 0x3, 0xe0, 0x0, 0xf0, 0x0,
    0xf0, 0x0, 0x0, 0x0, 0x0, 0x0, 0x0, 0x0,
    0x0, 0x0, 0x0, 0x0, 0x0, 0x0, 0x0, 0x0,
    0x0, 0x3, 0xe0, 0x0, 0x0, 0x3f, 0xf0, 0x0,
    0x0, 0x1f, 0xf8, 0x0, 0x0, 0xf, 0xfc, 0x0,
    0x0, 0x7, 0xfe, 0x0, 0x0, 0x3, 0xff, 0x0,
    0x0, 0x1, 0xff, 0x80, 0x0, 0x0, 0xff, 0xc0,
    0x0, 0x0, 0x7f, 0xe0, 0x0, 0x0, 0x3f, 0xf0,
    0x0, 0x0, 0x1f, 0xf8, 0x0, 0x0, 0xf, 0xfc,
    0x0, 0x0, 0x7, 0xfe, 0x0, 0x0, 0x3, 0xff,
    0x0, 0x0, 0x1, 0xff, 0x80, 0x0, 0x0, 0xff,
    0xc0, 0x0, 0x0, 0x7f, 0xe0, 0x0, 0x0, 0x3f,
    0xf0, 0x0, 0x0, 0x1f, 0xf8, 0x0, 0x0, 0xf,
    0xfc, 0x0, 0x0, 0x7, 0xfe, 0x0, 0x0, 0x3,
    0xff, 0x0, 0x0, 0x1, 0xff, 0x80, 0x0, 0x0,
    0xff, 0xc0, 0x0, 0x0, 0x7f, 0xe0, 0x0, 0x0,
    0x3f, 0xf0, 0x0, 0x0, 0x1f, 0xf8, 0x0, 0x0,
    0xf, 0xfc, 0x0, 0x0, 0x7, 0xfe, 0x0, 0x0,
    0x3, 0xff, 0x0, 0x0, 0x1, 0xff, 0x80, 0x0,
    0x0, 0xff, 0xc0, 0x0, 0x0, 0x7d, 0xf0, 0x0,
    0x0, 0x7c, 0xf8, 0x0, 0x0, 0x3e, 0x7c, 0x0,
    0x0, 0x1f, 0x1f, 0x0, 0x0, 0x1f, 0xf, 0xc0,
    0x0, 0x1f, 0x83, 0xf0, 0x0, 0x1f, 0x80, 0xfe,
    0x0, 0x3f, 0x80, 0x7f, 0xff, 0xff, 0x80, 0xf,
    0xff, 0xff, 0x80, 0x3, 0xff, 0xff, 0x80, 0x0,
    0x3f, 0xfe, 0x0, 0x0, 0x0, 0xc0, 0x0, 0x0,

    /* U+00DC "Ü" */
    0x0, 0x70, 0x7, 0x0, 0x0, 0x7c, 0x7, 0xc0,
    0x0, 0x3e, 0x3, 0xe0, 0x0, 0x1f, 0x1, 0xf0,
    0x0, 0xf, 0x80, 0xf8, 0x0, 0x3, 0x80, 0x38,
    0x0, 0x0, 0x0, 0x0, 0x0, 0x0, 0x0, 0x0,
    0x0, 0x0, 0x0, 0x0, 0x0, 0x0, 0x0, 0x0,
    0x0, 0x0, 0x0, 0x0, 0x0, 0x0, 0x0, 0x0,
    0x0, 0xf, 0x80, 0x0, 0x0, 0xff, 0xc0, 0x0,
    0x0, 0x7f, 0xe0, 0x0, 0x0, 0x3f, 0xf0, 0x0,
    0x0, 0x1f, 0xf8, 0x0, 0x0, 0xf, 0xfc, 0x0,
    0x0, 0x7, 0xfe, 0x0, 0x0, 0x3, 0xff, 0x0,
    0x0, 0x1, 0xff, 0x80, 0x0, 0x0, 0xff, 0xc0,
    0x0, 0x0, 0x7f, 0xe0, 0x0, 0x0, 0x3f, 0xf0,
    0x0, 0x0, 0x1f, 0xf8, 0x0, 0x0, 0xf, 0xfc,
    0x0, 0x0, 0x7, 0xfe, 0x0, 0x0, 0x3, 0xff,
    0x0, 0x0, 0x1, 0xff, 0x80, 0x0, 0x0, 0xff,
    0xc0, 0x0, 0x0, 0x7f, 0xe0, 0x0, 0x0, 0x3f,
    0xf0, 0x0, 0x0, 0x1f, 0xf8, 0x0, 0x0, 0xf,
    0xfc, 0x0, 0x0, 0x7, 0xfe, 0x0, 0x0, 0x3,
    0xff, 0x0, 0x0, 0x1, 0xff, 0x80, 0x0, 0x0,
    0xff, 0xc0, 0x0, 0x0, 0x7f, 0xe0, 0x0, 0x0,
    0x3f, 0xf0, 0x0, 0x0, 0x1f, 0xf8, 0x0, 0x0,
    0xf, 0xfc, 0x0, 0x0, 0x7, 0xfe, 0x0, 0x0,
    0x3, 0xff, 0x0, 0x0, 0x1, 0xf7, 0xc0, 0x0,
    0x1, 0xf3, 0xe0, 0x0, 0x0, 0xf9, 0xf0, 0x0,
    0x0, 0x7c, 0x7c, 0x0, 0x0, 0x7c, 0x3f, 0x0,
    0x0, 0x7e, 0xf, 0xc0, 0x0, 0x7e, 0x3, 0xf8,
    0x0, 0xfe, 0x1, 0xff, 0xff, 0xfe, 0x0, 0x3f,
    0xff, 0xfe, 0x0, 0xf, 0xff, 0xfe, 0x0, 0x0,
    0xff, 0xf8, 0x0, 0x0, 0x3, 0x0, 0x0,

    /* U+00DD "Ý" */
    0x0, 0x0, 0x1f, 0xc0, 0x0, 0x0, 0xf, 0xe0,
    0x0, 0x0, 0x7, 0xf0, 0x0, 0x0, 0x1, 0xf8,
    0x0, 0x0, 0x0, 0xfc, 0x0, 0x0, 0x0, 0x3e,
    0x0, 0x0, 0x0, 0x1f, 0x0, 0x0, 0x0, 0xf,
    0x80, 0x0, 0x0, 0x3, 0xc0, 0x0, 0x0, 0x1,
    0xe0, 0x0, 0x0, 0x0, 0x0, 0x0, 0x0, 0x0,
    0x0, 0x0, 0x0, 0x0, 0x0, 0x0, 0x0, 0x0,
    0x0, 0x0, 0x0, 0xf, 0xc0, 0x0, 0x0, 0xfb,
    0xf0, 0x0, 0x0, 0x7e, 0x7e, 0x0, 0x0, 0x3f,
    0xf, 0x80, 0x0, 0xf, 0xc3, 0xf0, 0x0, 0x7,
    0xe0, 0x7c, 0x0, 0x1, 0xf8, 0x1f, 0x80, 0x0,
    0xfc, 0x3, 0xf0, 0x0, 0x3e, 0x0, 0xfc, 0x0,
    0x1f, 0x80, 0x1f, 0x80, 0x7, 0xc0, 0x7, 0xe0,
    0x3, 0xf0, 0x0, 0xfc, 0x0, 0xf8, 0x0, 0x3f,
    0x0, 0x7e, 0x0, 0x7, 0xe0, 0x1f, 0x0, 0x1,
    0xf8, 0xf, 0xc0, 0x0, 0x3f, 0x3, 0xe0, 0x0,
    0x7, 0xc1, 0xf0, 0x0, 0x1, 0xf8, 0x7c, 0x0,
    0x0, 0x3e, 0x3e, 0x0, 0x0, 0xf, 0xcf, 0x80,
    0x0, 0x1, 0xf7, 0xc0, 0x0, 0x0, 0x7f, 0xf0,
    0x0, 0x0, 0xf, 0xf8, 0x0, 0x0, 0x3, 0xfe,
    0x0, 0x0, 0x0, 0x7f, 0x0, 0x0, 0x0, 0x1f,
    0x80, 0x0, 0x0, 0x3, 0xe0, 0x0, 0x0, 0x0,
    0xf8, 0x0, 0x0, 0x0, 0x3e, 0x0, 0x0, 0x0,
    0xf, 0x80, 0x0, 0x0, 0x3, 0xe0, 0x0, 0x0,
    0x0, 0xf8, 0x0, 0x0, 0x0, 0x3e, 0x0, 0x0,
    0x0, 0xf, 0x80, 0x0, 0x0, 0x3, 0xe0, 0x0,
    0x0, 0x0, 0xf8, 0x0, 0x0, 0x0, 0x3e, 0x0,
    0x0, 0x0, 0xf, 0x80, 0x0, 0x0, 0x3, 0xe0,
    0x0, 0x0, 0x0, 0xf8, 0x0, 0x0, 0x0, 0x3e,
    0x0, 0x0, 0x0, 0xf, 0x80, 0x0, 0x0, 0x3,
    0xe0, 0x0, 0x0,

    /* U+00DE "Þ" */
    0xf8, 0x0, 0x0, 0x1f, 0x0, 0x0, 0x3, 0xe0,
    0x0, 0x0, 0x7c, 0x0, 0x0, 0xf, 0x80, 0x0,
    0x1, 0xf0, 0x0, 0x0, 0x3e, 0x0, 0x0, 0x7,
    0xc0, 0x0, 0x0, 0xff, 0xff, 0x80, 0x1f, 0xff,
    0xfe, 0x3, 0xff, 0xff, 0xf0, 0x7f, 0xff, 0xff,
    0x8f, 0x80, 0xf, 0xf9, 0xf0, 0x0, 0x7f, 0x3e,
    0x0, 0x3, 0xf7, 0xc0, 0x0, 0x3e, 0xf8, 0x0,
    0x7, 0xff, 0x0, 0x0, 0x7f, 0xe0, 0x0, 0xf,
    0xfc, 0x0, 0x1, 0xff, 0x80, 0x0, 0x3f, 0xf0,
    0x0, 0x7, 0xfe, 0x0, 0x0, 0xff, 0xc0, 0x0,
    0x3f, 0xf8, 0x0, 0x7, 0xdf, 0x0, 0x1, 0xfb,
    0xe0, 0x0, 0x3e, 0x7c, 0x0, 0x1f, 0xcf, 0x80,
    0x1f, 0xf1, 0xff, 0xff, 0xfc, 0x3f, 0xff, 0xfe,
    0x7, 0xff, 0xff, 0x0, 0xff, 0xff, 0x0, 0x1f,
    0x0, 0x0, 0x3, 0xe0, 0x0, 0x0, 0x7c, 0x0,
    0x0, 0xf, 0x80, 0x0, 0x1, 0xf0, 0x0, 0x0,
    0x3e, 0x0, 0x0, 0x7, 0xc0, 0x0, 0x0, 0xf8,
    0x0, 0x0, 0x1f, 0x0, 0x0, 0x3, 0xe0, 0x0,
    0x0, 0x0,

    /* U+00DF "ß" */
    0x0, 0xff, 0xc0, 0x0, 0x1f, 0xff, 0xe0, 0x0,
    0xff, 0xff, 0xe0, 0x7, 0xff, 0xff, 0xc0, 0x3f,
    0xc0, 0x7f, 0x81, 0xf8, 0x0, 0x7e, 0x7, 0xc0,
    0x0, 0xfc, 0x3f, 0x0, 0x1, 0xf0, 0xf8, 0x0,
    0x7, 0xc3, 0xe0, 0x0, 0x1f, 0xf, 0x80, 0x0,
    0x7c, 0x3e, 0x0, 0x3, 0xf0, 0xf8, 0x0, 0xf,
    0x83, 0xe0, 0x0, 0x7e, 0xf, 0x80, 0x7, 0xf0,
    0x3e, 0x0, 0x3f, 0x80, 0xf8, 0x1, 0xfc, 0x3,
    0xe0, 0xf, 0xe0, 0xf, 0x80, 0x3e, 0x0, 0x3e,
    0x1, 0xf8, 0x0, 0xf8, 0x7, 0xc0, 0x3, 0xe0,
    0x1f, 0x0, 0xf, 0x80, 0x7c, 0x0, 0x3e, 0x1,
    0xf8, 0x0, 0xf8, 0x3, 0xf0, 0x3, 0xe0, 0xf,
    0xf0, 0xf, 0x80, 0x1f, 0xe0, 0x3e, 0x0, 0x3f,
    0xe0, 0xf8, 0x0, 0x7f, 0xc3, 0xe0, 0x0, 0x7f,
    0x8f, 0x80, 0x0, 0xff, 0x3e, 0x0, 0x0, 0xfe,
    0xf8, 0x0, 0x1, 0xfb, 0xe0, 0x0, 0x3, 0xff,
    0x80, 0x0, 0xf, 0xfe, 0x0, 0x0, 0x1f, 0xf8,
    0x0, 0x0, 0x7f, 0xe0, 0x0, 0x1, 0xff, 0x80,
    0x0, 0x7, 0xfe, 0x0, 0x0, 0x1f, 0xf8, 0x20,
    0x0, 0xfb, 0xe0, 0xf0, 0x7, 0xef, 0x83, 0xff,
    0xff, 0x3e, 0xf, 0xff, 0xfc, 0xf8, 0x3f, 0xff,
    0xc3, 0xe0, 0x3f, 0xfe, 0x0, 0x0, 0x2, 0x0,
    0x0,

    /* U+00E0 "à" */
    0x3, 0xf0, 0x0, 0x0, 0xfe, 0x0, 0x0, 0x1f,
    0x80, 0x0, 0x3, 0xf0, 0x0, 0x0, 0x7e, 0x0,
    0x0, 0x1f, 0x80, 0x0, 0x3, 0xf0, 0x0, 0x0,
    0x7e, 0x0, 0x0, 0xf, 0x80, 0x0, 0x0, 0xf0,
    0x0, 0x0, 0x1c, 0x0, 0x0, 0x0, 0x0, 0x0,
    0x0, 0x0, 0x0, 0x0, 0x0, 0x0, 0x0, 0x20,
    0x0, 0x7, 0xff, 0xe0, 0x7, 0xff, 0xfc, 0x7,
    0xff, 0xff, 0xc0, 0xff, 0xff, 0xf0, 0x3c, 0x0,
    0xfe, 0x0, 0x0, 0xf, 0x80, 0x0, 0x3, 0xf0,
    0x0, 0x0, 0x7c, 0x0, 0x0, 0x1f, 0x0, 0x0,
    0x7, 0xc0, 0x0, 0x1, 0xf0, 0x0, 0x0, 0x7c,
    0x0, 0xff, 0xff, 0x3, 0xff, 0xff, 0xc3, 0xff,
    0xff, 0xf1, 0xff, 0xff, 0xfc, 0xff, 0x80, 0x1f,
    0x7f, 0x0, 0x7, 0xdf, 0x80, 0x1, 0xff, 0xc0,
    0x0, 0x7f, 0xe0, 0x0, 0x1f, 0xf8, 0x0, 0x7,
    0xfe, 0x0, 0x1, 0xff, 0x80, 0x0, 0xff, 0xe0,
    0x0, 0x3f, 0xf8, 0x0, 0x1f, 0xdf, 0x0, 0xf,
    0xf7, 0xe0, 0xf, 0xfc, 0xff, 0xff, 0xcf, 0x3f,
    0xff, 0xe3, 0xc7, 0xff, 0xf0, 0xf0, 0x7f, 0xf0,
    0x3c, 0x0, 0x80, 0x0,

    /* U+00E1 "á" */
    0x0, 0x0, 0x7e, 0x0, 0x0, 0x3f, 0x80, 0x0,
    0x1f, 0xc0, 0x0, 0x7, 0xe0, 0x0, 0x3, 0xf0,
    0x0, 0x0, 0xf8, 0x0, 0x0, 0x7e, 0x0, 0x0,
    0x3f, 0x0, 0x0, 0xf, 0x80, 0x0, 0x7, 0x80,
    0x0, 0x1, 0xc0, 0x0, 0x0, 0x0, 0x0, 0x0,
    0x0, 0x0, 0x0, 0x0, 0x0, 0x0, 0x0, 0x20,
    0x0, 0x7, 0xff, 0xe0, 0x7, 0xff, 0xfc, 0x7,
    0xff, 0xff, 0xc0, 0xff, 0xff, 0xf0, 0x3c, 0x0,
    0xfe, 0x0, 0x0, 0xf, 0x80, 0x0, 0x3, 0xf0,
    0x0, 0x0, 0x7c, 0x0, 0x0, 0x1f, 0x0, 0x0,
    0x7, 0xc0, 0x0, 0x1, 0xf0, 0x0, 0x0, 0x7c,
    0x0, 0xff, 0xff, 0x3, 0xff, 0xff, 0xc3, 0xff,
    0xff, 0xf1, 0xff, 0xff, 0xfc, 0xff, 0x80, 0x1f,
    0x7f, 0x0, 0x7, 0xdf, 0x80, 0x1, 0xff, 0xc0,
    0x0, 0x7f, 0xe0, 0x0, 0x1f, 0xf8, 0x0, 0x7,
    0xfe, 0x0, 0x1, 0xff, 0x80, 0x0, 0xff, 0xe0,
    0x0, 0x3f, 0xf8, 0x0, 0x1f, 0xdf, 0x0, 0xf,
    0xf7, 0xe0, 0xf, 0xfc, 0xff, 0xff, 0xcf, 0x3f,
    0xff, 0xe3, 0xc7, 0xff, 0xf0, 0xf0, 0x7f, 0xf0,
    0x3c, 0x0, 0x80, 0x0,

    /* U+00E2 "â" */
    0x0, 0x1f, 0x80, 0x0, 0xf, 0xe0, 0x0, 0x3,
    0xfc, 0x0, 0x1, 0xff, 0x80, 0x0, 0xff, 0xe0,
    0x0, 0x3e, 0xfc, 0x0, 0x1f, 0x1f, 0x80, 0xf,
    0x81, 0xf0, 0x7, 0xc0, 0x3e, 0x3, 0xe0, 0x7,
    0xc0, 0xe0, 0x0, 0x70, 0x0, 0x0, 0x0, 0x0,
    0x0, 0x0, 0x0, 0x0, 0x0, 0x0, 0x0, 0x0,
    0x0, 0x3, 0xff, 0xe0, 0x7, 0xff, 0xfc, 0x3,
    0xff, 0xff, 0xc0, 0xff, 0xff, 0xf0, 0x3c, 0x0,
    0xfe, 0x0, 0x0, 0xf, 0x80, 0x0, 0x3, 0xf0,
    0x0, 0x0, 0x7c, 0x0, 0x0, 0x1f, 0x0, 0x0,
    0x7, 0xc0, 0x0, 0x1, 0xf0, 0x0, 0x0, 0x7c,
    0x0, 0xff, 0xff, 0x3, 0xff, 0xff, 0xc3, 0xff,
    0xff, 0xf1, 0xff, 0xff, 0xfc, 0xff, 0x80, 0x1f,
    0x7f, 0x0, 0x7, 0xdf, 0x80, 0x1, 0xff, 0xc0,
    0x0, 0x7f, 0xe0, 0x0, 0x1f, 0xf8, 0x0, 0x7,
    0xfe, 0x0, 0x1, 0xff, 0x80, 0x0, 0xff, 0xe0,
    0x0, 0x3f, 0xf8, 0x0, 0x1f, 0xdf, 0x0, 0xf,
    0xf7, 0xe0, 0xf, 0xfc, 0xff, 0xff, 0xdf, 0x3f,
    0xff, 0xe3, 0xc7, 0xff, 0xf0, 0xf0, 0x7f, 0xf0,
    0x3c, 0x1, 0x80, 0x0,

    /* U+00E3 "ã" */
    0x1, 0xf0, 0x3, 0x81, 0xff, 0x80, 0xe0, 0xff,
    0xf8, 0x78, 0x3f, 0xff, 0xfc, 0x1e, 0x1f, 0xff,
    0x7, 0x1, 0xff, 0x81, 0xc0, 0xf, 0x80, 0x0,
    0x0, 0x0, 0x0, 0x0, 0x0, 0x0, 0x0, 0x0,
    0x0, 0x0, 0x0, 0x0, 0x0, 0x8, 0x0, 0x1,
    0xff, 0xf8, 0x1, 0xff, 0xff, 0x1, 0xff, 0xff,
    0xf0, 0x3f, 0xff, 0xfc, 0xf, 0x0, 0x3f, 0x80,
    0x0, 0x3, 0xe0, 0x0, 0x0, 0xfc, 0x0, 0x0,
    0x1f, 0x0, 0x0, 0x7, 0xc0, 0x0, 0x1, 0xf0,
    0x0, 0x0, 0x7c, 0x0, 0x0, 0x1f, 0x0, 0x3f,
    0xff, 0xc0, 0xff, 0xff, 0xf0, 0xff, 0xff, 0xfc,
    0x7f, 0xff, 0xff, 0x3f, 0xe0, 0x7, 0xdf, 0xc0,
    0x1, 0xf7, 0xe0, 0x0, 0x7f, 0xf0, 0x0, 0x1f,
    0xf8, 0x0, 0x7, 0xfe, 0x0, 0x1, 0xff, 0x80,
    0x0, 0x7f, 0xe0, 0x0, 0x3f, 0xf8, 0x0, 0xf,
    0xfe, 0x0, 0x7, 0xf7, 0xc0, 0x3, 0xfd, 0xf8,
    0x3, 0xff, 0x3f, 0xff, 0xf3, 0xcf, 0xff, 0xf8,
    0xf1, 0xff, 0xfc, 0x3c, 0x1f, 0xfc, 0xf, 0x0,
    0x20, 0x0, 0x0,

    /* U+00E4 "ä" */
    0x0, 0x80, 0x10, 0x0, 0xf8, 0x1f, 0x0, 0x3e,
    0x7, 0xc0, 0xf, 0x81, 0xf0, 0x3, 0xe0, 0x7c,
    0x0, 0x70, 0xe, 0x0, 0x8, 0x1, 0x0, 0x0,
    0x0, 0x0, 0x0, 0x0, 0x0, 0x0, 0x0, 0x0,
    0x0, 0x0, 0x0, 0x0, 0x0, 0x8, 0x0, 0x1,
    0xff, 0xf8, 0x1, 0xff, 0xff, 0x1, 0xff, 0xff,
    0xf0, 0x3f, 0xff, 0xfc, 0xf, 0x0, 0x3f, 0x80,
    0x0, 0x3, 0xe0, 0x0, 0x0, 0xfc, 0x0, 0x0,
    0x1f, 0x0, 0x0, 0x7, 0xc0, 0x0, 0x1, 0xf0,
    0x0, 0x0, 0x7c, 0x0, 0x0, 0x1f, 0x0, 0x3f,
    0xff, 0xc0, 0xff, 0xff, 0xf0, 0xff, 0xff, 0xfc,
    0x7f, 0xff, 0xff, 0x3f, 0xe0, 0x7, 0xdf, 0xc0,
    0x1, 0xf7, 0xe0, 0x0, 0x7f, 0xf0, 0x0, 0x1f,
    0xf8, 0x0, 0x7, 0xfe, 0x0, 0x1, 0xff, 0x80,
    0x0, 0x7f, 0xe0, 0x0, 0x3f, 0xf8, 0x0, 0xf,
    0xfe, 0x0, 0x7, 0xf7, 0xc0, 0x3, 0xfd, 0xf8,
    0x3, 0xff, 0x3f, 0xff, 0xf7, 0xcf, 0xff, 0xf9,
    0xf1, 0xff, 0xfc, 0x3c, 0x1f, 0xfc, 0xf, 0x0,
    0x60, 0x0, 0x0,

    /* U+00E5 "å" */
    0x0, 0xf, 0x80, 0x0, 0xf, 0xf8, 0x0, 0x7,
    0xff, 0x0, 0x3, 0xc3, 0xe0, 0x0, 0xe0, 0x38,
    0x0, 0x38, 0xe, 0x0, 0xe, 0x3, 0x80, 0x3,
    0x80, 0xe0, 0x0, 0xf0, 0x78, 0x0, 0x1f, 0xfc,
    0x0, 0x3, 0xfe, 0x0, 0x0, 0x7e, 0x0, 0x0,
    0x0, 0x0, 0x0, 0x0, 0x0, 0x0, 0x0, 0x0,
    0x0, 0x0, 0x0, 0x0, 0x0, 0x2, 0x0, 0x0,
    0x7f, 0xfe, 0x0, 0x7f, 0xff, 0xc0, 0x7f, 0xff,
    0xfc, 0xf, 0xff, 0xff, 0x3, 0xc0, 0xf, 0xe0,
    0x0, 0x0, 0xf8, 0x0, 0x0, 0x3f, 0x0, 0x0,
    0x7, 0xc0, 0x0, 0x1, 0xf0, 0x0, 0x0, 0x7c,
    0x0, 0x0, 0x1f, 0x0, 0x0, 0x7, 0xc0, 0xf,
    0xff, 0xf0, 0x3f, 0xff, 0xfc, 0x3f, 0xff, 0xff,
    0x1f, 0xff, 0xff, 0xcf, 0xf8, 0x1, 0xf7, 0xf0,
    0x0, 0x7d, 0xf8, 0x0, 0x1f, 0xfc, 0x0, 0x7,
    0xfe, 0x0, 0x1, 0xff, 0x80, 0x0, 0x7f, 0xe0,
    0x0, 0x1f, 0xf8, 0x0, 0xf, 0xfe, 0x0, 0x3,
    0xff, 0x80, 0x1, 0xfd, 0xf0, 0x0, 0xff, 0x7e,
    0x0, 0xff, 0xcf, 0xff, 0xfc, 0xf3, 0xff, 0xfe,
    0x3c, 0x7f, 0xff, 0xf, 0x7, 0xff, 0x3, 0xc0,
    0x8, 0x0, 0x0,

    /* U+00E6 "æ" */
    0x0, 0x4, 0x0, 0x0, 0x40, 0x0, 0x7, 0xff,
    0x80, 0x3f, 0xf8, 0x0, 0xff, 0xff, 0x83, 0xff,
    0xf0, 0x7, 0xff, 0xff, 0x1f, 0xff, 0xf0, 0x1f,
    0xff, 0xfe, 0xff, 0xff, 0xe0, 0x7c, 0x1, 0xff,
    0xe0, 0x1f, 0x80, 0x80, 0x3, 0xff, 0x0, 0x1f,
    0x0, 0x0, 0x7, 0xf8, 0x0, 0x7e, 0x0, 0x0,
    0xf, 0xc0, 0x0, 0xf8, 0x0, 0x0, 0x3f, 0x0,
    0x3, 0xe0, 0x0, 0x0, 0xf8, 0x0, 0x7, 0xc0,
    0x0, 0x3, 0xe0, 0x0, 0x1f, 0x0, 0x0, 0xf,
    0x80, 0x0, 0x7c, 0x0, 0x0, 0x3e, 0x0, 0x1,
    0xf0, 0x7, 0xff, 0xff, 0xff, 0xff, 0xc0, 0xff,
    0xff, 0xff, 0xff, 0xff, 0xf, 0xff, 0xff, 0xff,
    0xff, 0xfc, 0x7f, 0xff, 0xff, 0xff, 0xff, 0xf3,
    0xfc, 0x0, 0xf8, 0x0, 0x0, 0x1f, 0x80, 0x3,
    0xe0, 0x0, 0x0, 0x7c, 0x0, 0xf, 0x80, 0x0,
    0x3, 0xf0, 0x0, 0x3e, 0x0, 0x0, 0xf, 0x80,
    0x0, 0xf8, 0x0, 0x0, 0x3e, 0x0, 0x3, 0xf0,
    0x0, 0x0, 0xf8, 0x0, 0x1f, 0xc0, 0x0, 0x3,
    0xe0, 0x0, 0x7f, 0x80, 0x0, 0xf, 0x80, 0x3,
    0xfe, 0x0, 0x0, 0x3f, 0x0, 0x1f, 0xfc, 0x0,
    0x2, 0x7e, 0x0, 0xf9, 0xfc, 0x0, 0x79, 0xff,
    0xff, 0xc3, 0xff, 0xff, 0xe3, 0xff, 0xfe, 0x7,
    0xff, 0xff, 0x87, 0xff, 0xf0, 0xf, 0xff, 0xfe,
    0x7, 0xff, 0x0, 0xf, 0xff, 0xc0, 0x1, 0x80,
    0x0, 0x0, 0xc0, 0x0,

    /* U+00E7 "ç" */
    0x0, 0x0, 0x0, 0x0, 0x7f, 0xfc, 0x1, 0xff,
    0xfe, 0x7, 0xff, 0xfe, 0xf, 0xff, 0xfe, 0x1f,
    0xc0, 0xc, 0x1f, 0x80, 0x0, 0x3f, 0x0, 0x0,
    0x3e, 0x0, 0x0, 0x7c, 0x0, 0x0, 0x7c, 0x0,
    0x0, 0x7c, 0x0, 0x0, 0xf8, 0x0, 0x0, 0xf8,
    0x0, 0x0, 0xf8, 0x0, 0x0, 0xf8, 0x0, 0x0,
    0xf8, 0x0, 0x0, 0xf8, 0x0, 0x0, 0xf8, 0x0,
    0x0, 0xf8, 0x0, 0x0, 0xf8, 0x0, 0x0, 0xf8,
    0x0, 0x0, 0xfc, 0x0, 0x0, 0x7c, 0x0, 0x0,
    0x7c, 0x0, 0x0, 0x7e, 0x0, 0x0, 0x3f, 0x0,
    0x0, 0x3f, 0x0, 0x0, 0x1f, 0xc0, 0x6, 0xf,
    0xff, 0xfe, 0x7, 0xff, 0xfe, 0x1, 0xff, 0xfe,
    0x0, 0x7f, 0xfc, 0x0, 0xf, 0x0, 0x0, 0x1e,
    0x0, 0x0, 0x1c, 0x0, 0x0, 0x3f, 0x0, 0x0,
    0x3f, 0xc0, 0x0, 0x7, 0xe0, 0x0, 0x1, 0xf0,
    0x0, 0x1, 0xf0, 0x0, 0x1, 0xf0, 0x0, 0x3,
    0xf0, 0x1, 0xff, 0xe0, 0x1, 0xff, 0xe0, 0x1,
    0xff, 0xc0, 0x1, 0xfe, 0x0,

    /* U+00E8 "è" */
    0x7, 0xf0, 0x0, 0x0, 0x7f, 0x0, 0x0, 0xf,
    0xe0, 0x0, 0x0, 0xfe, 0x0, 0x0, 0xf, 0xc0,
    0x0, 0x0, 0xfc, 0x0, 0x0, 0xf, 0xc0, 0x0,
    0x0, 0xf8, 0x0, 0x0, 0xf, 0x80, 0x0, 0x0,
    0xf8, 0x0, 0x0, 0xf, 0x0, 0x0, 0x0, 0x0,
    0x0, 0x0, 0x0, 0x0, 0x0, 0x0, 0x0, 0x0,
    0x0, 0x0, 0x0, 0x3, 0xff, 0x0, 0x1, 0xff,
    0xf8, 0x0, 0xff, 0xff, 0xc0, 0x3f, 0xff, 0xfc,
    0xf, 0xe0, 0x1f, 0x81, 0xf0, 0x1, 0xf8, 0x7c,
    0x0, 0x1f, 0x8f, 0x80, 0x1, 0xf3, 0xe0, 0x0,
    0x3e, 0x7c, 0x0, 0x3, 0xef, 0x0, 0x0, 0x7f,
    0xe0, 0x0, 0xf, 0xfc, 0x0, 0x1, 0xff, 0xff,
    0xff, 0xff, 0xff, 0xff, 0xff, 0xff, 0xff, 0xff,
    0xff, 0xff, 0xff, 0xff, 0xf8, 0x0, 0x0, 0x1f,
    0x0, 0x0, 0x3, 0xe0, 0x0, 0x0, 0x7c, 0x0,
    0x0, 0x7, 0xc0, 0x0, 0x0, 0xf8, 0x0, 0x0,
    0x1f, 0x0, 0x0, 0x1, 0xf0, 0x0, 0x0, 0x3f,
    0x0, 0x0, 0x3, 0xf0, 0x0, 0x8, 0x7f, 0x0,
    0xf, 0x7, 0xff, 0xff, 0xe0, 0x7f, 0xff, 0xfc,
    0x3, 0xff, 0xff, 0x80, 0x1f, 0xff, 0x80, 0x0,
    0x18, 0x0,

    /* U+00E9 "é" */
    0x0, 0x0, 0xfe, 0x0, 0x0, 0x1f, 0x80, 0x0,
    0x7, 0xf0, 0x0, 0x1, 0xfc, 0x0, 0x0, 0x3f,
    0x0, 0x0, 0xf, 0xc0, 0x0, 0x1, 0xf0, 0x0,
    0x0, 0x7c, 0x0, 0x0, 0x1f, 0x0, 0x0, 0x7,
    0xc0, 0x0, 0x0, 0xf0, 0x0, 0x0, 0x0, 0x0,
    0x0, 0x0, 0x0, 0x0, 0x0, 0x0, 0x0, 0x0,
    0x0, 0x0, 0x0, 0x3, 0xff, 0x0, 0x1, 0xff,
    0xf8, 0x0, 0xff, 0xff, 0xc0, 0x3f, 0xff, 0xfc,
    0xf, 0xe0, 0x1f, 0x81, 0xf0, 0x1, 0xf8, 0x7c,
    0x0, 0x1f, 0x8f, 0x80, 0x1, 0xf3, 0xe0, 0x0,
    0x3e, 0x7c, 0x0, 0x3, 0xef, 0x0, 0x0, 0x7f,
    0xe0, 0x0, 0xf, 0xfc, 0x0, 0x1, 0xff, 0xff,
    0xff, 0xff, 0xff, 0xff, 0xff, 0xff, 0xff, 0xff,
    0xff, 0xff, 0xff, 0xff, 0xf8, 0x0, 0x0, 0x1f,
    0x0, 0x0, 0x3, 0xe0, 0x0, 0x0, 0x7c, 0x0,
    0x0, 0x7, 0xc0, 0x0, 0x0, 0xf8, 0x0, 0x0,
    0x1f, 0x0, 0x0, 0x1, 0xf0, 0x0, 0x0, 0x3f,
    0x0, 0x0, 0x3, 0xf0, 0x0, 0x8, 0x7f, 0x0,
    0xf, 0x7, 0xff, 0xff, 0xe0, 0x7f, 0xff, 0xfc,
    0x3, 0xff, 0xff, 0x80, 0x1f, 0xff, 0x80, 0x0,
    0x18, 0x0,

    /* U+00EA "ê" */
    0x0, 0x1f, 0x0, 0x0, 0x7, 0xf0, 0x0, 0x0,
    0xff, 0x0, 0x0, 0x3f, 0xe0, 0x0, 0xf, 0xfe,
    0x0, 0x3, 0xf7, 0xe0, 0x0, 0x7c, 0x7e, 0x0,
    0x1f, 0x7, 0xe0, 0x7, 0xc0, 0x7e, 0x1, 0xe0,
    0x3, 0xe0, 0x38, 0x0, 0x3c, 0x0, 0x0, 0x0,
    0x0, 0x0, 0x0, 0x0, 0x0, 0x0, 0x0, 0x0,
    0x0, 0x0, 0x0, 0x3, 0xff, 0x0, 0x1, 0xff,
    0xf8, 0x0, 0xff, 0xff, 0xc0, 0x3f, 0xff, 0xfc,
    0xf, 0xe0, 0x1f, 0x81, 0xf0, 0x1, 0xf8, 0x7c,
    0x0, 0x1f, 0x8f, 0x80, 0x1, 0xf3, 0xe0, 0x0,
    0x3e, 0x7c, 0x0, 0x3, 0xef, 0x0, 0x0, 0x7f,
    0xe0, 0x0, 0xf, 0xfc, 0x0, 0x1, 0xff, 0xff,
    0xff, 0xff, 0xff, 0xff, 0xff, 0xff, 0xff, 0xff,
    0xff, 0xff, 0xff, 0xff, 0xf8, 0x0, 0x0, 0x1f,
    0x0, 0x0, 0x3, 0xe0, 0x0, 0x0, 0x7c, 0x0,
    0x0, 0x7, 0xc0, 0x0, 0x0, 0xf8, 0x0, 0x0,
    0x1f, 0x0, 0x0, 0x1, 0xf0, 0x0, 0x0, 0x3f,
    0x0, 0x0, 0x3, 0xf0, 0x0, 0x8, 0x7f, 0x0,
    0xf, 0x7, 0xff, 0xff, 0xe0, 0x3f, 0xff, 0xfc,
    0x3, 0xff, 0xff, 0x80, 0x1f, 0xff, 0x80, 0x0,
    0x1c, 0x0,

    /* U+00EB "ë" */
    0x0, 0x80, 0x10, 0x0, 0x7c, 0xf, 0x0, 0xf,
    0x81, 0xf0, 0x1, 0xf0, 0x3e, 0x0, 0x3e, 0x7,
    0xc0, 0x3, 0x80, 0x70, 0x0, 0x20, 0x4, 0x0,
    0x0, 0x0, 0x0, 0x0, 0x0, 0x0, 0x0, 0x0,
    0x0, 0x0, 0x0, 0x0, 0x0, 0x0, 0x0, 0x0,
    0x0, 0x7, 0xfe, 0x0, 0x3, 0xff, 0xf0, 0x1,
    0xff, 0xff, 0x80, 0x7f, 0xff, 0xf8, 0x1f, 0xc0,
    0x3f, 0x3, 0xf0, 0x1, 0xf0, 0xfc, 0x0, 0x3f,
    0x1f, 0x80, 0x3, 0xe7, 0xe0, 0x0, 0x7c, 0xfc,
    0x0, 0x7, 0xdf, 0x0, 0x0, 0xff, 0xe0, 0x0,
    0x1f, 0xfc, 0x0, 0x3, 0xff, 0xff, 0xff, 0xff,
    0xff, 0xff, 0xff, 0xff, 0xff, 0xff, 0xff, 0xff,
    0xff, 0xff, 0xf8, 0x0, 0x0, 0x3f, 0x0, 0x0,
    0x7, 0xe0, 0x0, 0x0, 0xfc, 0x0, 0x0, 0xf,
    0x80, 0x0, 0x1, 0xf8, 0x0, 0x0, 0x3f, 0x0,
    0x0, 0x3, 0xf0, 0x0, 0x0, 0x7f, 0x0, 0x0,
    0x7, 0xf0, 0x0, 0x10, 0xff, 0x0, 0x1e, 0xf,
    0xff, 0xff, 0xc0, 0xff, 0xff, 0xf8, 0x7, 0xff,
    0xff, 0x0, 0x3f, 0xff, 0x0, 0x0, 0x30, 0x0,

    /* U+00EC "ì" */
    0xfc, 0xf, 0xe0, 0x7e, 0x3, 0xf0, 0x3f, 0x1,
    0xf8, 0xf, 0xc0, 0x7c, 0x3, 0xe0, 0x1f, 0x0,
    0xf0, 0x0, 0x0, 0x0, 0x0, 0x0, 0x0, 0x7c,
    0x7, 0xc0, 0x7c, 0x7, 0xc0, 0x7c, 0x7, 0xc0,
    0x7c, 0x7, 0xc0, 0x7c, 0x7, 0xc0, 0x7c, 0x7,
    0xc0, 0x7c, 0x7, 0xc0, 0x7c, 0x7, 0xc0, 0x7c,
    0x7, 0xc0, 0x7c, 0x7, 0xc0, 0x7c, 0x7, 0xc0,
    0x7c, 0x7, 0xc0, 0x7c, 0x7, 0xc0, 0x7c, 0x7,
    0xc0, 0x7c, 0x7, 0xc0, 0x7c, 0x7, 0xc0,

    /* U+00ED "í" */
    0x3, 0xf8, 0x3f, 0x81, 0xfc, 0x1f, 0xc0, 0xfc,
    0xf, 0xc0, 0x7c, 0x7, 0xc0, 0x7c, 0x3, 0xc0,
    0x3c, 0x0, 0x0, 0x0, 0x0, 0x0, 0x0, 0x0,
    0xf, 0x80, 0x7c, 0x3, 0xe0, 0x1f, 0x0, 0xf8,
    0x7, 0xc0, 0x3e, 0x1, 0xf0, 0xf, 0x80, 0x7c,
    0x3, 0xe0, 0x1f, 0x0, 0xf8, 0x7, 0xc0, 0x3e,
    0x1, 0xf0, 0xf, 0x80, 0x7c, 0x3, 0xe0, 0x1f,
    0x0, 0xf8, 0x7, 0xc0, 0x3e, 0x1, 0xf0, 0xf,
    0x80, 0x7c, 0x3, 0xe0, 0x1f, 0x0, 0xf8, 0x7,
    0xc0, 0x3e, 0x1, 0xf0, 0x0,

    /* U+00EE "î" */
    0x0, 0xf8, 0x0, 0x1f, 0xc0, 0x3, 0xfc, 0x0,
    0x3f, 0xe0, 0x7, 0xff, 0x0, 0xfd, 0xf0, 0x1f,
    0x8f, 0x83, 0xf0, 0x7c, 0x7e, 0x3, 0xef, 0x80,
    0x1f, 0xf0, 0x0, 0x70, 0x0, 0x0, 0x0, 0x0,
    0x0, 0x0, 0x0, 0x0, 0x0, 0x0, 0xf, 0x80,
    0x0, 0xf8, 0x0, 0xf, 0x80, 0x0, 0xf8, 0x0,
    0xf, 0x80, 0x0, 0xf8, 0x0, 0xf, 0x80, 0x0,
    0xf8, 0x0, 0xf, 0x80, 0x0, 0xf8, 0x0, 0xf,
    0x80, 0x0, 0xf8, 0x0, 0xf, 0x80, 0x0, 0xf8,
    0x0, 0xf, 0x80, 0x0, 0xf8, 0x0, 0xf, 0x80,
    0x0, 0xf8, 0x0, 0xf, 0x80, 0x0, 0xf8, 0x0,
    0xf, 0x80, 0x0, 0xf8, 0x0, 0xf, 0x80, 0x0,
    0xf8, 0x0, 0xf, 0x80, 0x0, 0xf8, 0x0, 0xf,
    0x80, 0x0, 0xf8, 0x0, 0xf, 0x80, 0x0, 0xf8,
    0x0, 0xf, 0x80, 0x0, 0xf8, 0x0,

    /* U+00EF "ï" */
    0x20, 0x2, 0x7c, 0x7, 0xbe, 0x3, 0xff, 0x1,
    0xff, 0x80, 0xfb, 0x80, 0x38, 0x80, 0x8, 0x0,
    0x0, 0x0, 0x0, 0x0, 0x0, 0x0, 0x0, 0x0,
    0x0, 0x0, 0x3e, 0x0, 0x1f, 0x0, 0xf, 0x80,
    0x7, 0xc0, 0x3, 0xe0, 0x1, 0xf0, 0x0, 0xf8,
    0x0, 0x7c, 0x0, 0x3e, 0x0, 0x1f, 0x0, 0xf,
    0x80, 0x7, 0xc0, 0x3, 0xe0, 0x1, 0xf0, 0x0,
    0xf8, 0x0, 0x7c, 0x0, 0x3e, 0x0, 0x1f, 0x0,
    0xf, 0x80, 0x7, 0xc0, 0x3, 0xe0, 0x1, 0xf0,
    0x0, 0xf8, 0x0, 0x7c, 0x0, 0x3e, 0x0, 0x1f,
    0x0, 0xf, 0x80, 0x7, 0xc0, 0x3, 0xe0, 0x1,
    0xf0, 0x0, 0xf8, 0x0, 0x7c, 0x0,

    /* U+00F0 "ð" */
    0x0, 0x40, 0x0, 0x0, 0x1, 0xc0, 0x6, 0x0,
    0xf, 0xc0, 0x7c, 0x0, 0x3f, 0xc3, 0xf8, 0x0,
    0xff, 0xbf, 0xc0, 0x0, 0xff, 0xfc, 0x0, 0x0,
    0xff, 0xc0, 0x0, 0x3, 0xfe, 0x0, 0x0, 0x3f,
    0xfc, 0x0, 0x1, 0xff, 0xf8, 0x0, 0x1f, 0xe7,
    0xf0, 0x0, 0xfe, 0xf, 0xc0, 0x1, 0xf0, 0x1f,
    0x80, 0x3, 0x0, 0x3f, 0x0, 0x0, 0x0, 0x7c,
    0x0, 0x0, 0x0, 0xf8, 0x0, 0x0, 0x3, 0xe0,
    0x0, 0x0, 0x7, 0xc0, 0x3, 0xfe, 0x1f, 0x0,
    0x7f, 0xff, 0x3c, 0x3, 0xff, 0xfe, 0xf8, 0x3f,
    0xff, 0xff, 0xe1, 0xfe, 0x1, 0xff, 0x87, 0xe0,
    0x1, 0xfe, 0x3f, 0x0, 0x3, 0xfd, 0xf8, 0x0,
    0x7, 0xf7, 0xc0, 0x0, 0xf, 0xdf, 0x0, 0x0,
    0x3f, 0xf8, 0x0, 0x0, 0x7f, 0xe0, 0x0, 0x1,
    0xff, 0x80, 0x0, 0x7, 0xfe, 0x0, 0x0, 0x1f,
    0xf8, 0x0, 0x0, 0x7f, 0xe0, 0x0, 0x1, 0xff,
    0x80, 0x0, 0x7, 0xfe, 0x0, 0x0, 0x1f, 0xf8,
    0x0, 0x0, 0xf9, 0xf0, 0x0, 0x3, 0xe7, 0xc0,
    0x0, 0xf, 0x9f, 0x80, 0x0, 0x7c, 0x3e, 0x0,
    0x1, 0xf0, 0xfc, 0x0, 0xf, 0x81, 0xfc, 0x0,
    0xfe, 0x3, 0xff, 0xff, 0xf0, 0x7, 0xff, 0xff,
    0x80, 0x7, 0xff, 0xf8, 0x0, 0x7, 0xff, 0x80,
    0x0, 0x0, 0xc0, 0x0,

    /* U+00F1 "ñ" */
    0x3, 0xf0, 0x7, 0x0, 0xff, 0x80, 0xe0, 0x3f,
    0xfc, 0x3c, 0xf, 0xff, 0xff, 0x1, 0xe1, 0xff,
    0xe0, 0x38, 0xf, 0xf8, 0xe, 0x0, 0x7e, 0x0,
    0x0, 0x0, 0x0, 0x0, 0x0, 0x0, 0x0, 0x0,
    0x0, 0x0, 0x0, 0x0, 0x0, 0x0, 0x0, 0x80,
    0xf, 0x3, 0xff, 0x81, 0xe1, 0xff, 0xfc, 0x3c,
    0xff, 0xff, 0xc7, 0xff, 0xff, 0xfc, 0xff, 0xc0,
    0x1f, 0xdf, 0xe0, 0x1, 0xfb, 0xf8, 0x0, 0x1f,
    0x7e, 0x0, 0x3, 0xff, 0xc0, 0x0, 0x3f, 0xf8,
    0x0, 0x7, 0xfe, 0x0, 0x0, 0xff, 0xc0, 0x0,
    0x1f, 0xf8, 0x0, 0x3, 0xff, 0x0, 0x0, 0x7f,
    0xe0, 0x0, 0xf, 0xfc, 0x0, 0x1, 0xff, 0x80,
    0x0, 0x3f, 0xf0, 0x0, 0x7, 0xfe, 0x0, 0x0,
    0xff, 0xc0, 0x0, 0x1f, 0xf8, 0x0, 0x3, 0xff,
    0x0, 0x0, 0x7f, 0xe0, 0x0, 0xf, 0xfc, 0x0,
    0x1, 0xff, 0x80, 0x0, 0x3f, 0xf0, 0x0, 0x7,
    0xfe, 0x0, 0x0, 0xff, 0xc0, 0x0, 0x1f, 0xf8,
    0x0, 0x3, 0xff, 0x0, 0x0, 0x7f, 0xe0, 0x0,
    0xf, 0xfc, 0x0, 0x1, 0xf0,

    /* U+00F2 "ò" */
    0x1, 0xf8, 0x0, 0x0, 0x7, 0xf0, 0x0, 0x0,
    0xf, 0xc0, 0x0, 0x0, 0x1f, 0x80, 0x0, 0x0,
    0x7f, 0x0, 0x0, 0x0, 0xfc, 0x0, 0x0, 0x1,
    0xf8, 0x0, 0x0, 0x3, 0xf0, 0x0, 0x0, 0x7,
    0xe0, 0x0, 0x0, 0x7, 0x80, 0x0, 0x0, 0xf,
    0x0, 0x0, 0x0, 0x0, 0x0, 0x0, 0x0, 0x0,
    0x0, 0x0, 0x0, 0x0, 0x0, 0x0, 0x0, 0x0,
    0x0, 0x1f, 0xfe, 0x0, 0x1, 0xff, 0xfe, 0x0,
    0x1f, 0xff, 0xfc, 0x0, 0xff, 0xff, 0xfc, 0x7,
    0xf0, 0x3, 0xf0, 0x1f, 0x80, 0x7, 0xe0, 0xfc,
    0x0, 0xf, 0xc3, 0xe0, 0x0, 0x1f, 0x1f, 0x0,
    0x0, 0x3e, 0x7c, 0x0, 0x0, 0xf9, 0xf0, 0x0,
    0x3, 0xef, 0x80, 0x0, 0x7, 0xfe, 0x0, 0x0,
    0x1f, 0xf8, 0x0, 0x0, 0x7f, 0xe0, 0x0, 0x1,
    0xff, 0x80, 0x0, 0x7, 0xfe, 0x0, 0x0, 0x1f,
    0xf8, 0x0, 0x0, 0x7f, 0xe0, 0x0, 0x1, 0xff,
    0x80, 0x0, 0x7, 0xfe, 0x0, 0x0, 0x1f, 0x7c,
    0x0, 0x0, 0xf9, 0xf0, 0x0, 0x3, 0xe7, 0xc0,
    0x0, 0xf, 0x8f, 0x80, 0x0, 0x7c, 0x3f, 0x0,
    0x3, 0xf0, 0x7e, 0x0, 0x1f, 0x80, 0xfc, 0x0,
    0xfe, 0x1, 0xff, 0xff, 0xf0, 0x3, 0xff, 0xff,
    0x0, 0x7, 0xff, 0xf8, 0x0, 0x7, 0xff, 0x80,
    0x0, 0x0, 0x80, 0x0,

    /* U+00F3 "ó" */
    0x0, 0x0, 0x3f, 0x0, 0x0, 0x1, 0xfc, 0x0,
    0x0, 0x7, 0xe0, 0x0, 0x0, 0x3f, 0x80, 0x0,
    0x1, 0xfc, 0x0, 0x0, 0x7, 0xe0, 0x0, 0x0,
    0x3f, 0x0, 0x0, 0x1, 0xf8, 0x0, 0x0, 0x7,
    0xc0, 0x0, 0x0, 0x3e, 0x0, 0x0, 0x0, 0xe0,
    0x0, 0x0, 0x0, 0x0, 0x0, 0x0, 0x0, 0x0,
    0x0, 0x0, 0x0, 0x0, 0x0, 0x0, 0x0, 0x0,
    0x0, 0x1f, 0xfe, 0x0, 0x1, 0xff, 0xfe, 0x0,
    0x1f, 0xff, 0xfc, 0x0, 0xff, 0xff, 0xfc, 0x7,
    0xf0, 0x3, 0xf0, 0x1f, 0x80, 0x7, 0xe0, 0xfc,
    0x0, 0xf, 0xc3, 0xe0, 0x0, 0x1f, 0x1f, 0x0,
    0x0, 0x3e, 0x7c, 0x0, 0x0, 0xf9, 0xf0, 0x0,
    0x3, 0xef, 0x80, 0x0, 0x7, 0xfe, 0x0, 0x0,
    0x1f, 0xf8, 0x0, 0x0, 0x7f, 0xe0, 0x0, 0x1,
    0xff, 0x80, 0x0, 0x7, 0xfe, 0x0, 0x0, 0x1f,
    0xf8, 0x0, 0x0, 0x7f, 0xe0, 0x0, 0x1, 0xff,
    0x80, 0x0, 0x7, 0xfe, 0x0, 0x0, 0x1f, 0x7c,
    0x0, 0x0, 0xf9, 0xf0, 0x0, 0x3, 0xe7, 0xc0,
    0x0, 0xf, 0x8f, 0x80, 0x0, 0x7c, 0x3f, 0x0,
    0x3, 0xf0, 0x7e, 0x0, 0x1f, 0x80, 0xfc, 0x0,
    0xfe, 0x1, 0xff, 0xff, 0xf0, 0x3, 0xff, 0xff,
    0x0, 0x7, 0xff, 0xf8, 0x0, 0x7, 0xff, 0x80,
    0x0, 0x0, 0x80, 0x0,

    /* U+00F4 "ô" */
    0x0, 0xf, 0xc0, 0x0, 0x0, 0x7f, 0x0, 0x0,
    0x1, 0xfe, 0x0, 0x0, 0xf, 0xfc, 0x0, 0x0,
    0x7f, 0xf0, 0x0, 0x1, 0xf7, 0xe0, 0x0, 0xf,
    0x87, 0xc0, 0x0, 0x7c, 0xf, 0x80, 0x3, 0xe0,
    0x1f, 0x0, 0x1f, 0x0, 0x3e, 0x0, 0x70, 0x0,
    0x38, 0x0, 0x0, 0x0, 0x0, 0x0, 0x0, 0x0,
    0x0, 0x0, 0x0, 0x0, 0x0, 0x0, 0x0, 0x0,
    0x0, 0x1f, 0xfe, 0x0, 0x1, 0xff, 0xfe, 0x0,
    0x1f, 0xff, 0xfc, 0x0, 0xff, 0xff, 0xfc, 0x7,
    0xf0, 0x3, 0xf0, 0x1f, 0x80, 0x7, 0xe0, 0xfc,
    0x0, 0xf, 0xc3, 0xe0, 0x0, 0x1f, 0x1f, 0x0,
    0x0, 0x3e, 0x7c, 0x0, 0x0, 0xf9, 0xf0, 0x0,
    0x3, 0xef, 0x80, 0x0, 0x7, 0xfe, 0x0, 0x0,
    0x1f, 0xf8, 0x0, 0x0, 0x7f, 0xe0, 0x0, 0x1,
    0xff, 0x80, 0x0, 0x7, 0xfe, 0x0, 0x0, 0x1f,
    0xf8, 0x0, 0x0, 0x7f, 0xe0, 0x0, 0x1, 0xff,
    0x80, 0x0, 0x7, 0xfe, 0x0, 0x0, 0x1f, 0x7c,
    0x0, 0x0, 0xf9, 0xf0, 0x0, 0x3, 0xe7, 0xc0,
    0x0, 0xf, 0x8f, 0x80, 0x0, 0x7c, 0x3f, 0x0,
    0x3, 0xf0, 0x7e, 0x0, 0x1f, 0x80, 0xfc, 0x0,
    0xfe, 0x1, 0xff, 0xff, 0xf0, 0x3, 0xff, 0xff,
    0x0, 0x7, 0xff, 0xf8, 0x0, 0x7, 0xff, 0x80,
    0x0, 0x0, 0x80, 0x0,

    /* U+00F5 "õ" */
    0x0, 0xf8, 0x1, 0xc0, 0xf, 0xfc, 0x7, 0x0,
    0x7f, 0xfc, 0x3c, 0x1, 0xff, 0xff, 0xe0, 0xf,
    0xf, 0xff, 0x80, 0x38, 0xf, 0xfc, 0x0, 0xe0,
    0x7, 0xc0, 0x0, 0x0, 0x0, 0x0, 0x0, 0x0,
    0x0, 0x0, 0x0, 0x0, 0x0, 0x0, 0x0, 0x0,
    0x0, 0x0, 0x0, 0x0, 0x0, 0x0, 0x7f, 0xf8,
    0x0, 0x7, 0xff, 0xf8, 0x0, 0x7f, 0xff, 0xf0,
    0x3, 0xff, 0xff, 0xf0, 0x1f, 0xc0, 0xf, 0xc0,
    0x7e, 0x0, 0x1f, 0x83, 0xf0, 0x0, 0x3f, 0xf,
    0x80, 0x0, 0x7c, 0x7c, 0x0, 0x0, 0xf9, 0xf0,
    0x0, 0x3, 0xe7, 0xc0, 0x0, 0xf, 0xbe, 0x0,
    0x0, 0x1f, 0xf8, 0x0, 0x0, 0x7f, 0xe0, 0x0,
    0x1, 0xff, 0x80, 0x0, 0x7, 0xfe, 0x0, 0x0,
    0x1f, 0xf8, 0x0, 0x0, 0x7f, 0xe0, 0x0, 0x1,
    0xff, 0x80, 0x0, 0x7, 0xfe, 0x0, 0x0, 0x1f,
    0xf8, 0x0, 0x0, 0x7d, 0xf0, 0x0, 0x3, 0xe7,
    0xc0, 0x0, 0xf, 0x9f, 0x0, 0x0, 0x3e, 0x3e,
    0x0, 0x1, 0xf0, 0xfc, 0x0, 0xf, 0xc1, 0xf8,
    0x0, 0x7e, 0x3, 0xf0, 0x3, 0xf8, 0x7, 0xff,
    0xff, 0xc0, 0xf, 0xff, 0xfc, 0x0, 0x1f, 0xff,
    0xe0, 0x0, 0x1f, 0xfe, 0x0, 0x0, 0x2, 0x0,
    0x0,

    /* U+00F6 "ö" */
    0x0, 0x40, 0x8, 0x0, 0x7, 0xc0, 0xf0, 0x0,
    0x1f, 0x3, 0xe0, 0x0, 0x7c, 0xf, 0x80, 0x1,
    0xf0, 0x3e, 0x0, 0x3, 0x80, 0x70, 0x0, 0x4,
    0x0, 0x80, 0x0, 0x0, 0x0, 0x0, 0x0, 0x0,
    0x0, 0x0, 0x0, 0x0, 0x0, 0x0, 0x0, 0x0,
    0x0, 0x0, 0x0, 0x0, 0x0, 0x0, 0x7f, 0xf8,
    0x0, 0x7, 0xff, 0xf8, 0x0, 0x7f, 0xff, 0xf0,
    0x3, 0xff, 0xff, 0xf0, 0x1f, 0xc0, 0xf, 0xc0,
    0x7e, 0x0, 0x1f, 0x83, 0xf0, 0x0, 0x3f, 0xf,
    0x80, 0x0, 0x7c, 0x7c, 0x0, 0x0, 0xf9, 0xf0,
    0x0, 0x3, 0xe7, 0xc0, 0x0, 0xf, 0xbe, 0x0,
    0x0, 0x1f, 0xf8, 0x0, 0x0, 0x7f, 0xe0, 0x0,
    0x1, 0xff, 0x80, 0x0, 0x7, 0xfe, 0x0, 0x0,
    0x1f, 0xf8, 0x0, 0x0, 0x7f, 0xe0, 0x0, 0x1,
    0xff, 0x80, 0x0, 0x7, 0xfe, 0x0, 0x0, 0x1f,
    0xf8, 0x0, 0x0, 0x7d, 0xf0, 0x0, 0x3, 0xe7,
    0xc0, 0x0, 0xf, 0x9f, 0x0, 0x0, 0x3e, 0x3e,
    0x0, 0x1, 0xf0, 0xfc, 0x0, 0xf, 0xc1, 0xf8,
    0x0, 0x7e, 0x3, 0xf0, 0x3, 0xf8, 0x7, 0xff,
    0xff, 0xc0, 0xf, 0xff, 0xfc, 0x0, 0x1f, 0xff,
    0xe0, 0x0, 0x1f, 0xfe, 0x0, 0x0, 0x2, 0x0,
    0x0,

    /* U+00F7 "÷" */
    0x0, 0xf, 0x80, 0x0, 0x1, 0xfc, 0x0, 0x0,
    0x1f, 0xc0, 0x0, 0x1, 0xfc, 0x0, 0x0, 0x1f,
    0xc0, 0x0, 0x1, 0xfc, 0x0, 0x0, 0xf, 0x0,
    0x0, 0x0, 0x0, 0x0, 0x0, 0x0, 0x0, 0x0,
    0x0, 0x0, 0x0, 0x0, 0x0, 0x0, 0x0, 0x0,
    0x0, 0x0, 0xff, 0xff, 0xff, 0xff, 0xff, 0xff,
    0xff, 0xff, 0xff, 0xff, 0xff, 0xff, 0xff, 0xff,
    0x0, 0x0, 0x0, 0x0, 0x0, 0x0, 0x0, 0x0,
    0x0, 0x0, 0x0, 0x0, 0x0, 0x0, 0x0, 0x0,
    0x0, 0x0, 0x0, 0xf8, 0x0, 0x0, 0x1f, 0xc0,
    0x0, 0x1, 0xfc, 0x0, 0x0, 0x1f, 0xc0, 0x0,
    0x1, 0xfc, 0x0, 0x0, 0x1f, 0xc0, 0x0, 0x0,
    0xf0, 0x0,

    /* U+00F8 "ø" */
    0x0, 0x0, 0x0, 0x0, 0x0, 0x4, 0x1, 0xc0,
    0x7, 0xff, 0x8f, 0x80, 0x7f, 0xff, 0xfc, 0x3,
    0xff, 0xff, 0xf0, 0x3f, 0xff, 0xff, 0x80, 0xfc,
    0x0, 0xfe, 0x7, 0xe0, 0x3, 0xfc, 0x3f, 0x0,
    0x1f, 0xf0, 0xf8, 0x0, 0x7f, 0xe7, 0xc0, 0x3,
    0xef, 0x9f, 0x0, 0x1f, 0xbe, 0x7c, 0x0, 0xfc,
    0xfb, 0xe0, 0x3, 0xe1, 0xff, 0x80, 0x1f, 0x7,
    0xfe, 0x0, 0xfc, 0x1f, 0xf8, 0x7, 0xe0, 0x7f,
    0xe0, 0x1f, 0x1, 0xff, 0x80, 0xf8, 0x7, 0xfe,
    0x7, 0xe0, 0x1f, 0xf8, 0x3f, 0x0, 0x7f, 0xe0,
    0xf8, 0x1, 0xff, 0x87, 0xc0, 0x7, 0xdf, 0x3f,
    0x0, 0x3e, 0x7d, 0xf8, 0x0, 0xf9, 0xf7, 0xc0,
    0x3, 0xe7, 0xfe, 0x0, 0x1f, 0xf, 0xf8, 0x0,
    0xfc, 0x3f, 0xc0, 0x7, 0xe0, 0x7f, 0x0, 0x3f,
    0x1, 0xff, 0xff, 0xf8, 0x7, 0xff, 0xff, 0xc0,
    0x3f, 0xff, 0xfe, 0x1, 0xf3, 0xff, 0xe0, 0x3,
    0x80, 0x30, 0x0, 0x2, 0x0, 0x0, 0x0,

    /* U+00F9 "ù" */
    0x3, 0xf0, 0x0, 0x0, 0x7f, 0x0, 0x0, 0x7,
    0xe0, 0x0, 0x0, 0xfe, 0x0, 0x0, 0xf, 0xc0,
    0x0, 0x0, 0xfc, 0x0, 0x0, 0xf, 0xc0, 0x0,
    0x0, 0xf8, 0x0, 0x0, 0xf, 0x80, 0x0, 0x0,
    0xf8, 0x0, 0x0, 0xf, 0x0, 0x0, 0x0, 0x0,
    0x0, 0x0, 0x0, 0x0, 0x0, 0x0, 0x0, 0x0,
    0x0, 0x0, 0x7, 0xc0, 0x0, 0x1f, 0xf8, 0x0,
    0x3, 0xff, 0x0, 0x0, 0x7f, 0xe0, 0x0, 0xf,
    0xfc, 0x0, 0x1, 0xff, 0x80, 0x0, 0x3f, 0xf0,
    0x0, 0x7, 0xfe, 0x0, 0x0, 0xff, 0xc0, 0x0,
    0x1f, 0xf8, 0x0, 0x3, 0xff, 0x0, 0x0, 0x7f,
    0xe0, 0x0, 0xf, 0xfc, 0x0, 0x1, 0xff, 0x80,
    0x0, 0x3f, 0xf0, 0x0, 0x7, 0xfe, 0x0, 0x0,
    0xff, 0xc0, 0x0, 0x1f, 0xf8, 0x0, 0x3, 0xff,
    0x0, 0x0, 0x7f, 0xe0, 0x0, 0xf, 0xfc, 0x0,
    0x1, 0xff, 0x80, 0x0, 0x3f, 0xf0, 0x0, 0xf,
    0xfe, 0x0, 0x1, 0xff, 0xe0, 0x0, 0x7f, 0x7c,
    0x0, 0xf, 0xef, 0xc0, 0x3, 0xfd, 0xfc, 0x1,
    0xff, 0x9f, 0xff, 0xff, 0xf1, 0xff, 0xff, 0xbe,
    0x1f, 0xff, 0xc3, 0xc0, 0xff, 0xe0, 0x78, 0x0,
    0xc0, 0x0,

    /* U+00FA "ú" */
    0x0, 0x0, 0xfe, 0x0, 0x0, 0x1f, 0x80, 0x0,
    0x7, 0xf0, 0x0, 0x0, 0xfc, 0x0, 0x0, 0x3f,
    0x0, 0x0, 0xf, 0xc0, 0x0, 0x1, 0xf0, 0x0,
    0x0, 0x7c, 0x0, 0x0, 0x1f, 0x0, 0x0, 0x3,
    0xc0, 0x0, 0x0, 0xf0, 0x0, 0x0, 0x0, 0x0,
    0x0, 0x0, 0x0, 0x0, 0x0, 0x0, 0x0, 0x0,
    0x0, 0x0, 0x7, 0xc0, 0x0, 0x1f, 0xf8, 0x0,
    0x3, 0xff, 0x0, 0x0, 0x7f, 0xe0, 0x0, 0xf,
    0xfc, 0x0, 0x1, 0xff, 0x80, 0x0, 0x3f, 0xf0,
    0x0, 0x7, 0xfe, 0x0, 0x0, 0xff, 0xc0, 0x0,
    0x1f, 0xf8, 0x0, 0x3, 0xff, 0x0, 0x0, 0x7f,
    0xe0, 0x0, 0xf, 0xfc, 0x0, 0x1, 0xff, 0x80,
    0x0, 0x3f, 0xf0, 0x0, 0x7, 0xfe, 0x0, 0x0,
    0xff, 0xc0, 0x0, 0x1f, 0xf8, 0x0, 0x3, 0xff,
    0x0, 0x0, 0x7f, 0xe0, 0x0, 0xf, 0xfc, 0x0,
    0x1, 0xff, 0x80, 0x0, 0x3f, 0xf0, 0x0, 0xf,
    0xfe, 0x0, 0x1, 0xff, 0xe0, 0x0, 0x7f, 0x7c,
    0x0, 0xf, 0xef, 0xc0, 0x3, 0xfd, 0xfc, 0x1,
    0xff, 0x9f, 0xff, 0xff, 0xf1, 0xff, 0xff, 0xbe,
    0x1f, 0xff, 0xc3, 0xc0, 0xff, 0xe0, 0x78, 0x0,
    0xc0, 0x0,

    /* U+00FB "û" */
    0x0, 0x1f, 0x0, 0x0, 0x7, 0xf0, 0x0, 0x0,
    0xff, 0x0, 0x0, 0x3f, 0xe0, 0x0, 0xf, 0xfe,
    0x0, 0x3, 0xf7, 0xe0, 0x0, 0x7c, 0x7e, 0x0,
    0x1f, 0x7, 0xe0, 0x7, 0xc0, 0x7e, 0x1, 0xe0,
    0x3, 0xe0, 0x38, 0x0, 0x3c, 0x0, 0x0, 0x0,
    0x0, 0x0, 0x0, 0x0, 0x0, 0x0, 0x0, 0x0,
    0x0, 0x0, 0x7, 0xc0, 0x0, 0x1f, 0xf8, 0x0,
    0x3, 0xff, 0x0, 0x0, 0x7f, 0xe0, 0x0, 0xf,
    0xfc, 0x0, 0x1, 0xff, 0x80, 0x0, 0x3f, 0xf0,
    0x0, 0x7, 0xfe, 0x0, 0x0, 0xff, 0xc0, 0x0,
    0x1f, 0xf8, 0x0, 0x3, 0xff, 0x0, 0x0, 0x7f,
    0xe0, 0x0, 0xf, 0xfc, 0x0, 0x1, 0xff, 0x80,
    0x0, 0x3f, 0xf0, 0x0, 0x7, 0xfe, 0x0, 0x0,
    0xff, 0xc0, 0x0, 0x1f, 0xf8, 0x0, 0x3, 0xff,
    0x0, 0x0, 0x7f, 0xe0, 0x0, 0xf, 0xfc, 0x0,
    0x1, 0xff, 0x80, 0x0, 0x3f, 0xf0, 0x0, 0xf,
    0xfe, 0x0, 0x1, 0xff, 0xe0, 0x0, 0x7f, 0x7c,
    0x0, 0xf, 0xef, 0xc0, 0x3, 0xfd, 0xfc, 0x1,
    0xff, 0x9f, 0xff, 0xff, 0xf1, 0xff, 0xff, 0xbe,
    0x1f, 0xff, 0xc3, 0xc0, 0xff, 0xe0, 0x78, 0x0,
    0xc0, 0x0,

    /* U+00FC "ü" */
    0x0, 0x80, 0x10, 0x0, 0x7c, 0xf, 0x0, 0xf,
    0x81, 0xf0, 0x1, 0xf0, 0x3e, 0x0, 0x3e, 0x7,
    0xc0, 0x3, 0x80, 0x70, 0x0, 0x20, 0x0, 0x0,
    0x0, 0x0, 0x0, 0x0, 0x0, 0x0, 0x0, 0x0,
    0x0, 0x0, 0x0, 0x0, 0x0, 0x0, 0x0, 0x0,
    0xf, 0x80, 0x0, 0x3f, 0xf0, 0x0, 0x7, 0xfe,
    0x0, 0x0, 0xff, 0xc0, 0x0, 0x1f, 0xf8, 0x0,
    0x3, 0xff, 0x0, 0x0, 0x7f, 0xe0, 0x0, 0xf,
    0xfc, 0x0, 0x1, 0xff, 0x80, 0x0, 0x3f, 0xf0,
    0x0, 0x7, 0xfe, 0x0, 0x0, 0xff, 0xc0, 0x0,
    0x1f, 0xf8, 0x0, 0x3, 0xff, 0x0, 0x0, 0x7f,
    0xe0, 0x0, 0xf, 0xfc, 0x0, 0x1, 0xff, 0x80,
    0x0, 0x3f, 0xf0, 0x0, 0x7, 0xfe, 0x0, 0x0,
    0xff, 0xc0, 0x0, 0x1f, 0xf8, 0x0, 0x3, 0xff,
    0x0, 0x0, 0x7f, 0xe0, 0x0, 0x1f, 0xfc, 0x0,
    0x3, 0xff, 0xc0, 0x0, 0xfe, 0xf8, 0x0, 0x1f,
    0xdf, 0x80, 0x7, 0xfb, 0xf8, 0x3, 0xff, 0x3f,
    0xff, 0xfb, 0xe3, 0xff, 0xff, 0x7c, 0x3f, 0xff,
    0x8f, 0x81, 0xff, 0xc0, 0xf0, 0x1, 0x0, 0x0,

    /* U+00FD "ý" */
    0x0, 0x0, 0x3f, 0x80, 0x0, 0x0, 0xfe, 0x0,
    0x0, 0x1, 0xf8, 0x0, 0x0, 0x7, 0xe0, 0x0,
    0x0, 0xf, 0x80, 0x0, 0x0, 0x3f, 0x0, 0x0,
    0x0, 0xfc, 0x0, 0x0, 0x1, 0xf0, 0x0, 0x0,
    0x7, 0xc0, 0x0, 0x0, 0x1f, 0x0, 0x0, 0x0,
    0x0, 0x0, 0x0, 0x0, 0x0, 0x0, 0x0, 0x0,
    0x0, 0x0, 0x0, 0x0, 0x0, 0x0, 0x0, 0x0,
    0x0, 0x0, 0x3e, 0x0, 0x0, 0x3f, 0x7e, 0x0,
    0x0, 0x7c, 0xfc, 0x0, 0x1, 0xf8, 0xf8, 0x0,
    0x3, 0xf1, 0xf8, 0x0, 0x7, 0xc1, 0xf0, 0x0,
    0x1f, 0x83, 0xf0, 0x0, 0x3e, 0x7, 0xe0, 0x0,
    0x7c, 0x7, 0xc0, 0x1, 0xf8, 0xf, 0xc0, 0x3,
    0xe0, 0xf, 0x80, 0xf, 0xc0, 0x1f, 0x0, 0x1f,
    0x80, 0x3f, 0x0, 0x3e, 0x0, 0x3e, 0x0, 0xfc,
    0x0, 0x7e, 0x1, 0xf0, 0x0, 0x7c, 0x3, 0xe0,
    0x0, 0xf8, 0xf, 0xc0, 0x1, 0xf8, 0x1f, 0x0,
    0x1, 0xf0, 0x3e, 0x0, 0x3, 0xe0, 0xf8, 0x0,
    0x3, 0xe1, 0xf0, 0x0, 0x7, 0xc3, 0xe0, 0x0,
    0x7, 0xcf, 0x80, 0x0, 0xf, 0x9f, 0x0, 0x0,
    0x1f, 0x3e, 0x0, 0x0, 0x1e, 0xf8, 0x0, 0x0,
    0x3f, 0xf0, 0x0, 0x0, 0x3f, 0xc0, 0x0, 0x0,
    0x7f, 0x80, 0x0, 0x0, 0xff, 0x0, 0x0, 0x0,
    0xfc, 0x0, 0x0, 0x1, 0xf8, 0x0, 0x0, 0x3,
    0xe0, 0x0, 0x0, 0x7, 0xc0, 0x0, 0x0, 0x1f,
    0x80, 0x0, 0x0, 0x3e, 0x0, 0x0, 0x0, 0x7c,
    0x0, 0x0, 0x1, 0xf8, 0x0, 0x0, 0x3, 0xe0,
    0x0, 0x0, 0xf, 0xc0, 0x0, 0x0, 0x3f, 0x0,
    0x0, 0x1, 0xfc, 0x0, 0x0, 0xff, 0xf8, 0x0,
    0x1, 0xff, 0xe0, 0x0, 0x3, 0xff, 0x0, 0x0,
    0x7, 0xf8, 0x0, 0x0, 0x0,

    /* U+00FE "þ" */
    0xf8, 0x0, 0x0, 0xf, 0x80, 0x0, 0x0, 0xf8,
    0x0, 0x0, 0xf, 0x80, 0x0, 0x0, 0xf8, 0x0,
    0x0, 0xf, 0x80, 0x0, 0x0, 0xf8, 0x0, 0x0,
    0xf, 0x80, 0x0, 0x0, 0xf8, 0x0, 0x0, 0xf,
    0x80, 0x0, 0x0, 0xf8, 0x0, 0x0, 0xf, 0x80,
    0x0, 0x0, 0xf8, 0x0, 0x0, 0xf, 0x80, 0x0,
    0x0, 0xf8, 0x0, 0x0, 0xf, 0x83, 0xff, 0x0,
    0xf8, 0xff, 0xfc, 0xf, 0xbf, 0xff, 0xe0, 0xff,
    0xff, 0xff, 0xf, 0xf8, 0x3, 0xf8, 0xff, 0x0,
    0xf, 0xcf, 0xe0, 0x0, 0x7c, 0xfc, 0x0, 0x7,
    0xef, 0xc0, 0x0, 0x3e, 0xfc, 0x0, 0x3, 0xef,
    0x80, 0x0, 0x3f, 0xf8, 0x0, 0x1, 0xff, 0x80,
    0x0, 0x1f, 0xf8, 0x0, 0x1, 0xff, 0x80, 0x0,
    0x1f, 0xf8, 0x0, 0x1, 0xff, 0x80, 0x0, 0x1f,
    0xf8, 0x0, 0x1, 0xff, 0x80, 0x0, 0x1f, 0xf8,
    0x0, 0x1, 0xff, 0x80, 0x0, 0x1f, 0xfc, 0x0,
    0x3, 0xef, 0xc0, 0x0, 0x3e, 0xfc, 0x0, 0x3,
    0xef, 0xe0, 0x0, 0x7e, 0xfe, 0x0, 0x7, 0xcf,
    0xf0, 0x0, 0xfc, 0xff, 0x80, 0x3f, 0x8f, 0xbf,
    0xff, 0xf0, 0xf9, 0xff, 0xfe, 0xf, 0x8f, 0xff,
    0xc0, 0xf8, 0x3f, 0xf0, 0xf, 0x80, 0x30, 0x0,
    0xf8, 0x0, 0x0, 0xf, 0x80, 0x0, 0x0, 0xf8,
    0x0, 0x0, 0xf, 0x80, 0x0, 0x0, 0xf8, 0x0,
    0x0, 0xf, 0x80, 0x0, 0x0, 0xf8, 0x0, 0x0,
    0xf, 0x80, 0x0, 0x0, 0xf8, 0x0, 0x0, 0xf,
    0x80, 0x0, 0x0, 0xf8, 0x0, 0x0, 0xf, 0x80,
    0x0, 0x0, 0xf8, 0x0, 0x0, 0x0,

    /* U+00FF "ÿ" */
    0x0, 0x40, 0x4, 0x0, 0x3, 0xe0, 0x3c, 0x0,
    0x7, 0xc0, 0x7c, 0x0, 0xf, 0x80, 0xf8, 0x0,
    0x1f, 0x1, 0xf0, 0x0, 0x1c, 0x1, 0xc0, 0x0,
    0x10, 0x1, 0x0, 0x0, 0x0, 0x0, 0x0, 0x0,
    0x0, 0x0, 0x0, 0x0, 0x0, 0x0, 0x0, 0x0,
    0x0, 0x0, 0x0, 0x0, 0x0, 0x0, 0x7, 0xc0,
    0x0, 0x7, 0xef, 0x80, 0x0, 0xf, 0x9f, 0x80,
    0x0, 0x3f, 0x1f, 0x0, 0x0, 0x7e, 0x3f, 0x0,
    0x1, 0xf8, 0x3e, 0x0, 0x3, 0xf0, 0x7c, 0x0,
    0x7, 0xc0, 0xfc, 0x0, 0x1f, 0x80, 0xf8, 0x0,
    0x3f, 0x1, 0xf0, 0x0, 0x7c, 0x3, 0xf0, 0x1,
    0xf8, 0x3, 0xe0, 0x3, 0xe0, 0x7, 0xe0, 0x7,
    0xc0, 0x7, 0xc0, 0x1f, 0x80, 0xf, 0x80, 0x3e,
    0x0, 0x1f, 0x80, 0xfc, 0x0, 0x1f, 0x1, 0xf8,
    0x0, 0x3f, 0x3, 0xe0, 0x0, 0x7e, 0xf, 0xc0,
    0x0, 0x7c, 0x1f, 0x0, 0x0, 0xfc, 0x3e, 0x0,
    0x0, 0xf8, 0xfc, 0x0, 0x1, 0xf1, 0xf0, 0x0,
    0x3, 0xf3, 0xe0, 0x0, 0x3, 0xef, 0x80, 0x0,
    0x7, 0xdf, 0x0, 0x0, 0xf, 0xbe, 0x0, 0x0,
    0xf, 0xf8, 0x0, 0x0, 0x1f, 0xf0, 0x0, 0x0,
    0x1f, 0xe0, 0x0, 0x0, 0x3f, 0x80, 0x0, 0x0,
    0x7f, 0x0, 0x0, 0x0, 0xfc, 0x0, 0x0, 0x1,
    0xf8, 0x0, 0x0, 0x3, 0xf0, 0x0, 0x0, 0xf,
    0xc0, 0x0, 0x0, 0x1f, 0x80, 0x0, 0x0, 0x3e,
    0x0, 0x0, 0x0, 0xfc, 0x0, 0x0, 0x3, 0xf0,
    0x0, 0x0, 0xf, 0xe0, 0x0, 0x0, 0x3f, 0x80,
    0x0, 0x1f, 0xfe, 0x0, 0x0, 0x3f, 0xf8, 0x0,
    0x0, 0x7f, 0xe0, 0x0, 0x0, 0xff, 0x0, 0x0,
    0x0,

    /* U+0152 "Œ" */
    0x0, 0x0, 0x0, 0x0, 0x0, 0x0, 0x0, 0x7,
    0xff, 0xff, 0xff, 0xff, 0xc0, 0xf, 0xff, 0xff,
    0xff, 0xff, 0xe0, 0x1f, 0xff, 0xff, 0xff, 0xff,
    0xf0, 0x1f, 0xff, 0xff, 0xff, 0xff, 0xf8, 0x1f,
    0xff, 0xff, 0xff, 0xff, 0xfc, 0x1f, 0xf0, 0x0,
    0xf8, 0x0, 0x0, 0x1f, 0xe0, 0x0, 0x7c, 0x0,
    0x0, 0x1f, 0xc0, 0x0, 0x3e, 0x0, 0x0, 0xf,
    0xc0, 0x0, 0x1f, 0x0, 0x0, 0xf, 0xc0, 0x0,
    0xf, 0x80, 0x0, 0x7, 0xe0, 0x0, 0x7, 0xc0,
    0x0, 0x7, 0xe0, 0x0, 0x3, 0xe0, 0x0, 0x3,
    0xf0, 0x0, 0x1, 0xf0, 0x0, 0x1, 0xf0, 0x0,
    0x0, 0xf8, 0x0, 0x0, 0xf8, 0x0, 0x0, 0x7c,
    0x0, 0x0, 0xfc, 0x0, 0x0, 0x3e, 0x0, 0x0,
    0x7c, 0x0, 0x0, 0x1f, 0x0, 0x0, 0x3e, 0x0,
    0x0, 0xf, 0x80, 0x0, 0x1f, 0x0, 0x0, 0x7,
    0xff, 0xff, 0xef, 0x80, 0x0, 0x3, 0xff, 0xff,
    0xf7, 0xc0, 0x0, 0x1, 0xff, 0xff, 0xfb, 0xe0,
    0x0, 0x0, 0xff, 0xff, 0xfd, 0xf0, 0x0, 0x0,
    0x7c, 0x0, 0x0, 0xf8, 0x0, 0x0, 0x3e, 0x0,
    0x0, 0x7c, 0x0, 0x0, 0x1f, 0x0, 0x0, 0x3e,
    0x0, 0x0, 0xf, 0x80, 0x0, 0x1f, 0x0, 0x0,
    0x7, 0xc0, 0x0, 0x7, 0x80, 0x0, 0x3, 0xe0,
    0x0, 0x3, 0xe0, 0x0, 0x1, 0xf0, 0x0, 0x1,
    0xf0, 0x0, 0x0, 0xf8, 0x0, 0x0, 0xf8, 0x0,
    0x0, 0x7c, 0x0, 0x0, 0x3e, 0x0, 0x0, 0x3e,
    0x0, 0x0, 0x1f, 0x0, 0x0, 0x1f, 0x0, 0x0,
    0xf, 0xc0, 0x0, 0xf, 0x80, 0x0, 0x3, 0xe0,
    0x0, 0x7, 0xc0, 0x0, 0x1, 0xf8, 0x0, 0x3,
    0xe0, 0x0, 0x0, 0x7e, 0x0, 0x1, 0xf0, 0x0,
    0x0, 0x1f, 0xc0, 0x0, 0xf8, 0x0, 0x0, 0x7,
    0xf8, 0x1, 0xff, 0xff, 0xff, 0x1, 0xff, 0xff,
    0xff, 0xff, 0xff, 0x80, 0x7f, 0xff, 0xff, 0xff,
    0xff, 0xc0, 0xf, 0xff, 0xff, 0xff, 0xff, 0xe0,
    0x0, 0xff, 0xff, 0xff, 0xff, 0xf0, 0x0, 0x1,
    0x80, 0x0, 0x0, 0x0,

    /* U+0153 "œ" */
    0x0, 0x0, 0x0, 0x0, 0x4, 0x0, 0x0, 0x1f,
    0xfc, 0x0, 0x3f, 0xf8, 0x0, 0x1f, 0xff, 0xc0,
    0x3f, 0xff, 0x0, 0x1f, 0xff, 0xfc, 0x1f, 0xff,
    0xf0, 0xf, 0xff, 0xff, 0x8f, 0xff, 0xfe, 0x7,
    0xf0, 0x7, 0xf7, 0xe0, 0x1f, 0x81, 0xf0, 0x0,
    0x7d, 0xf0, 0x1, 0xf0, 0xf8, 0x0, 0xf, 0xf8,
    0x0, 0x7e, 0x3e, 0x0, 0x3, 0xfc, 0x0, 0xf,
    0x9f, 0x0, 0x0, 0x7f, 0x0, 0x3, 0xe7, 0xc0,
    0x0, 0x1f, 0xc0, 0x0, 0x7d, 0xf0, 0x0, 0x7,
    0xe0, 0x0, 0x1f, 0xf8, 0x0, 0x0, 0xf8, 0x0,
    0x7, 0xfe, 0x0, 0x0, 0x3e, 0x0, 0x1, 0xff,
    0x80, 0x0, 0xf, 0xff, 0xff, 0xff, 0xe0, 0x0,
    0x3, 0xff, 0xff, 0xff, 0xf8, 0x0, 0x0, 0xff,
    0xff, 0xff, 0xfe, 0x0, 0x0, 0x3f, 0xff, 0xff,
    0xff, 0x80, 0x0, 0xf, 0x80, 0x0, 0x3, 0xe0,
    0x0, 0x3, 0xe0, 0x0, 0x0, 0xf8, 0x0, 0x0,
    0xf8, 0x0, 0x0, 0x3e, 0x0, 0x0, 0x3e, 0x0,
    0x0, 0x7, 0xc0, 0x0, 0x1f, 0x80, 0x0, 0x1,
    0xf0, 0x0, 0x7, 0xf0, 0x0, 0x0, 0x7c, 0x0,
    0x1, 0xfc, 0x0, 0x0, 0xf, 0x80, 0x0, 0xff,
    0x80, 0x0, 0x3, 0xe0, 0x0, 0x3f, 0xe0, 0x0,
    0x0, 0x7c, 0x0, 0x1f, 0x7c, 0x0, 0x2, 0xf,
    0xc0, 0x1f, 0xdf, 0xc0, 0x7, 0x83, 0xff, 0xff,
    0xe3, 0xff, 0xff, 0xe0, 0x3f, 0xff, 0xf0, 0x7f,
    0xff, 0xf8, 0x7, 0xff, 0xf0, 0x7, 0xff, 0xfe,
    0x0, 0x7f, 0xf0, 0x0, 0x7f, 0xfc, 0x0, 0x0,
    0x80, 0x0, 0x0, 0xc0, 0x0,

    /* U+0160 "Š" */
    0x7, 0x0, 0xf, 0x80, 0x78, 0x3, 0xe0, 0xf,
    0x81, 0xf8, 0x0, 0xf8, 0x7e, 0x0, 0xf, 0x9f,
    0x80, 0x0, 0xff, 0xe0, 0x0, 0xf, 0xf8, 0x0,
    0x1, 0xfe, 0x0, 0x0, 0x1f, 0xc0, 0x0, 0x3,
    0xf0, 0x0, 0x0, 0x0, 0x0, 0x0, 0x0, 0x0,
    0x0, 0x0, 0x0, 0x0, 0x0, 0x0, 0x0, 0x0,
    0x3f, 0xff, 0x0, 0x1f, 0xff, 0xfc, 0x7, 0xff,
    0xff, 0xc1, 0xff, 0xff, 0xf8, 0x7f, 0xff, 0xff,
    0x1f, 0xc0, 0x3, 0xc3, 0xf0, 0x0, 0x8, 0xfc,
    0x0, 0x0, 0x1f, 0x0, 0x0, 0x3, 0xe0, 0x0,
    0x0, 0x7c, 0x0, 0x0, 0xf, 0x80, 0x0, 0x1,
    0xf0, 0x0, 0x0, 0x3e, 0x0, 0x0, 0x7, 0xe0,
    0x0, 0x0, 0x7e, 0x0, 0x0, 0xf, 0xe0, 0x0,
    0x0, 0xff, 0x0, 0x0, 0xf, 0xf8, 0x0, 0x0,
    0xff, 0xe0, 0x0, 0xf, 0xff, 0x0, 0x0, 0xff,
    0xf8, 0x0, 0x7, 0xff, 0xc0, 0x0, 0x1f, 0xfe,
    0x0, 0x0, 0xff, 0xe0, 0x0, 0x3, 0xfc, 0x0,
    0x0, 0x1f, 0xc0, 0x0, 0x1, 0xf8, 0x0, 0x0,
    0x1f, 0x80, 0x0, 0x3, 0xf0, 0x0, 0x0, 0x3e,
    0x0, 0x0, 0x7, 0xc0, 0x0, 0x0, 0xf8, 0x0,
    0x0, 0x1f, 0x0, 0x0, 0x3, 0xe0, 0x0, 0x0,
    0xf8, 0x0, 0x0, 0x1f, 0x60, 0x0, 0x7, 0xcf,
    0x80, 0x3, 0xf9, 0xff, 0xff, 0xfe, 0x3f, 0xff,
    0xff, 0x87, 0xff, 0xff, 0xc0, 0x1f, 0xff, 0xe0,
    0x0, 0x7, 0x0, 0x0,

    /* U+0161 "š" */
    0x78, 0x0, 0x38, 0xf8, 0x1, 0xf0, 0xf8, 0x7,
    0xc0, 0xfc, 0x1f, 0x0, 0xfc, 0x7c, 0x0, 0xfd,
    0xf0, 0x0, 0xff, 0xe0, 0x1, 0xff, 0x80, 0x1,
    0xfe, 0x0, 0x1, 0xfc, 0x0, 0x1, 0xf0, 0x0,
    0x0, 0x0, 0x0, 0x0, 0x0, 0x0, 0x0, 0x0,
    0x0, 0x0, 0x0, 0x1, 0xff, 0xf0, 0xf, 0xff,
    0xfc, 0x7f, 0xff, 0xf9, 0xff, 0xff, 0xe3, 0xf0,
    0x3, 0xcf, 0xc0, 0x0, 0x1f, 0x0, 0x0, 0x3e,
    0x0, 0x0, 0x7c, 0x0, 0x0, 0xfc, 0x0, 0x1,
    0xfc, 0x0, 0x1, 0xfe, 0x0, 0x3, 0xff, 0x0,
    0x3, 0xff, 0x80, 0x1, 0xff, 0xe0, 0x1, 0xff,
    0xf0, 0x0, 0xff, 0xf8, 0x0, 0x3f, 0xf8, 0x0,
    0x1f, 0xf8, 0x0, 0x7, 0xf0, 0x0, 0x7, 0xf0,
    0x0, 0x7, 0xe0, 0x0, 0x7, 0xc0, 0x0, 0xf,
    0x80, 0x0, 0x1f, 0x0, 0x0, 0x3f, 0x0, 0x0,
    0xfb, 0xc0, 0x3, 0xf7, 0xff, 0xff, 0xcf, 0xff,
    0xff, 0x1f, 0xff, 0xfc, 0xf, 0xff, 0xe0, 0x0,
    0x30, 0x0,

    /* U+0178 "Ÿ" */
    0x0, 0x38, 0x3, 0x80, 0x0, 0xf, 0x80, 0xf8,
    0x0, 0x1, 0xf0, 0x1f, 0x0, 0x0, 0x3e, 0x3,
    0xe0, 0x0, 0x7, 0xc0, 0x7c, 0x0, 0x0, 0x70,
    0x7, 0x0, 0x0, 0x0, 0x0, 0x0, 0x0, 0x0,
    0x0, 0x0, 0x0, 0x0, 0x0, 0x0, 0x0, 0x0,
    0x0, 0x0, 0x0, 0x0, 0x0, 0x0, 0x0, 0x0,
    0x0, 0x0, 0x0, 0x0, 0x7, 0xe0, 0x0, 0x0,
    0xfc, 0xfc, 0x0, 0x0, 0x1f, 0x8f, 0xc0, 0x0,
    0x7, 0xe1, 0xf8, 0x0, 0x0, 0xfc, 0x1f, 0x80,
    0x0, 0x3f, 0x3, 0xf0, 0x0, 0x7, 0xc0, 0x3f,
    0x0, 0x1, 0xf8, 0x3, 0xe0, 0x0, 0x3e, 0x0,
    0x7e, 0x0, 0xf, 0xc0, 0x7, 0xc0, 0x1, 0xf0,
    0x0, 0xfc, 0x0, 0x7e, 0x0, 0xf, 0x80, 0xf,
    0x80, 0x1, 0xf8, 0x3, 0xf0, 0x0, 0x1f, 0x0,
    0x7c, 0x0, 0x3, 0xf0, 0x1f, 0x80, 0x0, 0x3e,
    0x7, 0xe0, 0x0, 0x7, 0xe0, 0xf8, 0x0, 0x0,
    0x7e, 0x3f, 0x0, 0x0, 0x7, 0xc7, 0xc0, 0x0,
    0x0, 0xfd, 0xf8, 0x0, 0x0, 0xf, 0xbe, 0x0,
    0x0, 0x1, 0xff, 0xc0, 0x0, 0x0, 0x1f, 0xf0,
    0x0, 0x0, 0x3, 0xfe, 0x0, 0x0, 0x0, 0x3f,
    0x80, 0x0, 0x0, 0x7, 0xe0, 0x0, 0x0, 0x0,
    0x7c, 0x0, 0x0, 0x0, 0xf, 0x80, 0x0, 0x0,
    0x1, 0xf0, 0x0, 0x0, 0x0, 0x3e, 0x0, 0x0,
    0x0, 0x7, 0xc0, 0x0, 0x0, 0x0, 0xf8, 0x0,
    0x0, 0x0, 0x1f, 0x0, 0x0, 0x0, 0x3, 0xe0,
    0x0, 0x0, 0x0, 0x7c, 0x0, 0x0, 0x0, 0xf,
    0x80, 0x0, 0x0, 0x1, 0xf0, 0x0, 0x0, 0x0,
    0x3e, 0x0, 0x0, 0x0, 0x7, 0xc0, 0x0, 0x0,
    0x0, 0xf8, 0x0, 0x0, 0x0, 0x1f, 0x0, 0x0,
    0x0, 0x3, 0xe0, 0x0, 0x0, 0x0, 0x7c, 0x0,
    0x0,

    /* U+20AC "€" */
    0x0, 0x0, 0x4, 0x0, 0x0, 0x1, 0xff, 0xf8,
    0x0, 0x7, 0xff, 0xff, 0x0, 0x1f, 0xff, 0xff,
    0x0, 0x3f, 0xff, 0xfe, 0x0, 0x7f, 0x0, 0x1e,
    0x0, 0xfe, 0x0, 0x4, 0x0, 0xf8, 0x0, 0x0,
    0x1, 0xf8, 0x0, 0x0, 0x3, 0xf0, 0x0, 0x0,
    0x3, 0xe0, 0x0, 0x0, 0x3, 0xe0, 0x0, 0x0,
    0x7, 0xc0, 0x0, 0x0, 0x7, 0xc0, 0x0, 0x0,
    0x7, 0xc0, 0x0, 0x0, 0x7, 0xc0, 0x0, 0x0,
    0xff, 0xff, 0xff, 0x80, 0xff, 0xff, 0xff, 0x80,
    0xff, 0xff, 0xff, 0x80, 0xff, 0xff, 0xff, 0x80,
    0xf, 0x80, 0x0, 0x0, 0xf, 0x80, 0x0, 0x0,
    0xf, 0x80, 0x0, 0x0, 0xf, 0x80, 0x0, 0x0,
    0xf, 0x80, 0x0, 0x0, 0xff, 0xff, 0xfe, 0x0,
    0xff, 0xff, 0xfe, 0x0, 0xff, 0xff, 0xfe, 0x0,
    0xff, 0xff, 0xfe, 0x0, 0x7, 0xc0, 0x0, 0x0,
    0x7, 0xc0, 0x0, 0x0, 0x7, 0xc0, 0x0, 0x0,
    0x7, 0xe0, 0x0, 0x0, 0x3, 0xe0, 0x0, 0x0,
    0x3, 0xe0, 0x0, 0x0, 0x1, 0xf0, 0x0, 0x0,
    0x1, 0xf8, 0x0, 0x0, 0x0, 0xfc, 0x0, 0x0,
    0x0, 0xfe, 0x0, 0x0, 0x0, 0x7f, 0x80, 0xe,
    0x0, 0x3f, 0xff, 0xfe, 0x0, 0x1f, 0xff, 0xfe,
    0x0, 0x7, 0xff, 0xfe, 0x0, 0x1, 0xff, 0xf8,
    0x0, 0x0, 0xe, 0x0
};


/*---------------------
 *  GLYPH DESCRIPTION
 *--------------------*/

static const lv_font_fmt_txt_glyph_dsc_t glyph_dsc[] = {
    {.bitmap_index = 0, .adv_w = 0, .box_w = 0, .box_h = 0, .ofs_x = 0, .ofs_y = 0} /* id = 0 reserved */,
    {.bitmap_index = 0, .adv_w = 250, .box_w = 1, .box_h = 1, .ofs_x = 0, .ofs_y = 0},
    {.bitmap_index = 1, .adv_w = 258, .box_w = 7, .box_h = 44, .ofs_x = 4, .ofs_y = -1},
    {.bitmap_index = 40, .adv_w = 392, .box_w = 17, .box_h = 15, .ofs_x = 4, .ofs_y = 28},
    {.bitmap_index = 72, .adv_w = 620, .box_w = 35, .box_h = 43, .ofs_x = 1, .ofs_y = 0},
    {.bitmap_index = 261, .adv_w = 549, .box_w = 27, .box_h = 50, .ofs_x = 4, .ofs_y = -4},
    {.bitmap_index = 430, .adv_w = 798, .box_w = 44, .box_h = 45, .ofs_x = 3, .ofs_y = -1},
    {.bitmap_index = 678, .adv_w = 703, .box_w = 40, .box_h = 45, .ofs_x = 3, .ofs_y = -1},
    {.bitmap_index = 903, .adv_w = 216, .box_w = 6, .box_h = 15, .ofs_x = 4, .ofs_y = 28},
    {.bitmap_index = 915, .adv_w = 288, .box_w = 13, .box_h = 53, .ofs_x = 2, .ofs_y = -10},
    {.bitmap_index = 1002, .adv_w = 288, .box_w = 13, .box_h = 53, .ofs_x = 2, .ofs_y = -10},
    {.bitmap_index = 1089, .adv_w = 529, .box_w = 28, .box_h = 27, .ofs_x = 2, .ofs_y = 19},
    {.bitmap_index = 1184, .adv_w = 549, .box_w = 28, .box_h = 29, .ofs_x = 3, .ofs_y = 7},
    {.bitmap_index = 1286, .adv_w = 257, .box_w = 10, .box_h = 15, .ofs_x = 2, .ofs_y = -8},
    {.bitmap_index = 1305, .adv_w = 309, .box_w = 15, .box_h = 4, .ofs_x = 2, .ofs_y = 14},
    {.bitmap_index = 1313, .adv_w = 257, .box_w = 7, .box_h = 9, .ofs_x = 4, .ofs_y = -1},
    {.bitmap_index = 1321, .adv_w = 357, .box_w = 21, .box_h = 43, .ofs_x = 1, .ofs_y = 0},
    {.bitmap_index = 1434, .adv_w = 549, .box_w = 28, .box_h = 45, .ofs_x = 3, .ofs_y = -1},
    {.bitmap_index = 1592, .adv_w = 549, .box_w = 16, .box_h = 43, .ofs_x = 5, .ofs_y = 0},
    {.bitmap_index = 1678, .adv_w = 549, .box_w = 28, .box_h = 44, .ofs_x = 3, .ofs_y = 0},
    {.bitmap_index = 1832, .adv_w = 549, .box_w = 28, .box_h = 45, .ofs_x = 2, .ofs_y = -1},
    {.bitmap_index = 1990, .adv_w = 549, .box_w = 32, .box_h = 43, .ofs_x = 1, .ofs_y = 0},
    {.bitmap_index = 2162, .adv_w = 549, .box_w = 27, .box_h = 44, .ofs_x = 3, .ofs_y = -1},
    {.bitmap_index = 2311, .adv_w = 549, .box_w = 28, .box_h = 45, .ofs_x = 3, .ofs_y = -1},
    {.bitmap_index = 2469, .adv_w = 549, .box_w = 29, .box_h = 43, .ofs_x = 3, .ofs_y = 0},
    {.bitmap_index = 2625, .adv_w = 549, .box_w = 28, .box_h = 45, .ofs_x = 3, .ofs_y = -1},
    {.bitmap_index = 2783, .adv_w = 549, .box_w = 28, .box_h = 45, .ofs_x = 3, .ofs_y = -1},
    {.bitmap_index = 2941, .adv_w = 257, .box_w = 7, .box_h = 34, .ofs_x = 4, .ofs_y = -1},
    {.bitmap_index = 2971, .adv_w = 257, .box_w = 9, .box_h = 41, .ofs_x = 2, .ofs_y = -8},
    {.bitmap_index = 3018, .adv_w = 549, .box_w = 29, .box_h = 30, .ofs_x = 3, .ofs_y = 7},
    {.bitmap_index = 3127, .adv_w = 549, .box_w = 27, .box_h = 16, .ofs_x = 3, .ofs_y = 13},
    {.bitmap_index = 3181, .adv_w = 549, .box_w = 29, .box_h = 30, .ofs_x = 3, .ofs_y = 7},
    {.bitmap_index = 3290, .adv_w = 417, .box_w = 23, .box_h = 45, .ofs_x = 1, .ofs_y = -1},
    {.bitmap_index = 3420, .adv_w = 863, .box_w = 47, .box_h = 49, .ofs_x = 3, .ofs_y = -6},
    {.bitmap_index = 3708, .adv_w = 613, .box_w = 38, .box_h = 43, .ofs_x = 0, .ofs_y = 0},
    {.bitmap_index = 3913, .adv_w = 624, .box_w = 30, .box_h = 43, .ofs_x = 6, .ofs_y = 0},
    {.bitmap_index = 4075, .adv_w = 607, .box_w = 32, .box_h = 45, .ofs_x = 4, .ofs_y = -1},
    {.bitmap_index = 4255, .adv_w = 701, .box_w = 34, .box_h = 43, .ofs_x = 6, .ofs_y = 0},
    {.bitmap_index = 4438, .adv_w = 534, .box_w = 24, .box_h = 43, .ofs_x = 6, .ofs_y = 0},
    {.bitmap_index = 4567, .adv_w = 498, .box_w = 24, .box_h = 43, .ofs_x = 6, .ofs_y = 0},
    {.bitmap_index = 4696, .adv_w = 699, .box_w = 35, .box_h = 45, .ofs_x = 4, .ofs_y = -1},
    {.bitmap_index = 4893, .adv_w = 711, .box_w = 33, .box_h = 43, .ofs_x = 6, .ofs_y = 0},
    {.bitmap_index = 5071, .adv_w = 325, .box_w = 15, .box_h = 43, .ofs_x = 2, .ofs_y = 0},
    {.bitmap_index = 5152, .adv_w = 262, .box_w = 15, .box_h = 55, .ofs_x = -5, .ofs_y = -12},
    {.bitmap_index = 5256, .adv_w = 594, .box_w = 31, .box_h = 43, .ofs_x = 6, .ofs_y = 0},
    {.bitmap_index = 5423, .adv_w = 503, .box_w = 24, .box_h = 43, .ofs_x = 6, .ofs_y = 0},
    {.bitmap_index = 5552, .adv_w = 871, .box_w = 43, .box_h = 43, .ofs_x = 6, .ofs_y = 0},
    {.bitmap_index = 5784, .adv_w = 730, .box_w = 34, .box_h = 43, .ofs_x = 6, .ofs_y = 0},
    {.bitmap_index = 5967, .adv_w = 750, .box_w = 39, .box_h = 45, .ofs_x = 4, .ofs_y = -1},
    {.bitmap_index = 6187, .adv_w = 581, .box_w = 27, .box_h = 43, .ofs_x = 6, .ofs_y = 0},
    {.bitmap_index = 6333, .adv_w = 750, .box_w = 39, .box_h = 54, .ofs_x = 4, .ofs_y = -10},
    {.bitmap_index = 6597, .adv_w = 597, .box_w = 30, .box_h = 43, .ofs_x = 6, .ofs_y = 0},
    {.bitmap_index = 6759, .adv_w = 527, .box_w = 27, .box_h = 45, .ofs_x = 3, .ofs_y = -1},
    {.bitmap_index = 6911, .adv_w = 534, .box_w = 32, .box_h = 43, .ofs_x = 1, .ofs_y = 0},
    {.bitmap_index = 7083, .adv_w = 702, .box_w = 33, .box_h = 44, .ofs_x = 5, .ofs_y = -1},
    {.bitmap_index = 7265, .adv_w = 576, .box_w = 36, .box_h = 43, .ofs_x = 0, .ofs_y = 0},
    {.bitmap_index = 7459, .adv_w = 893, .box_w = 54, .box_h = 43, .ofs_x = 1, .ofs_y = 0},
    {.bitmap_index = 7750, .adv_w = 563, .box_w = 35, .box_h = 43, .ofs_x = 0, .ofs_y = 0},
    {.bitmap_index = 7939, .adv_w = 543, .box_w = 33, .box_h = 43, .ofs_x = 0, .ofs_y = 0},
    {.bitmap_index = 8117, .adv_w = 549, .box_w = 30, .box_h = 43, .ofs_x = 2, .ofs_y = 0},
    {.bitmap_index = 8279, .adv_w = 316, .box_w = 14, .box_h = 52, .ofs_x = 5, .ofs_y = -9},
    {.bitmap_index = 8370, .adv_w = 357, .box_w = 21, .box_h = 43, .ofs_x = 1, .ofs_y = 0},
    {.bitmap_index = 8483, .adv_w = 316, .box_w = 14, .box_h = 52, .ofs_x = 1, .ofs_y = -9},
    {.bitmap_index = 8574, .adv_w = 549, .box_w = 30, .box_h = 28, .ofs_x = 2, .ofs_y = 16},
    {.bitmap_index = 8679, .adv_w = 426, .box_w = 27, .box_h = 4, .ofs_x = 0, .ofs_y = -9},
    {.bitmap_index = 8693, .adv_w = 270, .box_w = 12, .box_h = 10, .ofs_x = 2, .ofs_y = 37},
    {.bitmap_index = 8708, .adv_w = 539, .box_w = 26, .box_h = 34, .ofs_x = 3, .ofs_y = -1},
    {.bitmap_index = 8819, .adv_w = 590, .box_w = 28, .box_h = 47, .ofs_x = 5, .ofs_y = -1},
    {.bitmap_index = 8984, .adv_w = 461, .box_w = 24, .box_h = 34, .ofs_x = 3, .ofs_y = -1},
    {.bitmap_index = 9086, .adv_w = 590, .box_w = 28, .box_h = 47, .ofs_x = 3, .ofs_y = -1},
    {.bitmap_index = 9251, .adv_w = 541, .box_w = 27, .box_h = 34, .ofs_x = 3, .ofs_y = -1},
    {.bitmap_index = 9366, .adv_w = 330, .box_w = 22, .box_h = 46, .ofs_x = 1, .ofs_y = 0},
    {.bitmap_index = 9493, .adv_w = 590, .box_w = 28, .box_h = 47, .ofs_x = 3, .ofs_y = -14},
    {.bitmap_index = 9658, .adv_w = 593, .box_w = 27, .box_h = 46, .ofs_x = 5, .ofs_y = 0},
    {.bitmap_index = 9814, .adv_w = 248, .box_w = 6, .box_h = 45, .ofs_x = 5, .ofs_y = 0},
    {.bitmap_index = 9848, .adv_w = 248, .box_w = 14, .box_h = 59, .ofs_x = -3, .ofs_y = -14},
    {.bitmap_index = 9952, .adv_w = 513, .box_w = 26, .box_h = 46, .ofs_x = 5, .ofs_y = 0},
    {.bitmap_index = 10102, .adv_w = 248, .box_w = 5, .box_h = 46, .ofs_x = 5, .ofs_y = 0},
    {.bitmap_index = 10131, .adv_w = 898, .box_w = 47, .box_h = 33, .ofs_x = 5, .ofs_y = 0},
    {.bitmap_index = 10325, .adv_w = 593, .box_w = 27, .box_h = 33, .ofs_x = 5, .ofs_y = 0},
    {.bitmap_index = 10437, .adv_w = 581, .box_w = 30, .box_h = 34, .ofs_x = 3, .ofs_y = -1},
    {.bitmap_index = 10565, .adv_w = 590, .box_w = 28, .box_h = 47, .ofs_x = 5, .ofs_y = -14},
    {.bitmap_index = 10730, .adv_w = 590, .box_w = 28, .box_h = 47, .ofs_x = 3, .ofs_y = -14},
    {.bitmap_index = 10895, .adv_w = 396, .box_w = 19, .box_h = 33, .ofs_x = 5, .ofs_y = 0},
    {.bitmap_index = 10974, .adv_w = 460, .box_w = 23, .box_h = 34, .ofs_x = 3, .ofs_y = -1},
    {.bitmap_index = 11072, .adv_w = 347, .box_w = 20, .box_h = 41, .ofs_x = 1, .ofs_y = -1},
    {.bitmap_index = 11175, .adv_w = 593, .box_w = 27, .box_h = 33, .ofs_x = 5, .ofs_y = -1},
    {.bitmap_index = 11287, .adv_w = 488, .box_w = 30, .box_h = 32, .ofs_x = 0, .ofs_y = 0},
    {.bitmap_index = 11407, .adv_w = 755, .box_w = 46, .box_h = 32, .ofs_x = 1, .ofs_y = 0},
    {.bitmap_index = 11591, .adv_w = 508, .box_w = 30, .box_h = 32, .ofs_x = 1, .ofs_y = 0},
    {.bitmap_index = 11711, .adv_w = 490, .box_w = 31, .box_h = 46, .ofs_x = 0, .ofs_y = -14},
    {.bitmap_index = 11890, .adv_w = 451, .box_w = 24, .box_h = 32, .ofs_x = 2, .ofs_y = 0},
    {.bitmap_index = 11986, .adv_w = 365, .box_w = 20, .box_h = 52, .ofs_x = 1, .ofs_y = -9},
    {.bitmap_index = 12116, .adv_w = 529, .box_w = 5, .box_h = 61, .ofs_x = 14, .ofs_y = -14},
    {.bitmap_index = 12155, .adv_w = 365, .box_w = 20, .box_h = 52, .ofs_x = 1, .ofs_y = -9},
    {.bitmap_index = 12285, .adv_w = 549, .box_w = 28, .box_h = 8, .ofs_x = 3, .ofs_y = 17},
    {.bitmap_index = 12313, .adv_w = 250, .box_w = 1, .box_h = 1, .ofs_x = 0, .ofs_y = 0},
    {.bitmap_index = 12314, .adv_w = 258, .box_w = 7, .box_h = 44, .ofs_x = 4, .ofs_y = -11},
    {.bitmap_index = 12353, .adv_w = 549, .box_w = 24, .box_h = 45, .ofs_x = 5, .ofs_y = -1},
    {.bitmap_index = 12488, .adv_w = 549, .box_w = 30, .box_h = 44, .ofs_x = 2, .ofs_y = 0},
    {.bitmap_index = 12653, .adv_w = 549, .box_w = 33, .box_h = 43, .ofs_x = 0, .ofs_y = 0},
    {.bitmap_index = 12831, .adv_w = 492, .box_w = 24, .box_h = 46, .ofs_x = 3, .ofs_y = 0},
    {.bitmap_index = 12969, .adv_w = 799, .box_w = 44, .box_h = 44, .ofs_x = 3, .ofs_y = -1},
    {.bitmap_index = 13211, .adv_w = 343, .box_w = 17, .box_h = 20, .ofs_x = 2, .ofs_y = 23},
    {.bitmap_index = 13254, .adv_w = 489, .box_w = 26, .box_h = 25, .ofs_x = 2, .ofs_y = 3},
    {.bitmap_index = 13336, .adv_w = 549, .box_w = 29, .box_h = 16, .ofs_x = 3, .ofs_y = 7},
    {.bitmap_index = 13394, .adv_w = 309, .box_w = 15, .box_h = 4, .ofs_x = 2, .ofs_y = 14},
    {.bitmap_index = 13402, .adv_w = 799, .box_w = 44, .box_h = 44, .ofs_x = 3, .ofs_y = -1},
    {.bitmap_index = 13644, .adv_w = 480, .box_w = 30, .box_h = 4, .ofs_x = 0, .ofs_y = 46},
    {.bitmap_index = 13659, .adv_w = 411, .box_w = 19, .box_h = 19, .ofs_x = 3, .ofs_y = 25},
    {.bitmap_index = 13705, .adv_w = 549, .box_w = 28, .box_h = 36, .ofs_x = 3, .ofs_y = 0},
    {.bitmap_index = 13831, .adv_w = 336, .box_w = 17, .box_h = 26, .ofs_x = 1, .ofs_y = 25},
    {.bitmap_index = 13887, .adv_w = 336, .box_w = 18, .box_h = 27, .ofs_x = 1, .ofs_y = 25},
    {.bitmap_index = 13948, .adv_w = 270, .box_w = 12, .box_h = 10, .ofs_x = 2, .ofs_y = 37},
    {.bitmap_index = 13963, .adv_w = 598, .box_w = 27, .box_h = 46, .ofs_x = 5, .ofs_y = -14},
    {.bitmap_index = 14119, .adv_w = 629, .box_w = 30, .box_h = 54, .ofs_x = 3, .ofs_y = -7},
    {.bitmap_index = 14322, .adv_w = 257, .box_w = 7, .box_h = 8, .ofs_x = 4, .ofs_y = 17},
    {.bitmap_index = 14329, .adv_w = 216, .box_w = 13, .box_h = 15, .ofs_x = 0, .ofs_y = -14},
    {.bitmap_index = 14354, .adv_w = 336, .box_w = 12, .box_h = 26, .ofs_x = 2, .ofs_y = 25},
    {.bitmap_index = 14393, .adv_w = 361, .box_w = 19, .box_h = 20, .ofs_x = 2, .ofs_y = 23},
    {.bitmap_index = 14441, .adv_w = 489, .box_w = 26, .box_h = 25, .ofs_x = 2, .ofs_y = 3},
    {.bitmap_index = 14523, .adv_w = 613, .box_w = 38, .box_h = 57, .ofs_x = 0, .ofs_y = 0},
    {.bitmap_index = 14794, .adv_w = 613, .box_w = 38, .box_h = 57, .ofs_x = 0, .ofs_y = 0},
    {.bitmap_index = 15065, .adv_w = 613, .box_w = 38, .box_h = 57, .ofs_x = 0, .ofs_y = 0},
    {.bitmap_index = 15336, .adv_w = 613, .box_w = 38, .box_h = 55, .ofs_x = 0, .ofs_y = 0},
    {.bitmap_index = 15598, .adv_w = 613, .box_w = 39, .box_h = 55, .ofs_x = 0, .ofs_y = 0},
    {.bitmap_index = 15867, .adv_w = 613, .box_w = 38, .box_h = 53, .ofs_x = 0, .ofs_y = 0},
    {.bitmap_index = 16119, .adv_w = 846, .box_w = 50, .box_h = 43, .ofs_x = 0, .ofs_y = 0},
    {.bitmap_index = 16388, .adv_w = 607, .box_w = 32, .box_h = 58, .ofs_x = 4, .ofs_y = -14},
    {.bitmap_index = 16620, .adv_w = 534, .box_w = 24, .box_h = 57, .ofs_x = 6, .ofs_y = 0},
    {.bitmap_index = 16791, .adv_w = 534, .box_w = 24, .box_h = 57, .ofs_x = 6, .ofs_y = 0},
    {.bitmap_index = 16962, .adv_w = 534, .box_w = 24, .box_h = 57, .ofs_x = 6, .ofs_y = 0},
    {.bitmap_index = 17133, .adv_w = 534, .box_w = 24, .box_h = 55, .ofs_x = 6, .ofs_y = 0},
    {.bitmap_index = 17298, .adv_w = 325, .box_w = 15, .box_h = 57, .ofs_x = 2, .ofs_y = 0},
    {.bitmap_index = 17405, .adv_w = 325, .box_w = 17, .box_h = 57, .ofs_x = 2, .ofs_y = 0},
    {.bitmap_index = 17527, .adv_w = 325, .box_w = 20, .box_h = 57, .ofs_x = 1, .ofs_y = 0},
    {.bitmap_index = 17670, .adv_w = 325, .box_w = 17, .box_h = 55, .ofs_x = 2, .ofs_y = 0},
    {.bitmap_index = 17787, .adv_w = 701, .box_w = 38, .box_h = 43, .ofs_x = 2, .ofs_y = 0},
    {.bitmap_index = 17992, .adv_w = 730, .box_w = 34, .box_h = 55, .ofs_x = 6, .ofs_y = 0},
    {.bitmap_index = 18226, .adv_w = 750, .box_w = 39, .box_h = 58, .ofs_x = 4, .ofs_y = -1},
    {.bitmap_index = 18509, .adv_w = 750, .box_w = 39, .box_h = 58, .ofs_x = 4, .ofs_y = -1},
    {.bitmap_index = 18792, .adv_w = 750, .box_w = 39, .box_h = 58, .ofs_x = 4, .ofs_y = -1},
    {.bitmap_index = 19075, .adv_w = 750, .box_w = 39, .box_h = 56, .ofs_x = 4, .ofs_y = -1},
    {.bitmap_index = 19348, .adv_w = 750, .box_w = 39, .box_h = 56, .ofs_x = 4, .ofs_y = -1},
    {.bitmap_index = 19621, .adv_w = 549, .box_w = 26, .box_h = 27, .ofs_x = 4, .ofs_y = 8},
    {.bitmap_index = 19709, .adv_w = 750, .box_w = 39, .box_h = 47, .ofs_x = 4, .ofs_y = -2},
    {.bitmap_index = 19939, .adv_w = 702, .box_w = 33, .box_h = 58, .ofs_x = 5, .ofs_y = -1},
    {.bitmap_index = 20179, .adv_w = 702, .box_w = 33, .box_h = 58, .ofs_x = 5, .ofs_y = -1},
    {.bitmap_index = 20419, .adv_w = 702, .box_w = 33, .box_h = 58, .ofs_x = 5, .ofs_y = -1},
    {.bitmap_index = 20659, .adv_w = 702, .box_w = 33, .box_h = 56, .ofs_x = 5, .ofs_y = -1},
    {.bitmap_index = 20890, .adv_w = 543, .box_w = 34, .box_h = 57, .ofs_x = 0, .ofs_y = 0},
    {.bitmap_index = 21133, .adv_w = 581, .box_w = 27, .box_h = 43, .ofs_x = 6, .ofs_y = 0},
    {.bitmap_index = 21279, .adv_w = 606, .box_w = 30, .box_h = 47, .ofs_x = 5, .ofs_y = -1},
    {.bitmap_index = 21456, .adv_w = 539, .box_w = 26, .box_h = 48, .ofs_x = 3, .ofs_y = -1},
    {.bitmap_index = 21612, .adv_w = 539, .box_w = 26, .box_h = 48, .ofs_x = 3, .ofs_y = -1},
    {.bitmap_index = 21768, .adv_w = 539, .box_w = 26, .box_h = 48, .ofs_x = 3, .ofs_y = -1},
    {.bitmap_index = 21924, .adv_w = 539, .box_w = 26, .box_h = 45, .ofs_x = 3, .ofs_y = -1},
    {.bitmap_index = 22071, .adv_w = 539, .box_w = 26, .box_h = 45, .ofs_x = 3, .ofs_y = -1},
    {.bitmap_index = 22218, .adv_w = 539, .box_w = 26, .box_h = 50, .ofs_x = 3, .ofs_y = -1},
    {.bitmap_index = 22381, .adv_w = 829, .box_w = 46, .box_h = 34, .ofs_x = 3, .ofs_y = -1},
    {.bitmap_index = 22577, .adv_w = 461, .box_w = 24, .box_h = 47, .ofs_x = 3, .ofs_y = -14},
    {.bitmap_index = 22718, .adv_w = 541, .box_w = 27, .box_h = 48, .ofs_x = 3, .ofs_y = -1},
    {.bitmap_index = 22880, .adv_w = 541, .box_w = 27, .box_h = 48, .ofs_x = 3, .ofs_y = -1},
    {.bitmap_index = 23042, .adv_w = 541, .box_w = 27, .box_h = 48, .ofs_x = 3, .ofs_y = -1},
    {.bitmap_index = 23204, .adv_w = 541, .box_w = 27, .box_h = 45, .ofs_x = 3, .ofs_y = -1},
    {.bitmap_index = 23356, .adv_w = 248, .box_w = 12, .box_h = 47, .ofs_x = 0, .ofs_y = 0},
    {.bitmap_index = 23427, .adv_w = 248, .box_w = 13, .box_h = 47, .ofs_x = 4, .ofs_y = 0},
    {.bitmap_index = 23504, .adv_w = 248, .box_w = 20, .box_h = 47, .ofs_x = -2, .ofs_y = 0},
    {.bitmap_index = 23622, .adv_w = 248, .box_w = 17, .box_h = 44, .ofs_x = -1, .ofs_y = 0},
    {.bitmap_index = 23716, .adv_w = 581, .box_w = 30, .box_h = 48, .ofs_x = 3, .ofs_y = -1},
    {.bitmap_index = 23896, .adv_w = 593, .box_w = 27, .box_h = 44, .ofs_x = 5, .ofs_y = 0},
    {.bitmap_index = 24045, .adv_w = 581, .box_w = 30, .box_h = 48, .ofs_x = 3, .ofs_y = -1},
    {.bitmap_index = 24225, .adv_w = 581, .box_w = 30, .box_h = 48, .ofs_x = 3, .ofs_y = -1},
    {.bitmap_index = 24405, .adv_w = 581, .box_w = 30, .box_h = 48, .ofs_x = 3, .ofs_y = -1},
    {.bitmap_index = 24585, .adv_w = 581, .box_w = 30, .box_h = 45, .ofs_x = 3, .ofs_y = -1},
    {.bitmap_index = 24754, .adv_w = 581, .box_w = 30, .box_h = 45, .ofs_x = 3, .ofs_y = -1},
    {.bitmap_index = 24923, .adv_w = 549, .box_w = 28, .box_h = 28, .ofs_x = 3, .ofs_y = 7},
    {.bitmap_index = 25021, .adv_w = 581, .box_w = 30, .box_h = 36, .ofs_x = 3, .ofs_y = -2},
    {.bitmap_index = 25156, .adv_w = 593, .box_w = 27, .box_h = 48, .ofs_x = 5, .ofs_y = -1},
    {.bitmap_index = 25318, .adv_w = 593, .box_w = 27, .box_h = 48, .ofs_x = 5, .ofs_y = -1},
    {.bitmap_index = 25480, .adv_w = 593, .box_w = 27, .box_h = 48, .ofs_x = 5, .ofs_y = -1},
    {.bitmap_index = 25642, .adv_w = 593, .box_w = 27, .box_h = 45, .ofs_x = 5, .ofs_y = -1},
    {.bitmap_index = 25794, .adv_w = 490, .box_w = 31, .box_h = 61, .ofs_x = 0, .ofs_y = -14},
    {.bitmap_index = 26031, .adv_w = 590, .box_w = 28, .box_h = 61, .ofs_x = 5, .ofs_y = -14},
    {.bitmap_index = 26245, .adv_w = 490, .box_w = 31, .box_h = 58, .ofs_x = 0, .ofs_y = -14},
    {.bitmap_index = 26470, .adv_w = 891, .box_w = 49, .box_h = 45, .ofs_x = 4, .ofs_y = -1},
    {.bitmap_index = 26746, .adv_w = 908, .box_w = 50, .box_h = 34, .ofs_x = 3, .ofs_y = -1},
    {.bitmap_index = 26959, .adv_w = 527, .box_w = 27, .box_h = 58, .ofs_x = 3, .ofs_y = -1},
    {.bitmap_index = 27155, .adv_w = 460, .box_w = 23, .box_h = 48, .ofs_x = 3, .ofs_y = -1},
    {.bitmap_index = 27293, .adv_w = 543, .box_w = 35, .box_h = 55, .ofs_x = 0, .ofs_y = 0},
    {.bitmap_index = 27534, .adv_w = 549, .box_w = 32, .box_h = 45, .ofs_x = 1, .ofs_y = -1}
};

/*---------------------
 *  CHARACTER MAPPING
 *--------------------*/

static const uint8_t glyph_id_ofs_list_1[] = {
    0, 1, 2, 3, 0, 4, 0, 5
};

static const uint16_t unicode_list_4[] = {
    0x0, 0x1, 0xe, 0xf, 0x26, 0x1f5a
};

/*Collect the unicode lists and glyph_id offsets*/
static const lv_font_fmt_txt_cmap_t cmaps[] =
{
    {
        .range_start = 32, .range_length = 95, .glyph_id_start = 1,
        .unicode_list = NULL, .glyph_id_ofs_list = NULL, .list_length = 0, .type = LV_FONT_FMT_TXT_CMAP_FORMAT0_TINY
    },
    {
        .range_start = 160, .range_length = 8, .glyph_id_start = 96,
        .unicode_list = NULL, .glyph_id_ofs_list = glyph_id_ofs_list_1, .list_length = 8, .type = LV_FONT_FMT_TXT_CMAP_FORMAT0_FULL
    },
    {
        .range_start = 169, .range_length = 19, .glyph_id_start = 102,
        .unicode_list = NULL, .glyph_id_ofs_list = NULL, .list_length = 0, .type = LV_FONT_FMT_TXT_CMAP_FORMAT0_TINY
    },
    {
        .range_start = 192, .range_length = 64, .glyph_id_start = 121,
        .unicode_list = NULL, .glyph_id_ofs_list = NULL, .list_length = 0, .type = LV_FONT_FMT_TXT_CMAP_FORMAT0_TINY
    },
    {
        .range_start = 338, .range_length = 8027, .glyph_id_start = 185,
        .unicode_list = unicode_list_4, .glyph_id_ofs_list = NULL, .list_length = 6, .type = LV_FONT_FMT_TXT_CMAP_SPARSE_TINY
    }
};



/*--------------------
 *  ALL CUSTOM DATA
 *--------------------*/

#if LVGL_VERSION_MAJOR == 8
/*Store all the custom data of the font*/
static  lv_font_fmt_txt_glyph_cache_t cache;
#endif

#if LVGL_VERSION_MAJOR >= 8
static const lv_font_fmt_txt_dsc_t font_dsc = {
#else
static lv_font_fmt_txt_dsc_t font_dsc = {
#endif
    .glyph_bitmap = glyph_bitmap,
    .glyph_dsc = glyph_dsc,
    .cmaps = cmaps,
    .kern_dsc = NULL,
    .kern_scale = 0,
    .cmap_num = 5,
    .bpp = 1,
    .kern_classes = 0,
    .bitmap_format = 0,
#if LVGL_VERSION_MAJOR == 8
    .cache = &cache
#endif

};



/*-----------------
 *  PUBLIC FONT
 *----------------*/

/*Initialize a public general font descriptor*/
#if LVGL_VERSION_MAJOR >= 8
const lv_font_t NotoSans_Regular_60_CP_1252_ISO_8859_1_15 = {
#else
lv_font_t NotoSans_Regular_60_CP_1252_ISO_8859_1_15 = {
#endif
    .get_glyph_dsc = lv_font_get_glyph_dsc_fmt_txt,    /*Function pointer to get glyph's data*/
    .get_glyph_bitmap = lv_font_get_bitmap_fmt_txt,    /*Function pointer to get glyph's bitmap*/
    .line_height = 71,          /*The maximum line height required by the font*/
    .base_line = 14,             /*Baseline measured from the bottom of the line*/
#if !(LVGL_VERSION_MAJOR == 6 && LVGL_VERSION_MINOR == 0)
    .subpx = LV_FONT_SUBPX_NONE,
#endif
#if LV_VERSION_CHECK(7, 4, 0) || LVGL_VERSION_MAJOR >= 8
    .underline_position = -6,
    .underline_thickness = 3,
#endif
    .static_bitmap = 0,
    .dsc = &font_dsc,          /*The custom font data. Will be accessed by `get_glyph_bitmap/dsc` */
#if LV_VERSION_CHECK(8, 2, 0) || LVGL_VERSION_MAJOR >= 9
    .fallback = NULL,
#endif
    .user_data = NULL,
};



#endif /*#if NOTOSANS_REGULAR_60_CP_1252_ISO_8859_1_15*/
